#
# TABLE STRUCTURE FOR: communities
#
USE vk;

DROP TABLE IF EXISTS `communities`;

CREATE TABLE `communities` (
  `id` int(10) unsigned NOT NULL AUTO_INCREMENT,
  `name` varchar(150) COLLATE utf8_unicode_ci NOT NULL,
  `created_at` datetime DEFAULT current_timestamp(),
  PRIMARY KEY (`id`),
  UNIQUE KEY `name` (`name`)
) ENGINE=InnoDB AUTO_INCREMENT=51 DEFAULT CHARSET=utf8 COLLATE=utf8_unicode_ci;

INSERT INTO `communities` (`id`, `name`, `created_at`) VALUES (1, 'eveniet', '2010-03-26 00:08:08');
INSERT INTO `communities` (`id`, `name`, `created_at`) VALUES (2, 'sint', '2012-07-29 15:45:04');
INSERT INTO `communities` (`id`, `name`, `created_at`) VALUES (3, 'magni', '2011-11-14 21:49:39');
INSERT INTO `communities` (`id`, `name`, `created_at`) VALUES (4, 'voluptas', '2015-12-29 23:51:43');
INSERT INTO `communities` (`id`, `name`, `created_at`) VALUES (5, 'laborum', '2014-07-24 16:24:12');
INSERT INTO `communities` (`id`, `name`, `created_at`) VALUES (6, 'iure', '2012-11-18 11:39:08');
INSERT INTO `communities` (`id`, `name`, `created_at`) VALUES (7, 'quas', '2011-10-05 18:47:24');
INSERT INTO `communities` (`id`, `name`, `created_at`) VALUES (8, 'ducimus', '2018-04-07 23:58:35');
INSERT INTO `communities` (`id`, `name`, `created_at`) VALUES (9, 'perferendis', '2016-04-28 17:43:19');
INSERT INTO `communities` (`id`, `name`, `created_at`) VALUES (10, 'qui', '2017-06-06 08:07:10');
INSERT INTO `communities` (`id`, `name`, `created_at`) VALUES (11, 'officia', '2014-05-22 01:47:31');
INSERT INTO `communities` (`id`, `name`, `created_at`) VALUES (12, 'consectetur', '2017-03-09 03:50:43');
INSERT INTO `communities` (`id`, `name`, `created_at`) VALUES (13, 'in', '2010-06-28 07:40:42');
INSERT INTO `communities` (`id`, `name`, `created_at`) VALUES (14, 'maiores', '2016-01-07 16:14:21');
INSERT INTO `communities` (`id`, `name`, `created_at`) VALUES (15, 'animi', '2013-03-21 10:21:49');
INSERT INTO `communities` (`id`, `name`, `created_at`) VALUES (16, 'et', '2013-02-06 09:35:08');
INSERT INTO `communities` (`id`, `name`, `created_at`) VALUES (17, 'delectus', '2010-04-28 18:37:31');
INSERT INTO `communities` (`id`, `name`, `created_at`) VALUES (18, 'sit', '2018-01-10 17:35:07');
INSERT INTO `communities` (`id`, `name`, `created_at`) VALUES (19, 'natus', '2014-11-06 12:58:26');
INSERT INTO `communities` (`id`, `name`, `created_at`) VALUES (20, 'minus', '2015-07-25 11:29:18');
INSERT INTO `communities` (`id`, `name`, `created_at`) VALUES (21, 'ratione', '2013-02-07 04:28:00');
INSERT INTO `communities` (`id`, `name`, `created_at`) VALUES (22, 'expedita', '2014-10-20 07:58:31');
INSERT INTO `communities` (`id`, `name`, `created_at`) VALUES (23, 'velit', '2016-06-28 12:13:47');
INSERT INTO `communities` (`id`, `name`, `created_at`) VALUES (24, 'reiciendis', '2012-11-15 14:18:08');
INSERT INTO `communities` (`id`, `name`, `created_at`) VALUES (25, 'cupiditate', '2017-12-22 14:07:50');
INSERT INTO `communities` (`id`, `name`, `created_at`) VALUES (26, 'consequatur', '2016-01-20 13:28:33');
INSERT INTO `communities` (`id`, `name`, `created_at`) VALUES (27, 'illo', '2013-10-09 21:20:12');
INSERT INTO `communities` (`id`, `name`, `created_at`) VALUES (28, 'est', '2011-04-11 17:44:41');
INSERT INTO `communities` (`id`, `name`, `created_at`) VALUES (29, 'debitis', '2020-02-24 05:37:08');
INSERT INTO `communities` (`id`, `name`, `created_at`) VALUES (30, 'pariatur', '2019-06-16 22:41:10');
INSERT INTO `communities` (`id`, `name`, `created_at`) VALUES (31, 'eaque', '2019-09-16 12:23:08');
INSERT INTO `communities` (`id`, `name`, `created_at`) VALUES (32, 'architecto', '2017-03-12 15:12:39');
INSERT INTO `communities` (`id`, `name`, `created_at`) VALUES (33, 'blanditiis', '2012-04-21 17:01:06');
INSERT INTO `communities` (`id`, `name`, `created_at`) VALUES (34, 'totam', '2018-03-04 16:36:12');
INSERT INTO `communities` (`id`, `name`, `created_at`) VALUES (35, 'dicta', '2011-11-18 13:38:05');
INSERT INTO `communities` (`id`, `name`, `created_at`) VALUES (36, 'earum', '2010-03-22 14:20:28');
INSERT INTO `communities` (`id`, `name`, `created_at`) VALUES (37, 'harum', '2016-09-18 15:00:49');
INSERT INTO `communities` (`id`, `name`, `created_at`) VALUES (38, 'rerum', '2013-03-16 06:33:22');
INSERT INTO `communities` (`id`, `name`, `created_at`) VALUES (39, 'eos', '2012-01-25 19:19:18');
INSERT INTO `communities` (`id`, `name`, `created_at`) VALUES (40, 'quam', '2013-06-18 11:39:43');
INSERT INTO `communities` (`id`, `name`, `created_at`) VALUES (41, 'tenetur', '2018-08-10 15:55:53');
INSERT INTO `communities` (`id`, `name`, `created_at`) VALUES (42, 'dolorum', '2017-07-03 02:16:50');
INSERT INTO `communities` (`id`, `name`, `created_at`) VALUES (43, 'autem', '2019-10-05 04:30:20');
INSERT INTO `communities` (`id`, `name`, `created_at`) VALUES (44, 'quidem', '2020-01-14 07:25:16');
INSERT INTO `communities` (`id`, `name`, `created_at`) VALUES (45, 'quis', '2013-06-26 22:28:36');
INSERT INTO `communities` (`id`, `name`, `created_at`) VALUES (46, 'inventore', '2011-07-16 08:06:15');
INSERT INTO `communities` (`id`, `name`, `created_at`) VALUES (47, 'voluptatibus', '2011-01-06 21:27:46');
INSERT INTO `communities` (`id`, `name`, `created_at`) VALUES (48, 'accusantium', '2010-06-06 02:35:51');
INSERT INTO `communities` (`id`, `name`, `created_at`) VALUES (49, 'quia', '2010-08-23 00:13:36');
INSERT INTO `communities` (`id`, `name`, `created_at`) VALUES (50, 'nesciunt', '2018-12-17 12:07:19');


#
# TABLE STRUCTURE FOR: communities_users
#

DROP TABLE IF EXISTS `communities_users`;

CREATE TABLE `communities_users` (
  `community_id` int(10) unsigned NOT NULL,
  `user_id` int(10) unsigned NOT NULL,
  PRIMARY KEY (`community_id`,`user_id`)
) ENGINE=InnoDB DEFAULT CHARSET=utf8 COLLATE=utf8_unicode_ci;

INSERT INTO `communities_users` (`community_id`, `user_id`) VALUES (1, 1);
INSERT INTO `communities_users` (`community_id`, `user_id`) VALUES (1, 51);
INSERT INTO `communities_users` (`community_id`, `user_id`) VALUES (2, 2);
INSERT INTO `communities_users` (`community_id`, `user_id`) VALUES (2, 52);
INSERT INTO `communities_users` (`community_id`, `user_id`) VALUES (3, 3);
INSERT INTO `communities_users` (`community_id`, `user_id`) VALUES (3, 53);
INSERT INTO `communities_users` (`community_id`, `user_id`) VALUES (4, 4);
INSERT INTO `communities_users` (`community_id`, `user_id`) VALUES (4, 54);
INSERT INTO `communities_users` (`community_id`, `user_id`) VALUES (5, 5);
INSERT INTO `communities_users` (`community_id`, `user_id`) VALUES (5, 55);
INSERT INTO `communities_users` (`community_id`, `user_id`) VALUES (6, 6);
INSERT INTO `communities_users` (`community_id`, `user_id`) VALUES (6, 56);
INSERT INTO `communities_users` (`community_id`, `user_id`) VALUES (7, 7);
INSERT INTO `communities_users` (`community_id`, `user_id`) VALUES (7, 57);
INSERT INTO `communities_users` (`community_id`, `user_id`) VALUES (8, 8);
INSERT INTO `communities_users` (`community_id`, `user_id`) VALUES (8, 58);
INSERT INTO `communities_users` (`community_id`, `user_id`) VALUES (9, 9);
INSERT INTO `communities_users` (`community_id`, `user_id`) VALUES (9, 59);
INSERT INTO `communities_users` (`community_id`, `user_id`) VALUES (10, 10);
INSERT INTO `communities_users` (`community_id`, `user_id`) VALUES (10, 60);
INSERT INTO `communities_users` (`community_id`, `user_id`) VALUES (11, 11);
INSERT INTO `communities_users` (`community_id`, `user_id`) VALUES (11, 61);
INSERT INTO `communities_users` (`community_id`, `user_id`) VALUES (12, 12);
INSERT INTO `communities_users` (`community_id`, `user_id`) VALUES (12, 62);
INSERT INTO `communities_users` (`community_id`, `user_id`) VALUES (13, 13);
INSERT INTO `communities_users` (`community_id`, `user_id`) VALUES (13, 63);
INSERT INTO `communities_users` (`community_id`, `user_id`) VALUES (14, 14);
INSERT INTO `communities_users` (`community_id`, `user_id`) VALUES (14, 64);
INSERT INTO `communities_users` (`community_id`, `user_id`) VALUES (15, 15);
INSERT INTO `communities_users` (`community_id`, `user_id`) VALUES (15, 65);
INSERT INTO `communities_users` (`community_id`, `user_id`) VALUES (16, 16);
INSERT INTO `communities_users` (`community_id`, `user_id`) VALUES (16, 66);
INSERT INTO `communities_users` (`community_id`, `user_id`) VALUES (17, 17);
INSERT INTO `communities_users` (`community_id`, `user_id`) VALUES (17, 67);
INSERT INTO `communities_users` (`community_id`, `user_id`) VALUES (18, 18);
INSERT INTO `communities_users` (`community_id`, `user_id`) VALUES (18, 68);
INSERT INTO `communities_users` (`community_id`, `user_id`) VALUES (19, 19);
INSERT INTO `communities_users` (`community_id`, `user_id`) VALUES (19, 69);
INSERT INTO `communities_users` (`community_id`, `user_id`) VALUES (20, 20);
INSERT INTO `communities_users` (`community_id`, `user_id`) VALUES (20, 70);
INSERT INTO `communities_users` (`community_id`, `user_id`) VALUES (21, 21);
INSERT INTO `communities_users` (`community_id`, `user_id`) VALUES (21, 71);
INSERT INTO `communities_users` (`community_id`, `user_id`) VALUES (22, 22);
INSERT INTO `communities_users` (`community_id`, `user_id`) VALUES (22, 72);
INSERT INTO `communities_users` (`community_id`, `user_id`) VALUES (23, 23);
INSERT INTO `communities_users` (`community_id`, `user_id`) VALUES (23, 73);
INSERT INTO `communities_users` (`community_id`, `user_id`) VALUES (24, 24);
INSERT INTO `communities_users` (`community_id`, `user_id`) VALUES (24, 74);
INSERT INTO `communities_users` (`community_id`, `user_id`) VALUES (25, 25);
INSERT INTO `communities_users` (`community_id`, `user_id`) VALUES (25, 75);
INSERT INTO `communities_users` (`community_id`, `user_id`) VALUES (26, 26);
INSERT INTO `communities_users` (`community_id`, `user_id`) VALUES (26, 76);
INSERT INTO `communities_users` (`community_id`, `user_id`) VALUES (27, 27);
INSERT INTO `communities_users` (`community_id`, `user_id`) VALUES (27, 77);
INSERT INTO `communities_users` (`community_id`, `user_id`) VALUES (28, 28);
INSERT INTO `communities_users` (`community_id`, `user_id`) VALUES (28, 78);
INSERT INTO `communities_users` (`community_id`, `user_id`) VALUES (29, 29);
INSERT INTO `communities_users` (`community_id`, `user_id`) VALUES (29, 79);
INSERT INTO `communities_users` (`community_id`, `user_id`) VALUES (30, 30);
INSERT INTO `communities_users` (`community_id`, `user_id`) VALUES (30, 80);
INSERT INTO `communities_users` (`community_id`, `user_id`) VALUES (31, 31);
INSERT INTO `communities_users` (`community_id`, `user_id`) VALUES (31, 81);
INSERT INTO `communities_users` (`community_id`, `user_id`) VALUES (32, 32);
INSERT INTO `communities_users` (`community_id`, `user_id`) VALUES (32, 82);
INSERT INTO `communities_users` (`community_id`, `user_id`) VALUES (33, 33);
INSERT INTO `communities_users` (`community_id`, `user_id`) VALUES (33, 83);
INSERT INTO `communities_users` (`community_id`, `user_id`) VALUES (34, 34);
INSERT INTO `communities_users` (`community_id`, `user_id`) VALUES (34, 84);
INSERT INTO `communities_users` (`community_id`, `user_id`) VALUES (35, 35);
INSERT INTO `communities_users` (`community_id`, `user_id`) VALUES (35, 85);
INSERT INTO `communities_users` (`community_id`, `user_id`) VALUES (36, 36);
INSERT INTO `communities_users` (`community_id`, `user_id`) VALUES (36, 86);
INSERT INTO `communities_users` (`community_id`, `user_id`) VALUES (37, 37);
INSERT INTO `communities_users` (`community_id`, `user_id`) VALUES (37, 87);
INSERT INTO `communities_users` (`community_id`, `user_id`) VALUES (38, 38);
INSERT INTO `communities_users` (`community_id`, `user_id`) VALUES (38, 88);
INSERT INTO `communities_users` (`community_id`, `user_id`) VALUES (39, 39);
INSERT INTO `communities_users` (`community_id`, `user_id`) VALUES (39, 89);
INSERT INTO `communities_users` (`community_id`, `user_id`) VALUES (40, 40);
INSERT INTO `communities_users` (`community_id`, `user_id`) VALUES (40, 90);
INSERT INTO `communities_users` (`community_id`, `user_id`) VALUES (41, 41);
INSERT INTO `communities_users` (`community_id`, `user_id`) VALUES (41, 91);
INSERT INTO `communities_users` (`community_id`, `user_id`) VALUES (42, 42);
INSERT INTO `communities_users` (`community_id`, `user_id`) VALUES (42, 92);
INSERT INTO `communities_users` (`community_id`, `user_id`) VALUES (43, 43);
INSERT INTO `communities_users` (`community_id`, `user_id`) VALUES (43, 93);
INSERT INTO `communities_users` (`community_id`, `user_id`) VALUES (44, 44);
INSERT INTO `communities_users` (`community_id`, `user_id`) VALUES (44, 94);
INSERT INTO `communities_users` (`community_id`, `user_id`) VALUES (45, 45);
INSERT INTO `communities_users` (`community_id`, `user_id`) VALUES (45, 95);
INSERT INTO `communities_users` (`community_id`, `user_id`) VALUES (46, 46);
INSERT INTO `communities_users` (`community_id`, `user_id`) VALUES (46, 96);
INSERT INTO `communities_users` (`community_id`, `user_id`) VALUES (47, 47);
INSERT INTO `communities_users` (`community_id`, `user_id`) VALUES (47, 97);
INSERT INTO `communities_users` (`community_id`, `user_id`) VALUES (48, 48);
INSERT INTO `communities_users` (`community_id`, `user_id`) VALUES (48, 98);
INSERT INTO `communities_users` (`community_id`, `user_id`) VALUES (49, 49);
INSERT INTO `communities_users` (`community_id`, `user_id`) VALUES (49, 99);
INSERT INTO `communities_users` (`community_id`, `user_id`) VALUES (50, 50);
INSERT INTO `communities_users` (`community_id`, `user_id`) VALUES (50, 100);


#
# TABLE STRUCTURE FOR: friendship
#

DROP TABLE IF EXISTS `friendship`;

CREATE TABLE `friendship` (
  `user_id` int(10) unsigned NOT NULL,
  `friend_id` int(10) unsigned NOT NULL,
  `status_id` int(10) unsigned NOT NULL,
  `requested_at` datetime DEFAULT current_timestamp(),
  `confirmed_at` datetime DEFAULT NULL,
  PRIMARY KEY (`user_id`,`friend_id`)
) ENGINE=InnoDB DEFAULT CHARSET=utf8 COLLATE=utf8_unicode_ci;

INSERT INTO `friendship` (`user_id`, `friend_id`, `status_id`, `requested_at`, `confirmed_at`) VALUES (1, 1, 1, '2014-01-19 08:34:23', '2019-12-31 21:01:04');
INSERT INTO `friendship` (`user_id`, `friend_id`, `status_id`, `requested_at`, `confirmed_at`) VALUES (2, 2, 2, '2014-11-22 07:54:08', '2011-12-21 08:11:34');
INSERT INTO `friendship` (`user_id`, `friend_id`, `status_id`, `requested_at`, `confirmed_at`) VALUES (3, 3, 1, '2010-05-01 03:20:56', '2016-02-23 16:50:07');
INSERT INTO `friendship` (`user_id`, `friend_id`, `status_id`, `requested_at`, `confirmed_at`) VALUES (4, 4, 2, '2013-05-14 08:53:35', '2016-02-17 18:22:11');
INSERT INTO `friendship` (`user_id`, `friend_id`, `status_id`, `requested_at`, `confirmed_at`) VALUES (5, 5, 1, '2016-05-11 10:05:16', '2010-06-08 13:21:28');
INSERT INTO `friendship` (`user_id`, `friend_id`, `status_id`, `requested_at`, `confirmed_at`) VALUES (6, 6, 2, '2011-12-01 15:02:35', '2010-08-15 17:53:25');
INSERT INTO `friendship` (`user_id`, `friend_id`, `status_id`, `requested_at`, `confirmed_at`) VALUES (7, 7, 1, '2014-10-20 03:32:05', '2017-09-24 10:30:55');
INSERT INTO `friendship` (`user_id`, `friend_id`, `status_id`, `requested_at`, `confirmed_at`) VALUES (8, 8, 2, '2016-11-04 10:10:29', '2020-01-16 01:00:36');
INSERT INTO `friendship` (`user_id`, `friend_id`, `status_id`, `requested_at`, `confirmed_at`) VALUES (9, 9, 1, '2010-03-20 13:16:30', '2010-03-08 22:05:48');
INSERT INTO `friendship` (`user_id`, `friend_id`, `status_id`, `requested_at`, `confirmed_at`) VALUES (10, 10, 2, '2018-04-27 16:28:13', '2015-07-10 15:37:03');
INSERT INTO `friendship` (`user_id`, `friend_id`, `status_id`, `requested_at`, `confirmed_at`) VALUES (11, 11, 1, '2020-02-26 17:08:39', '2013-06-20 21:51:35');
INSERT INTO `friendship` (`user_id`, `friend_id`, `status_id`, `requested_at`, `confirmed_at`) VALUES (12, 12, 2, '2018-07-08 15:39:48', '2015-08-10 03:36:15');
INSERT INTO `friendship` (`user_id`, `friend_id`, `status_id`, `requested_at`, `confirmed_at`) VALUES (13, 13, 1, '2018-11-21 21:26:00', '2017-10-11 01:37:50');
INSERT INTO `friendship` (`user_id`, `friend_id`, `status_id`, `requested_at`, `confirmed_at`) VALUES (14, 14, 2, '2015-09-21 06:41:28', '2017-05-22 08:50:27');
INSERT INTO `friendship` (`user_id`, `friend_id`, `status_id`, `requested_at`, `confirmed_at`) VALUES (15, 15, 1, '2016-12-28 05:44:24', '2016-09-16 08:12:22');
INSERT INTO `friendship` (`user_id`, `friend_id`, `status_id`, `requested_at`, `confirmed_at`) VALUES (16, 16, 2, '2019-10-01 10:45:04', '2011-07-14 14:05:02');
INSERT INTO `friendship` (`user_id`, `friend_id`, `status_id`, `requested_at`, `confirmed_at`) VALUES (17, 17, 1, '2011-04-10 11:59:08', '2016-09-04 05:33:23');
INSERT INTO `friendship` (`user_id`, `friend_id`, `status_id`, `requested_at`, `confirmed_at`) VALUES (18, 18, 2, '2017-02-25 00:54:10', '2013-09-04 20:12:29');
INSERT INTO `friendship` (`user_id`, `friend_id`, `status_id`, `requested_at`, `confirmed_at`) VALUES (19, 19, 1, '2011-08-30 05:55:00', '2019-09-02 16:57:01');
INSERT INTO `friendship` (`user_id`, `friend_id`, `status_id`, `requested_at`, `confirmed_at`) VALUES (20, 20, 2, '2017-05-28 23:38:31', '2017-03-12 10:24:52');
INSERT INTO `friendship` (`user_id`, `friend_id`, `status_id`, `requested_at`, `confirmed_at`) VALUES (21, 21, 1, '2010-04-09 20:04:20', '2012-01-04 13:47:15');
INSERT INTO `friendship` (`user_id`, `friend_id`, `status_id`, `requested_at`, `confirmed_at`) VALUES (22, 22, 2, '2017-03-09 05:17:43', '2019-07-28 17:47:19');
INSERT INTO `friendship` (`user_id`, `friend_id`, `status_id`, `requested_at`, `confirmed_at`) VALUES (23, 23, 1, '2016-03-09 04:23:25', '2013-10-13 12:34:44');
INSERT INTO `friendship` (`user_id`, `friend_id`, `status_id`, `requested_at`, `confirmed_at`) VALUES (24, 24, 2, '2010-04-01 22:06:17', '2010-12-23 14:53:03');
INSERT INTO `friendship` (`user_id`, `friend_id`, `status_id`, `requested_at`, `confirmed_at`) VALUES (25, 25, 1, '2013-09-18 20:16:34', '2017-07-17 20:34:47');
INSERT INTO `friendship` (`user_id`, `friend_id`, `status_id`, `requested_at`, `confirmed_at`) VALUES (26, 26, 2, '2011-04-02 12:21:55', '2016-08-30 02:03:20');
INSERT INTO `friendship` (`user_id`, `friend_id`, `status_id`, `requested_at`, `confirmed_at`) VALUES (27, 27, 1, '2019-08-22 03:50:18', '2019-03-28 21:57:20');
INSERT INTO `friendship` (`user_id`, `friend_id`, `status_id`, `requested_at`, `confirmed_at`) VALUES (28, 28, 2, '2011-04-20 06:35:10', '2020-01-17 10:26:48');
INSERT INTO `friendship` (`user_id`, `friend_id`, `status_id`, `requested_at`, `confirmed_at`) VALUES (29, 29, 1, '2017-05-07 17:26:31', '2012-12-18 19:37:28');
INSERT INTO `friendship` (`user_id`, `friend_id`, `status_id`, `requested_at`, `confirmed_at`) VALUES (30, 30, 2, '2016-09-22 15:15:35', '2011-12-11 09:30:14');
INSERT INTO `friendship` (`user_id`, `friend_id`, `status_id`, `requested_at`, `confirmed_at`) VALUES (31, 31, 1, '2010-02-28 23:21:25', '2014-01-04 03:19:44');
INSERT INTO `friendship` (`user_id`, `friend_id`, `status_id`, `requested_at`, `confirmed_at`) VALUES (32, 32, 2, '2010-05-07 13:44:57', '2013-05-05 18:33:13');
INSERT INTO `friendship` (`user_id`, `friend_id`, `status_id`, `requested_at`, `confirmed_at`) VALUES (33, 33, 1, '2017-10-25 03:44:57', '2017-04-18 17:36:47');
INSERT INTO `friendship` (`user_id`, `friend_id`, `status_id`, `requested_at`, `confirmed_at`) VALUES (34, 34, 2, '2014-07-06 19:40:36', '2012-05-25 01:00:50');
INSERT INTO `friendship` (`user_id`, `friend_id`, `status_id`, `requested_at`, `confirmed_at`) VALUES (35, 35, 1, '2013-02-16 07:50:15', '2013-10-17 00:57:46');
INSERT INTO `friendship` (`user_id`, `friend_id`, `status_id`, `requested_at`, `confirmed_at`) VALUES (36, 36, 2, '2014-02-28 23:08:32', '2018-11-16 18:45:59');
INSERT INTO `friendship` (`user_id`, `friend_id`, `status_id`, `requested_at`, `confirmed_at`) VALUES (37, 37, 1, '2015-03-30 15:51:57', '2011-03-16 15:38:50');
INSERT INTO `friendship` (`user_id`, `friend_id`, `status_id`, `requested_at`, `confirmed_at`) VALUES (38, 38, 2, '2013-01-31 23:03:05', '2018-04-13 19:30:09');
INSERT INTO `friendship` (`user_id`, `friend_id`, `status_id`, `requested_at`, `confirmed_at`) VALUES (39, 39, 1, '2012-04-12 11:42:30', '2016-12-18 06:54:02');
INSERT INTO `friendship` (`user_id`, `friend_id`, `status_id`, `requested_at`, `confirmed_at`) VALUES (40, 40, 2, '2010-11-15 12:23:31', '2016-05-24 13:59:25');
INSERT INTO `friendship` (`user_id`, `friend_id`, `status_id`, `requested_at`, `confirmed_at`) VALUES (41, 41, 1, '2018-04-28 01:50:59', '2016-12-13 17:08:17');
INSERT INTO `friendship` (`user_id`, `friend_id`, `status_id`, `requested_at`, `confirmed_at`) VALUES (42, 42, 2, '2017-02-05 10:18:07', '2014-07-25 11:45:40');
INSERT INTO `friendship` (`user_id`, `friend_id`, `status_id`, `requested_at`, `confirmed_at`) VALUES (43, 43, 1, '2015-06-04 01:17:31', '2011-06-13 19:05:19');
INSERT INTO `friendship` (`user_id`, `friend_id`, `status_id`, `requested_at`, `confirmed_at`) VALUES (44, 44, 2, '2014-01-06 04:55:18', '2013-01-14 13:19:36');
INSERT INTO `friendship` (`user_id`, `friend_id`, `status_id`, `requested_at`, `confirmed_at`) VALUES (45, 45, 1, '2013-01-25 04:21:04', '2017-12-18 23:02:15');
INSERT INTO `friendship` (`user_id`, `friend_id`, `status_id`, `requested_at`, `confirmed_at`) VALUES (46, 46, 2, '2013-01-20 20:56:19', '2015-10-07 07:04:34');
INSERT INTO `friendship` (`user_id`, `friend_id`, `status_id`, `requested_at`, `confirmed_at`) VALUES (47, 47, 1, '2012-06-11 12:37:41', '2015-01-28 12:17:42');
INSERT INTO `friendship` (`user_id`, `friend_id`, `status_id`, `requested_at`, `confirmed_at`) VALUES (48, 48, 2, '2014-01-15 20:52:57', '2012-06-02 04:13:05');
INSERT INTO `friendship` (`user_id`, `friend_id`, `status_id`, `requested_at`, `confirmed_at`) VALUES (49, 49, 1, '2014-05-27 16:07:09', '2010-08-06 16:58:48');
INSERT INTO `friendship` (`user_id`, `friend_id`, `status_id`, `requested_at`, `confirmed_at`) VALUES (50, 50, 2, '2017-04-29 09:12:25', '2016-05-23 19:07:46');
INSERT INTO `friendship` (`user_id`, `friend_id`, `status_id`, `requested_at`, `confirmed_at`) VALUES (51, 51, 1, '2018-05-16 22:07:18', '2014-05-16 21:36:47');
INSERT INTO `friendship` (`user_id`, `friend_id`, `status_id`, `requested_at`, `confirmed_at`) VALUES (52, 52, 2, '2015-04-02 23:24:53', '2017-05-03 04:40:53');
INSERT INTO `friendship` (`user_id`, `friend_id`, `status_id`, `requested_at`, `confirmed_at`) VALUES (53, 53, 1, '2015-12-22 12:28:13', '2012-04-19 20:34:26');
INSERT INTO `friendship` (`user_id`, `friend_id`, `status_id`, `requested_at`, `confirmed_at`) VALUES (54, 54, 2, '2015-10-07 03:10:22', '2016-08-14 01:25:09');
INSERT INTO `friendship` (`user_id`, `friend_id`, `status_id`, `requested_at`, `confirmed_at`) VALUES (55, 55, 1, '2011-12-19 20:33:33', '2018-04-14 14:12:28');
INSERT INTO `friendship` (`user_id`, `friend_id`, `status_id`, `requested_at`, `confirmed_at`) VALUES (56, 56, 2, '2015-07-18 20:21:37', '2019-12-20 03:05:34');
INSERT INTO `friendship` (`user_id`, `friend_id`, `status_id`, `requested_at`, `confirmed_at`) VALUES (57, 57, 1, '2019-07-30 15:15:02', '2013-03-13 06:49:05');
INSERT INTO `friendship` (`user_id`, `friend_id`, `status_id`, `requested_at`, `confirmed_at`) VALUES (58, 58, 2, '2016-06-21 20:28:47', '2010-10-15 22:58:35');
INSERT INTO `friendship` (`user_id`, `friend_id`, `status_id`, `requested_at`, `confirmed_at`) VALUES (59, 59, 1, '2011-03-01 20:56:19', '2020-02-04 22:37:10');
INSERT INTO `friendship` (`user_id`, `friend_id`, `status_id`, `requested_at`, `confirmed_at`) VALUES (60, 60, 2, '2015-01-04 03:53:22', '2018-12-05 12:14:14');
INSERT INTO `friendship` (`user_id`, `friend_id`, `status_id`, `requested_at`, `confirmed_at`) VALUES (61, 61, 1, '2010-06-28 06:23:24', '2014-04-16 16:34:31');
INSERT INTO `friendship` (`user_id`, `friend_id`, `status_id`, `requested_at`, `confirmed_at`) VALUES (62, 62, 2, '2016-11-27 20:36:38', '2016-09-01 05:18:26');
INSERT INTO `friendship` (`user_id`, `friend_id`, `status_id`, `requested_at`, `confirmed_at`) VALUES (63, 63, 1, '2019-11-13 09:53:53', '2017-08-19 04:41:19');
INSERT INTO `friendship` (`user_id`, `friend_id`, `status_id`, `requested_at`, `confirmed_at`) VALUES (64, 64, 2, '2017-12-07 06:17:29', '2011-08-10 12:26:38');
INSERT INTO `friendship` (`user_id`, `friend_id`, `status_id`, `requested_at`, `confirmed_at`) VALUES (65, 65, 1, '2019-08-12 15:32:10', '2010-04-04 08:48:29');
INSERT INTO `friendship` (`user_id`, `friend_id`, `status_id`, `requested_at`, `confirmed_at`) VALUES (66, 66, 2, '2018-04-11 23:05:12', '2014-06-02 09:47:20');
INSERT INTO `friendship` (`user_id`, `friend_id`, `status_id`, `requested_at`, `confirmed_at`) VALUES (67, 67, 1, '2018-01-05 21:04:42', '2012-06-05 17:37:58');
INSERT INTO `friendship` (`user_id`, `friend_id`, `status_id`, `requested_at`, `confirmed_at`) VALUES (68, 68, 2, '2015-01-27 04:27:00', '2018-08-02 04:00:28');
INSERT INTO `friendship` (`user_id`, `friend_id`, `status_id`, `requested_at`, `confirmed_at`) VALUES (69, 69, 1, '2013-04-05 16:10:57', '2017-09-14 21:05:13');
INSERT INTO `friendship` (`user_id`, `friend_id`, `status_id`, `requested_at`, `confirmed_at`) VALUES (70, 70, 2, '2018-06-25 07:23:56', '2018-11-13 16:42:36');
INSERT INTO `friendship` (`user_id`, `friend_id`, `status_id`, `requested_at`, `confirmed_at`) VALUES (71, 71, 1, '2016-01-09 10:23:35', '2013-02-15 23:59:49');
INSERT INTO `friendship` (`user_id`, `friend_id`, `status_id`, `requested_at`, `confirmed_at`) VALUES (72, 72, 2, '2019-02-27 08:18:21', '2014-04-22 08:32:48');
INSERT INTO `friendship` (`user_id`, `friend_id`, `status_id`, `requested_at`, `confirmed_at`) VALUES (73, 73, 1, '2016-01-06 02:20:09', '2015-09-15 10:27:27');
INSERT INTO `friendship` (`user_id`, `friend_id`, `status_id`, `requested_at`, `confirmed_at`) VALUES (74, 74, 2, '2017-02-16 10:34:42', '2012-10-20 22:07:20');
INSERT INTO `friendship` (`user_id`, `friend_id`, `status_id`, `requested_at`, `confirmed_at`) VALUES (75, 75, 1, '2014-09-09 08:36:48', '2016-03-12 05:22:12');
INSERT INTO `friendship` (`user_id`, `friend_id`, `status_id`, `requested_at`, `confirmed_at`) VALUES (76, 76, 2, '2019-02-24 07:57:52', '2016-12-02 08:29:38');
INSERT INTO `friendship` (`user_id`, `friend_id`, `status_id`, `requested_at`, `confirmed_at`) VALUES (77, 77, 1, '2016-11-21 06:46:28', '2012-03-25 19:30:06');
INSERT INTO `friendship` (`user_id`, `friend_id`, `status_id`, `requested_at`, `confirmed_at`) VALUES (78, 78, 2, '2011-02-08 04:52:21', '2014-10-29 16:28:50');
INSERT INTO `friendship` (`user_id`, `friend_id`, `status_id`, `requested_at`, `confirmed_at`) VALUES (79, 79, 1, '2010-07-12 17:24:56', '2013-07-14 21:33:29');
INSERT INTO `friendship` (`user_id`, `friend_id`, `status_id`, `requested_at`, `confirmed_at`) VALUES (80, 80, 2, '2010-12-04 21:25:15', '2013-07-29 01:29:19');
INSERT INTO `friendship` (`user_id`, `friend_id`, `status_id`, `requested_at`, `confirmed_at`) VALUES (81, 81, 1, '2017-09-01 16:43:12', '2019-06-07 06:13:10');
INSERT INTO `friendship` (`user_id`, `friend_id`, `status_id`, `requested_at`, `confirmed_at`) VALUES (82, 82, 2, '2015-05-20 12:24:26', '2010-09-02 22:27:25');
INSERT INTO `friendship` (`user_id`, `friend_id`, `status_id`, `requested_at`, `confirmed_at`) VALUES (83, 83, 1, '2018-02-13 11:29:28', '2016-06-14 15:03:26');
INSERT INTO `friendship` (`user_id`, `friend_id`, `status_id`, `requested_at`, `confirmed_at`) VALUES (84, 84, 2, '2017-07-23 12:27:13', '2012-11-21 14:25:21');
INSERT INTO `friendship` (`user_id`, `friend_id`, `status_id`, `requested_at`, `confirmed_at`) VALUES (85, 85, 1, '2016-05-29 19:04:14', '2016-04-08 16:44:05');
INSERT INTO `friendship` (`user_id`, `friend_id`, `status_id`, `requested_at`, `confirmed_at`) VALUES (86, 86, 2, '2012-02-20 15:09:46', '2011-05-27 09:13:13');
INSERT INTO `friendship` (`user_id`, `friend_id`, `status_id`, `requested_at`, `confirmed_at`) VALUES (87, 87, 1, '2017-02-10 01:24:36', '2013-12-24 03:01:33');
INSERT INTO `friendship` (`user_id`, `friend_id`, `status_id`, `requested_at`, `confirmed_at`) VALUES (88, 88, 2, '2015-08-30 11:35:54', '2012-02-18 16:14:15');
INSERT INTO `friendship` (`user_id`, `friend_id`, `status_id`, `requested_at`, `confirmed_at`) VALUES (89, 89, 1, '2019-06-13 13:03:02', '2017-10-07 18:46:50');
INSERT INTO `friendship` (`user_id`, `friend_id`, `status_id`, `requested_at`, `confirmed_at`) VALUES (90, 90, 2, '2012-04-20 05:06:14', '2016-06-20 05:00:12');
INSERT INTO `friendship` (`user_id`, `friend_id`, `status_id`, `requested_at`, `confirmed_at`) VALUES (91, 91, 1, '2012-09-09 07:31:00', '2018-05-30 11:07:31');
INSERT INTO `friendship` (`user_id`, `friend_id`, `status_id`, `requested_at`, `confirmed_at`) VALUES (92, 92, 2, '2016-04-02 02:51:45', '2014-07-23 07:27:04');
INSERT INTO `friendship` (`user_id`, `friend_id`, `status_id`, `requested_at`, `confirmed_at`) VALUES (93, 93, 1, '2012-03-08 03:23:47', '2011-06-01 19:58:46');
INSERT INTO `friendship` (`user_id`, `friend_id`, `status_id`, `requested_at`, `confirmed_at`) VALUES (94, 94, 2, '2015-09-17 17:35:51', '2010-04-02 03:29:14');
INSERT INTO `friendship` (`user_id`, `friend_id`, `status_id`, `requested_at`, `confirmed_at`) VALUES (95, 95, 1, '2013-09-23 22:41:43', '2018-12-29 13:44:15');
INSERT INTO `friendship` (`user_id`, `friend_id`, `status_id`, `requested_at`, `confirmed_at`) VALUES (96, 96, 2, '2015-06-26 00:39:13', '2012-06-15 19:42:05');
INSERT INTO `friendship` (`user_id`, `friend_id`, `status_id`, `requested_at`, `confirmed_at`) VALUES (97, 97, 1, '2015-05-01 20:05:12', '2019-09-17 19:08:04');
INSERT INTO `friendship` (`user_id`, `friend_id`, `status_id`, `requested_at`, `confirmed_at`) VALUES (98, 98, 2, '2010-09-22 14:31:17', '2016-02-09 00:39:13');
INSERT INTO `friendship` (`user_id`, `friend_id`, `status_id`, `requested_at`, `confirmed_at`) VALUES (99, 99, 1, '2011-10-12 17:56:53', '2014-11-12 02:40:48');
INSERT INTO `friendship` (`user_id`, `friend_id`, `status_id`, `requested_at`, `confirmed_at`) VALUES (100, 100, 2, '2016-12-15 01:37:41', '2014-05-05 15:45:02');


#
# TABLE STRUCTURE FOR: friendship_statuses
#

DROP TABLE IF EXISTS `friendship_statuses`;

CREATE TABLE `friendship_statuses` (
  `id` int(10) unsigned NOT NULL AUTO_INCREMENT,
  `name` varchar(150) COLLATE utf8_unicode_ci NOT NULL,
  `created_at` datetime DEFAULT current_timestamp(),
  PRIMARY KEY (`id`),
  UNIQUE KEY `name` (`name`)
) ENGINE=InnoDB AUTO_INCREMENT=3 DEFAULT CHARSET=utf8 COLLATE=utf8_unicode_ci;

INSERT INTO `friendship_statuses` (`id`, `name`, `created_at`) VALUES (1, 'nisi', '2012-12-25 19:52:05');
INSERT INTO `friendship_statuses` (`id`, `name`, `created_at`) VALUES (2, 'quidem', '2010-03-09 00:45:21');


#
# TABLE STRUCTURE FOR: media
#

DROP TABLE IF EXISTS `media`;

CREATE TABLE `media` (
  `id` int(10) unsigned NOT NULL AUTO_INCREMENT,
  `media_type_id` int(10) unsigned NOT NULL,
  `user_id` int(10) unsigned NOT NULL,
  `filename` varchar(255) COLLATE utf8_unicode_ci NOT NULL,
  `size` int(11) NOT NULL,
  `metadata` longtext CHARACTER SET utf8mb4 COLLATE utf8mb4_bin DEFAULT NULL,
  `created_at` datetime DEFAULT current_timestamp(),
  `updated_at` datetime DEFAULT current_timestamp() ON UPDATE current_timestamp(),
  PRIMARY KEY (`id`)
) ENGINE=InnoDB AUTO_INCREMENT=101 DEFAULT CHARSET=utf8 COLLATE=utf8_unicode_ci;

INSERT INTO `media` (`id`, `media_type_id`, `user_id`, `filename`, `size`, `metadata`, `created_at`, `updated_at`) VALUES (1, 1, 1, 'cum', 12, NULL, '2018-06-25 13:42:39', '2015-03-19 14:26:32');
INSERT INTO `media` (`id`, `media_type_id`, `user_id`, `filename`, `size`, `metadata`, `created_at`, `updated_at`) VALUES (2, 2, 2, 'dolor', 620973, NULL, '2014-05-31 06:29:57', '2013-09-22 08:44:01');
INSERT INTO `media` (`id`, `media_type_id`, `user_id`, `filename`, `size`, `metadata`, `created_at`, `updated_at`) VALUES (3, 3, 3, 'qui', 43874634, NULL, '2015-05-15 14:24:48', '2017-10-06 01:24:43');
INSERT INTO `media` (`id`, `media_type_id`, `user_id`, `filename`, `size`, `metadata`, `created_at`, `updated_at`) VALUES (4, 4, 4, 'ipsum', 746127664, NULL, '2010-09-09 08:08:20', '2010-05-21 10:22:34');
INSERT INTO `media` (`id`, `media_type_id`, `user_id`, `filename`, `size`, `metadata`, `created_at`, `updated_at`) VALUES (5, 5, 5, 'praesentium', 976807, NULL, '2012-04-26 01:02:26', '2010-04-01 09:59:21');
INSERT INTO `media` (`id`, `media_type_id`, `user_id`, `filename`, `size`, `metadata`, `created_at`, `updated_at`) VALUES (6, 1, 6, 'at', 552, NULL, '2010-12-17 03:48:22', '2016-12-25 21:26:44');
INSERT INTO `media` (`id`, `media_type_id`, `user_id`, `filename`, `size`, `metadata`, `created_at`, `updated_at`) VALUES (7, 2, 7, 'sit', 310801, NULL, '2012-05-09 20:10:33', '2019-04-26 23:17:34');
INSERT INTO `media` (`id`, `media_type_id`, `user_id`, `filename`, `size`, `metadata`, `created_at`, `updated_at`) VALUES (8, 3, 8, 'eius', 7, NULL, '2019-04-05 20:20:41', '2015-06-12 04:43:45');
INSERT INTO `media` (`id`, `media_type_id`, `user_id`, `filename`, `size`, `metadata`, `created_at`, `updated_at`) VALUES (9, 4, 9, 'eum', 27079, NULL, '2010-09-04 07:36:28', '2013-08-06 17:00:09');
INSERT INTO `media` (`id`, `media_type_id`, `user_id`, `filename`, `size`, `metadata`, `created_at`, `updated_at`) VALUES (10, 5, 10, 'accusamus', 98571, NULL, '2013-03-11 15:51:29', '2015-12-16 22:18:10');
INSERT INTO `media` (`id`, `media_type_id`, `user_id`, `filename`, `size`, `metadata`, `created_at`, `updated_at`) VALUES (11, 1, 11, 'asperiores', 47841646, NULL, '2016-02-12 00:41:05', '2013-03-22 22:23:07');
INSERT INTO `media` (`id`, `media_type_id`, `user_id`, `filename`, `size`, `metadata`, `created_at`, `updated_at`) VALUES (12, 2, 12, 'atque', 2247, NULL, '2018-09-14 16:53:01', '2015-02-05 20:46:24');
INSERT INTO `media` (`id`, `media_type_id`, `user_id`, `filename`, `size`, `metadata`, `created_at`, `updated_at`) VALUES (13, 3, 13, 'sequi', 413008691, NULL, '2016-03-23 23:01:42', '2010-10-17 11:15:00');
INSERT INTO `media` (`id`, `media_type_id`, `user_id`, `filename`, `size`, `metadata`, `created_at`, `updated_at`) VALUES (14, 4, 14, 'maxime', 8728711, NULL, '2018-06-16 22:41:55', '2018-11-25 05:39:05');
INSERT INTO `media` (`id`, `media_type_id`, `user_id`, `filename`, `size`, `metadata`, `created_at`, `updated_at`) VALUES (15, 5, 15, 'culpa', 26042, NULL, '2018-11-05 01:18:58', '2012-07-22 04:32:42');
INSERT INTO `media` (`id`, `media_type_id`, `user_id`, `filename`, `size`, `metadata`, `created_at`, `updated_at`) VALUES (16, 1, 16, 'architecto', 5, NULL, '2014-02-06 12:09:46', '2010-04-03 20:10:56');
INSERT INTO `media` (`id`, `media_type_id`, `user_id`, `filename`, `size`, `metadata`, `created_at`, `updated_at`) VALUES (17, 2, 17, 'aut', 23692154, NULL, '2013-06-14 06:23:02', '2013-01-06 08:07:37');
INSERT INTO `media` (`id`, `media_type_id`, `user_id`, `filename`, `size`, `metadata`, `created_at`, `updated_at`) VALUES (18, 3, 18, 'vel', 40, NULL, '2014-09-12 05:41:03', '2016-12-04 11:28:04');
INSERT INTO `media` (`id`, `media_type_id`, `user_id`, `filename`, `size`, `metadata`, `created_at`, `updated_at`) VALUES (19, 4, 19, 'tempora', 3838756, NULL, '2016-07-18 14:43:01', '2018-12-18 13:11:36');
INSERT INTO `media` (`id`, `media_type_id`, `user_id`, `filename`, `size`, `metadata`, `created_at`, `updated_at`) VALUES (20, 5, 20, 'et', 1354, NULL, '2016-06-25 06:42:23', '2013-08-06 06:58:05');
INSERT INTO `media` (`id`, `media_type_id`, `user_id`, `filename`, `size`, `metadata`, `created_at`, `updated_at`) VALUES (21, 1, 21, 'tempore', 3041457, NULL, '2014-10-19 17:30:26', '2012-04-07 06:41:55');
INSERT INTO `media` (`id`, `media_type_id`, `user_id`, `filename`, `size`, `metadata`, `created_at`, `updated_at`) VALUES (22, 2, 22, 'facere', 166, NULL, '2011-09-15 13:37:25', '2010-03-15 16:33:03');
INSERT INTO `media` (`id`, `media_type_id`, `user_id`, `filename`, `size`, `metadata`, `created_at`, `updated_at`) VALUES (23, 3, 23, 'dolore', 774, NULL, '2015-11-28 00:39:01', '2011-05-07 13:47:40');
INSERT INTO `media` (`id`, `media_type_id`, `user_id`, `filename`, `size`, `metadata`, `created_at`, `updated_at`) VALUES (24, 4, 24, 'autem', 949331697, NULL, '2013-02-06 18:05:31', '2011-03-24 04:59:03');
INSERT INTO `media` (`id`, `media_type_id`, `user_id`, `filename`, `size`, `metadata`, `created_at`, `updated_at`) VALUES (25, 5, 25, 'natus', 939147040, NULL, '2014-05-19 05:42:45', '2011-01-31 18:36:36');
INSERT INTO `media` (`id`, `media_type_id`, `user_id`, `filename`, `size`, `metadata`, `created_at`, `updated_at`) VALUES (26, 1, 26, 'sint', 155973, NULL, '2013-06-14 02:22:33', '2012-10-15 04:15:47');
INSERT INTO `media` (`id`, `media_type_id`, `user_id`, `filename`, `size`, `metadata`, `created_at`, `updated_at`) VALUES (27, 2, 27, 'aliquam', 30150025, NULL, '2011-11-06 02:14:08', '2013-08-07 19:04:41');
INSERT INTO `media` (`id`, `media_type_id`, `user_id`, `filename`, `size`, `metadata`, `created_at`, `updated_at`) VALUES (28, 3, 28, 'modi', 1992, NULL, '2014-03-25 08:27:47', '2019-06-19 01:47:33');
INSERT INTO `media` (`id`, `media_type_id`, `user_id`, `filename`, `size`, `metadata`, `created_at`, `updated_at`) VALUES (29, 4, 29, 'ad', 8999, NULL, '2012-03-02 20:48:09', '2015-04-18 16:12:53');
INSERT INTO `media` (`id`, `media_type_id`, `user_id`, `filename`, `size`, `metadata`, `created_at`, `updated_at`) VALUES (30, 5, 30, 'omnis', 15874385, NULL, '2010-09-14 09:07:03', '2017-01-28 06:29:46');
INSERT INTO `media` (`id`, `media_type_id`, `user_id`, `filename`, `size`, `metadata`, `created_at`, `updated_at`) VALUES (31, 1, 31, 'quia', 3467, NULL, '2013-12-19 08:23:24', '2015-10-09 05:03:01');
INSERT INTO `media` (`id`, `media_type_id`, `user_id`, `filename`, `size`, `metadata`, `created_at`, `updated_at`) VALUES (32, 2, 32, 'est', 9130994, NULL, '2013-04-24 18:41:30', '2019-06-19 14:49:08');
INSERT INTO `media` (`id`, `media_type_id`, `user_id`, `filename`, `size`, `metadata`, `created_at`, `updated_at`) VALUES (33, 3, 33, 'provident', 0, NULL, '2012-06-20 10:45:32', '2013-07-10 18:30:49');
INSERT INTO `media` (`id`, `media_type_id`, `user_id`, `filename`, `size`, `metadata`, `created_at`, `updated_at`) VALUES (34, 4, 34, 'minus', 494187, NULL, '2017-12-06 04:07:19', '2013-02-17 08:38:22');
INSERT INTO `media` (`id`, `media_type_id`, `user_id`, `filename`, `size`, `metadata`, `created_at`, `updated_at`) VALUES (35, 5, 35, 'eveniet', 1524850, NULL, '2015-02-16 11:35:29', '2015-12-09 06:59:36');
INSERT INTO `media` (`id`, `media_type_id`, `user_id`, `filename`, `size`, `metadata`, `created_at`, `updated_at`) VALUES (36, 1, 36, 'non', 53322527, NULL, '2015-10-15 11:55:46', '2016-11-30 13:42:39');
INSERT INTO `media` (`id`, `media_type_id`, `user_id`, `filename`, `size`, `metadata`, `created_at`, `updated_at`) VALUES (37, 2, 37, 'corporis', 563610783, NULL, '2017-02-05 11:42:04', '2013-07-13 01:06:32');
INSERT INTO `media` (`id`, `media_type_id`, `user_id`, `filename`, `size`, `metadata`, `created_at`, `updated_at`) VALUES (38, 3, 38, 'quis', 28351, NULL, '2017-10-06 07:36:13', '2013-03-15 10:50:42');
INSERT INTO `media` (`id`, `media_type_id`, `user_id`, `filename`, `size`, `metadata`, `created_at`, `updated_at`) VALUES (39, 4, 39, 'incidunt', 70152834, NULL, '2017-03-21 16:06:39', '2015-08-10 15:15:27');
INSERT INTO `media` (`id`, `media_type_id`, `user_id`, `filename`, `size`, `metadata`, `created_at`, `updated_at`) VALUES (40, 5, 40, 'temporibus', 525, NULL, '2017-05-22 13:53:07', '2013-10-30 21:15:11');
INSERT INTO `media` (`id`, `media_type_id`, `user_id`, `filename`, `size`, `metadata`, `created_at`, `updated_at`) VALUES (41, 1, 41, 'rem', 948494, NULL, '2010-11-13 13:33:27', '2015-12-28 17:15:22');
INSERT INTO `media` (`id`, `media_type_id`, `user_id`, `filename`, `size`, `metadata`, `created_at`, `updated_at`) VALUES (42, 2, 42, 'veritatis', 40, NULL, '2016-02-13 16:56:51', '2015-12-24 11:20:52');
INSERT INTO `media` (`id`, `media_type_id`, `user_id`, `filename`, `size`, `metadata`, `created_at`, `updated_at`) VALUES (43, 3, 43, 'vero', 1028455, NULL, '2013-03-19 10:52:21', '2011-03-08 05:03:12');
INSERT INTO `media` (`id`, `media_type_id`, `user_id`, `filename`, `size`, `metadata`, `created_at`, `updated_at`) VALUES (44, 4, 44, 'amet', 5, NULL, '2017-02-03 06:28:16', '2013-06-24 04:04:34');
INSERT INTO `media` (`id`, `media_type_id`, `user_id`, `filename`, `size`, `metadata`, `created_at`, `updated_at`) VALUES (45, 5, 45, 'blanditiis', 626638, NULL, '2011-06-05 22:39:00', '2017-11-14 05:46:13');
INSERT INTO `media` (`id`, `media_type_id`, `user_id`, `filename`, `size`, `metadata`, `created_at`, `updated_at`) VALUES (46, 1, 46, 'fugit', 43, NULL, '2017-08-06 06:32:32', '2010-09-28 19:15:06');
INSERT INTO `media` (`id`, `media_type_id`, `user_id`, `filename`, `size`, `metadata`, `created_at`, `updated_at`) VALUES (47, 2, 47, 'ullam', 8, NULL, '2013-03-08 12:26:48', '2015-06-22 17:56:09');
INSERT INTO `media` (`id`, `media_type_id`, `user_id`, `filename`, `size`, `metadata`, `created_at`, `updated_at`) VALUES (48, 3, 48, 'ratione', 82, NULL, '2017-05-08 09:51:34', '2011-12-13 07:27:51');
INSERT INTO `media` (`id`, `media_type_id`, `user_id`, `filename`, `size`, `metadata`, `created_at`, `updated_at`) VALUES (49, 4, 49, 'placeat', 5612823, NULL, '2013-08-22 18:40:23', '2013-09-02 11:51:31');
INSERT INTO `media` (`id`, `media_type_id`, `user_id`, `filename`, `size`, `metadata`, `created_at`, `updated_at`) VALUES (50, 5, 50, 'deserunt', 154, NULL, '2017-05-26 09:35:04', '2010-04-10 04:13:43');
INSERT INTO `media` (`id`, `media_type_id`, `user_id`, `filename`, `size`, `metadata`, `created_at`, `updated_at`) VALUES (51, 1, 51, 'fuga', 935245, NULL, '2012-09-07 09:20:16', '2015-05-16 02:05:08');
INSERT INTO `media` (`id`, `media_type_id`, `user_id`, `filename`, `size`, `metadata`, `created_at`, `updated_at`) VALUES (52, 2, 52, 'quidem', 9673, NULL, '2012-04-24 12:49:29', '2015-11-15 02:31:24');
INSERT INTO `media` (`id`, `media_type_id`, `user_id`, `filename`, `size`, `metadata`, `created_at`, `updated_at`) VALUES (53, 3, 53, 'debitis', 66, NULL, '2014-04-17 19:56:05', '2016-07-01 19:24:39');
INSERT INTO `media` (`id`, `media_type_id`, `user_id`, `filename`, `size`, `metadata`, `created_at`, `updated_at`) VALUES (54, 4, 54, 'exercitationem', 9916137, NULL, '2015-09-01 16:00:01', '2010-07-19 22:14:47');
INSERT INTO `media` (`id`, `media_type_id`, `user_id`, `filename`, `size`, `metadata`, `created_at`, `updated_at`) VALUES (55, 5, 55, 'expedita', 1, NULL, '2019-04-22 10:21:05', '2013-03-05 20:00:41');
INSERT INTO `media` (`id`, `media_type_id`, `user_id`, `filename`, `size`, `metadata`, `created_at`, `updated_at`) VALUES (56, 1, 56, 'ab', 0, NULL, '2019-11-26 04:42:01', '2010-08-02 08:07:03');
INSERT INTO `media` (`id`, `media_type_id`, `user_id`, `filename`, `size`, `metadata`, `created_at`, `updated_at`) VALUES (57, 2, 57, 'voluptatibus', 2209, NULL, '2015-08-29 11:42:06', '2011-08-07 08:24:09');
INSERT INTO `media` (`id`, `media_type_id`, `user_id`, `filename`, `size`, `metadata`, `created_at`, `updated_at`) VALUES (58, 3, 58, 'quaerat', 4, NULL, '2012-07-02 04:25:59', '2014-06-12 09:23:10');
INSERT INTO `media` (`id`, `media_type_id`, `user_id`, `filename`, `size`, `metadata`, `created_at`, `updated_at`) VALUES (59, 4, 59, 'repudiandae', 0, NULL, '2020-01-13 11:47:19', '2012-12-04 18:52:49');
INSERT INTO `media` (`id`, `media_type_id`, `user_id`, `filename`, `size`, `metadata`, `created_at`, `updated_at`) VALUES (60, 5, 60, 'laborum', 85, NULL, '2019-08-14 15:33:07', '2013-07-30 13:57:27');
INSERT INTO `media` (`id`, `media_type_id`, `user_id`, `filename`, `size`, `metadata`, `created_at`, `updated_at`) VALUES (61, 1, 61, 'commodi', 76, NULL, '2017-06-27 18:45:36', '2015-04-09 01:59:38');
INSERT INTO `media` (`id`, `media_type_id`, `user_id`, `filename`, `size`, `metadata`, `created_at`, `updated_at`) VALUES (62, 2, 62, 'dolorem', 3, NULL, '2013-08-15 10:27:11', '2019-07-06 23:28:50');
INSERT INTO `media` (`id`, `media_type_id`, `user_id`, `filename`, `size`, `metadata`, `created_at`, `updated_at`) VALUES (63, 3, 63, 'dignissimos', 6413955, NULL, '2012-06-13 06:32:19', '2018-09-18 09:39:44');
INSERT INTO `media` (`id`, `media_type_id`, `user_id`, `filename`, `size`, `metadata`, `created_at`, `updated_at`) VALUES (64, 4, 64, 'officiis', 25, NULL, '2013-12-21 09:20:41', '2010-10-09 23:13:39');
INSERT INTO `media` (`id`, `media_type_id`, `user_id`, `filename`, `size`, `metadata`, `created_at`, `updated_at`) VALUES (65, 5, 65, 'ut', 832898, NULL, '2011-02-17 19:03:12', '2016-06-12 23:33:47');
INSERT INTO `media` (`id`, `media_type_id`, `user_id`, `filename`, `size`, `metadata`, `created_at`, `updated_at`) VALUES (66, 1, 66, 'sed', 6, NULL, '2012-10-24 17:00:26', '2011-11-29 00:42:42');
INSERT INTO `media` (`id`, `media_type_id`, `user_id`, `filename`, `size`, `metadata`, `created_at`, `updated_at`) VALUES (67, 2, 67, 'molestiae', 789, NULL, '2019-03-03 08:19:29', '2017-12-09 20:51:16');
INSERT INTO `media` (`id`, `media_type_id`, `user_id`, `filename`, `size`, `metadata`, `created_at`, `updated_at`) VALUES (68, 3, 68, 'quod', 61920127, NULL, '2019-10-27 14:21:26', '2017-08-13 15:15:50');
INSERT INTO `media` (`id`, `media_type_id`, `user_id`, `filename`, `size`, `metadata`, `created_at`, `updated_at`) VALUES (69, 4, 69, 'sunt', 8956, NULL, '2013-03-03 14:21:33', '2016-07-29 19:57:28');
INSERT INTO `media` (`id`, `media_type_id`, `user_id`, `filename`, `size`, `metadata`, `created_at`, `updated_at`) VALUES (70, 5, 70, 'cumque', 33, NULL, '2016-07-12 14:41:12', '2013-04-03 01:16:55');
INSERT INTO `media` (`id`, `media_type_id`, `user_id`, `filename`, `size`, `metadata`, `created_at`, `updated_at`) VALUES (71, 1, 71, 'quae', 643816, NULL, '2017-05-17 05:49:01', '2013-04-12 13:30:51');
INSERT INTO `media` (`id`, `media_type_id`, `user_id`, `filename`, `size`, `metadata`, `created_at`, `updated_at`) VALUES (72, 2, 72, 'illum', 931378, NULL, '2016-01-17 03:27:40', '2016-03-08 02:38:54');
INSERT INTO `media` (`id`, `media_type_id`, `user_id`, `filename`, `size`, `metadata`, `created_at`, `updated_at`) VALUES (73, 3, 73, 'recusandae', 21975, NULL, '2013-12-28 00:26:57', '2016-11-05 02:47:12');
INSERT INTO `media` (`id`, `media_type_id`, `user_id`, `filename`, `size`, `metadata`, `created_at`, `updated_at`) VALUES (74, 4, 74, 'dicta', 164262064, NULL, '2017-02-07 18:51:58', '2018-06-24 09:04:37');
INSERT INTO `media` (`id`, `media_type_id`, `user_id`, `filename`, `size`, `metadata`, `created_at`, `updated_at`) VALUES (75, 5, 75, 'in', 4, NULL, '2012-03-05 07:00:22', '2015-06-28 15:59:37');
INSERT INTO `media` (`id`, `media_type_id`, `user_id`, `filename`, `size`, `metadata`, `created_at`, `updated_at`) VALUES (76, 1, 76, 'voluptatem', 901515211, NULL, '2011-10-16 17:36:52', '2015-02-07 15:10:48');
INSERT INTO `media` (`id`, `media_type_id`, `user_id`, `filename`, `size`, `metadata`, `created_at`, `updated_at`) VALUES (77, 2, 77, 'deleniti', 696898, NULL, '2016-03-09 04:25:13', '2019-11-11 04:12:12');
INSERT INTO `media` (`id`, `media_type_id`, `user_id`, `filename`, `size`, `metadata`, `created_at`, `updated_at`) VALUES (78, 3, 78, 'ea', 85765, NULL, '2019-03-05 16:35:46', '2016-06-27 01:00:48');
INSERT INTO `media` (`id`, `media_type_id`, `user_id`, `filename`, `size`, `metadata`, `created_at`, `updated_at`) VALUES (79, 4, 79, 'esse', 941724826, NULL, '2019-09-20 13:10:43', '2016-08-05 15:39:03');
INSERT INTO `media` (`id`, `media_type_id`, `user_id`, `filename`, `size`, `metadata`, `created_at`, `updated_at`) VALUES (80, 5, 80, 'distinctio', 4, NULL, '2015-11-04 14:44:24', '2011-04-12 18:09:54');
INSERT INTO `media` (`id`, `media_type_id`, `user_id`, `filename`, `size`, `metadata`, `created_at`, `updated_at`) VALUES (81, 1, 81, 'consequatur', 11298749, NULL, '2019-01-14 14:27:53', '2013-07-04 18:06:13');
INSERT INTO `media` (`id`, `media_type_id`, `user_id`, `filename`, `size`, `metadata`, `created_at`, `updated_at`) VALUES (82, 2, 82, 'fugiat', 6986782, NULL, '2013-01-02 09:19:44', '2013-05-04 04:10:24');
INSERT INTO `media` (`id`, `media_type_id`, `user_id`, `filename`, `size`, `metadata`, `created_at`, `updated_at`) VALUES (83, 3, 83, 'quo', 28, NULL, '2019-10-05 08:55:16', '2018-11-09 01:35:35');
INSERT INTO `media` (`id`, `media_type_id`, `user_id`, `filename`, `size`, `metadata`, `created_at`, `updated_at`) VALUES (84, 4, 84, 'voluptas', 968476, NULL, '2012-12-26 04:58:30', '2019-10-27 13:06:44');
INSERT INTO `media` (`id`, `media_type_id`, `user_id`, `filename`, `size`, `metadata`, `created_at`, `updated_at`) VALUES (85, 5, 85, 'velit', 0, NULL, '2019-03-03 06:57:40', '2013-10-23 19:32:44');
INSERT INTO `media` (`id`, `media_type_id`, `user_id`, `filename`, `size`, `metadata`, `created_at`, `updated_at`) VALUES (86, 1, 86, 'odit', 260, NULL, '2019-11-06 12:02:40', '2017-05-16 15:20:00');
INSERT INTO `media` (`id`, `media_type_id`, `user_id`, `filename`, `size`, `metadata`, `created_at`, `updated_at`) VALUES (87, 2, 87, 'reiciendis', 4, NULL, '2011-05-24 01:30:37', '2010-03-04 06:30:07');
INSERT INTO `media` (`id`, `media_type_id`, `user_id`, `filename`, `size`, `metadata`, `created_at`, `updated_at`) VALUES (88, 3, 88, 'vitae', 0, NULL, '2014-03-20 09:36:06', '2019-11-29 13:57:49');
INSERT INTO `media` (`id`, `media_type_id`, `user_id`, `filename`, `size`, `metadata`, `created_at`, `updated_at`) VALUES (89, 4, 89, 'impedit', 464, NULL, '2015-11-21 14:55:42', '2018-06-05 12:18:11');
INSERT INTO `media` (`id`, `media_type_id`, `user_id`, `filename`, `size`, `metadata`, `created_at`, `updated_at`) VALUES (90, 5, 90, 'quam', 4, NULL, '2012-03-18 10:56:01', '2015-03-16 10:37:48');
INSERT INTO `media` (`id`, `media_type_id`, `user_id`, `filename`, `size`, `metadata`, `created_at`, `updated_at`) VALUES (91, 1, 91, 'numquam', 85134, NULL, '2011-09-30 01:36:01', '2012-10-28 22:17:10');
INSERT INTO `media` (`id`, `media_type_id`, `user_id`, `filename`, `size`, `metadata`, `created_at`, `updated_at`) VALUES (92, 2, 92, 'similique', 65331438, NULL, '2013-01-08 16:29:04', '2015-12-15 22:23:41');
INSERT INTO `media` (`id`, `media_type_id`, `user_id`, `filename`, `size`, `metadata`, `created_at`, `updated_at`) VALUES (93, 3, 93, 'itaque', 6693746, NULL, '2017-09-02 18:14:17', '2013-01-18 00:26:14');
INSERT INTO `media` (`id`, `media_type_id`, `user_id`, `filename`, `size`, `metadata`, `created_at`, `updated_at`) VALUES (94, 4, 94, 'delectus', 99512631, NULL, '2011-11-30 21:30:55', '2017-05-18 17:52:55');
INSERT INTO `media` (`id`, `media_type_id`, `user_id`, `filename`, `size`, `metadata`, `created_at`, `updated_at`) VALUES (95, 5, 95, 'necessitatibus', 91775237, NULL, '2016-09-16 20:20:53', '2018-05-31 20:34:29');
INSERT INTO `media` (`id`, `media_type_id`, `user_id`, `filename`, `size`, `metadata`, `created_at`, `updated_at`) VALUES (96, 1, 96, 'porro', 931790224, NULL, '2017-05-18 04:07:14', '2017-03-19 12:32:34');
INSERT INTO `media` (`id`, `media_type_id`, `user_id`, `filename`, `size`, `metadata`, `created_at`, `updated_at`) VALUES (97, 2, 97, 'animi', 6, NULL, '2014-09-08 05:29:57', '2014-01-01 06:25:56');
INSERT INTO `media` (`id`, `media_type_id`, `user_id`, `filename`, `size`, `metadata`, `created_at`, `updated_at`) VALUES (98, 3, 98, 'labore', 3, NULL, '2015-02-17 08:10:59', '2015-10-31 21:18:09');
INSERT INTO `media` (`id`, `media_type_id`, `user_id`, `filename`, `size`, `metadata`, `created_at`, `updated_at`) VALUES (99, 4, 99, 'assumenda', 2, NULL, '2014-12-20 12:21:24', '2018-05-14 09:59:42');
INSERT INTO `media` (`id`, `media_type_id`, `user_id`, `filename`, `size`, `metadata`, `created_at`, `updated_at`) VALUES (100, 5, 100, 'nesciunt', 8656332, NULL, '2017-07-08 09:04:02', '2014-12-14 04:59:50');


#
# TABLE STRUCTURE FOR: media_types
#

DROP TABLE IF EXISTS `media_types`;

CREATE TABLE `media_types` (
  `id` int(10) unsigned NOT NULL AUTO_INCREMENT,
  `name` varchar(255) COLLATE utf8_unicode_ci NOT NULL,
  `created_at` datetime DEFAULT current_timestamp(),
  PRIMARY KEY (`id`),
  UNIQUE KEY `name` (`name`)
) ENGINE=InnoDB AUTO_INCREMENT=6 DEFAULT CHARSET=utf8 COLLATE=utf8_unicode_ci;

INSERT INTO `media_types` (`id`, `name`, `created_at`) VALUES (1, 'voluptatem', '2013-01-04 17:22:17');
INSERT INTO `media_types` (`id`, `name`, `created_at`) VALUES (2, 'laborum', '2013-12-01 13:02:26');
INSERT INTO `media_types` (`id`, `name`, `created_at`) VALUES (3, 'provident', '2019-05-13 10:08:39');
INSERT INTO `media_types` (`id`, `name`, `created_at`) VALUES (4, 'ab', '2012-11-22 19:49:02');
INSERT INTO `media_types` (`id`, `name`, `created_at`) VALUES (5, 'et', '2012-01-18 18:18:16');


#
# TABLE STRUCTURE FOR: messages
#

DROP TABLE IF EXISTS `messages`;

CREATE TABLE `messages` (
  `id` int(10) unsigned NOT NULL AUTO_INCREMENT,
  `from_user_id` int(10) unsigned NOT NULL,
  `to_user_id` int(10) unsigned NOT NULL,
  `body` text COLLATE utf8_unicode_ci NOT NULL,
  `is_important` tinyint(1) DEFAULT NULL,
  `is_delivered` tinyint(1) DEFAULT NULL,
  `created_at` datetime DEFAULT current_timestamp(),
  PRIMARY KEY (`id`)
) ENGINE=InnoDB AUTO_INCREMENT=501 DEFAULT CHARSET=utf8 COLLATE=utf8_unicode_ci;

INSERT INTO `messages` (`id`, `from_user_id`, `to_user_id`, `body`, `is_important`, `is_delivered`, `created_at`) VALUES (1, 1, 1, 'But her sister was reading, but it did not answer, so Alice ventured to remark. \'Tut, tut, child!\' said the Duchess. An invitation from the shock of being upset, and their curls got entangled.', 1, 0, '2012-12-16 17:31:56');
INSERT INTO `messages` (`id`, `from_user_id`, `to_user_id`, `body`, `is_important`, `is_delivered`, `created_at`) VALUES (2, 2, 2, 'TWO little shrieks, and more puzzled, but she had found her head in the long hall, and wander about among those beds of bright flowers and the words have got in as well,\' the Hatter hurriedly left.', 1, 1, '2012-01-13 07:56:40');
INSERT INTO `messages` (`id`, `from_user_id`, `to_user_id`, `body`, `is_important`, `is_delivered`, `created_at`) VALUES (3, 3, 3, 'When the pie was all about, and called out, \'Sit down, all of them even when they liked, and left off when they had any dispute with the Dormouse. \'Write that down,\' the King said to herself, (not.', 0, 0, '2011-08-20 20:39:41');
INSERT INTO `messages` (`id`, `from_user_id`, `to_user_id`, `body`, `is_important`, `is_delivered`, `created_at`) VALUES (4, 4, 4, 'Caterpillar took the hookah out of the treat. When the Mouse had changed his mind, and was just going to turn round on its axis--\' \'Talking of axes,\' said the Cat said, waving its tail about in a.', 0, 0, '2014-05-10 14:26:21');
INSERT INTO `messages` (`id`, `from_user_id`, `to_user_id`, `body`, `is_important`, `is_delivered`, `created_at`) VALUES (5, 5, 5, 'This of course, Alice could think of nothing else to say \"HOW DOTH THE LITTLE BUSY BEE,\" but it was only too glad to find her in an encouraging opening for a great deal of thought, and it put more.', 0, 1, '2010-12-02 02:38:43');
INSERT INTO `messages` (`id`, `from_user_id`, `to_user_id`, `body`, `is_important`, `is_delivered`, `created_at`) VALUES (6, 6, 6, 'Hatter. \'I deny it!\' said the Pigeon; \'but I haven\'t had a bone in his turn; and both footmen, Alice noticed, had powdered hair that WOULD always get into that beautiful garden--how IS that to be.', 0, 1, '2019-04-02 10:48:44');
INSERT INTO `messages` (`id`, `from_user_id`, `to_user_id`, `body`, `is_important`, `is_delivered`, `created_at`) VALUES (7, 7, 7, 'And yet you incessantly stand on your shoes and stockings for you now, dears? I\'m sure I don\'t believe there\'s an atom of meaning in it,\' but none of them even when they had to ask them what the.', 0, 0, '2018-06-23 19:33:26');
INSERT INTO `messages` (`id`, `from_user_id`, `to_user_id`, `body`, `is_important`, `is_delivered`, `created_at`) VALUES (8, 8, 8, 'WAS a narrow escape!\' said Alice, and she told her sister, who was trembling down to look through into the way out of THIS!\' (Sounds of more broken glass.) \'Now tell me, Pat, what\'s that in about.', 0, 0, '2014-08-25 19:04:15');
INSERT INTO `messages` (`id`, `from_user_id`, `to_user_id`, `body`, `is_important`, `is_delivered`, `created_at`) VALUES (9, 9, 9, 'Hatter, with an important air, \'are you all ready? This is the same thing, you know.\' \'And what are YOUR shoes done with?\' said the King, \'that saves a world of trouble, you know, with oh, such long.', 0, 1, '2019-05-05 01:55:19');
INSERT INTO `messages` (`id`, `from_user_id`, `to_user_id`, `body`, `is_important`, `is_delivered`, `created_at`) VALUES (10, 10, 10, 'I think.\' And she kept fanning herself all the time when I was sent for.\' \'You ought to have lessons to learn! No, I\'ve made up my mind about it; if I\'m not Ada,\' she said, \'and see whether it\'s.', 0, 0, '2015-10-16 15:05:08');
INSERT INTO `messages` (`id`, `from_user_id`, `to_user_id`, `body`, `is_important`, `is_delivered`, `created_at`) VALUES (11, 11, 11, 'I\'m sure I have to beat time when I grow up, I\'ll write one--but I\'m grown up now,\' she said, \'for her hair goes in such a thing before, and he hurried off. Alice thought to herself, rather sharply;.', 0, 1, '2015-10-22 05:28:37');
INSERT INTO `messages` (`id`, `from_user_id`, `to_user_id`, `body`, `is_important`, `is_delivered`, `created_at`) VALUES (12, 12, 12, 'He says it kills all the jurors had a head could be NO mistake about it: it was looking for it, he was obliged to write with one eye; but to get to,\' said the Hatter. \'You MUST remember,\' remarked.', 0, 1, '2017-07-30 05:39:24');
INSERT INTO `messages` (`id`, `from_user_id`, `to_user_id`, `body`, `is_important`, `is_delivered`, `created_at`) VALUES (13, 13, 13, 'King, and he checked himself suddenly: the others all joined in chorus, \'Yes, please do!\' but the tops of the lefthand bit of the Lobster Quadrille, that she never knew whether it was very nearly.', 1, 0, '2018-04-12 17:34:25');
INSERT INTO `messages` (`id`, `from_user_id`, `to_user_id`, `body`, `is_important`, `is_delivered`, `created_at`) VALUES (14, 14, 14, 'The March Hare went on. \'We had the door opened inwards, and Alice\'s elbow was pressed so closely against her foot, that there was no use denying it. I suppose I ought to be nothing but.', 0, 1, '2018-12-17 04:58:04');
INSERT INTO `messages` (`id`, `from_user_id`, `to_user_id`, `body`, `is_important`, `is_delivered`, `created_at`) VALUES (15, 15, 15, 'Alice would not join the dance? Will you, won\'t you, won\'t you, won\'t you, won\'t you join the dance?\"\' \'Thank you, sir, for your interesting story,\' but she was as much use in waiting by the Hatter,.', 1, 1, '2010-08-22 14:33:46');
INSERT INTO `messages` (`id`, `from_user_id`, `to_user_id`, `body`, `is_important`, `is_delivered`, `created_at`) VALUES (16, 16, 16, 'Caterpillar. Alice thought she might as well wait, as she could do, lying down on one of them say, \'Look out now, Five! Don\'t go splashing paint over me like that!\' \'I couldn\'t afford to learn it.\'.', 1, 1, '2010-05-21 16:55:52');
INSERT INTO `messages` (`id`, `from_user_id`, `to_user_id`, `body`, `is_important`, `is_delivered`, `created_at`) VALUES (17, 17, 17, 'Caterpillar. \'Is that all?\' said the King: \'however, it may kiss my hand if it makes me grow smaller, I suppose.\' So she set the little golden key, and Alice\'s first thought was that you couldn\'t.', 0, 1, '2019-06-20 04:24:48');
INSERT INTO `messages` (`id`, `from_user_id`, `to_user_id`, `body`, `is_important`, `is_delivered`, `created_at`) VALUES (18, 18, 18, 'I\'m perfectly sure I can\'t tell you just now what the next verse,\' the Gryphon went on in a melancholy tone: \'it doesn\'t seem to encourage the witness at all: he kept shifting from one of its little.', 1, 1, '2017-12-23 16:17:23');
INSERT INTO `messages` (`id`, `from_user_id`, `to_user_id`, `body`, `is_important`, `is_delivered`, `created_at`) VALUES (19, 19, 19, 'Alice, who always took a minute or two sobs choked his voice. \'Same as if nothing had happened. \'How am I to do?\' said Alice. \'Call it what you mean,\' the March Hare interrupted, yawning. \'I\'m.', 1, 0, '2015-06-06 13:03:04');
INSERT INTO `messages` (`id`, `from_user_id`, `to_user_id`, `body`, `is_important`, `is_delivered`, `created_at`) VALUES (20, 20, 20, 'I can\'t understand it myself to begin at HIS time of life. The King\'s argument was, that her idea of the room. The cook threw a frying-pan after her as she passed; it was only sobbing,\' she thought,.', 0, 1, '2014-02-18 21:34:17');
INSERT INTO `messages` (`id`, `from_user_id`, `to_user_id`, `body`, `is_important`, `is_delivered`, `created_at`) VALUES (21, 21, 21, 'I know. Silence all round, if you were me?\' \'Well, perhaps you haven\'t found it very much,\' said Alice, surprised at her for a few minutes it puffed away without being seen, when she had read about.', 1, 1, '2013-10-30 07:52:06');
INSERT INTO `messages` (`id`, `from_user_id`, `to_user_id`, `body`, `is_important`, `is_delivered`, `created_at`) VALUES (22, 22, 22, 'Majesty,\' he began, \'for bringing these in: but I can\'t remember,\' said the King, and he says it\'s so useful, it\'s worth a hundred pounds! He says it kills all the other side, the puppy made another.', 1, 1, '2014-03-30 10:47:19');
INSERT INTO `messages` (`id`, `from_user_id`, `to_user_id`, `body`, `is_important`, `is_delivered`, `created_at`) VALUES (23, 23, 23, 'AT ALL. Soup does very well as if a fish came to ME, and told me he was going on shrinking rapidly: she soon made out that part.\' \'Well, at any rate I\'ll never go THERE again!\' said Alice loudly..', 0, 0, '2012-07-25 03:53:09');
INSERT INTO `messages` (`id`, `from_user_id`, `to_user_id`, `body`, `is_important`, `is_delivered`, `created_at`) VALUES (24, 24, 24, 'Turtle sighed deeply, and drew the back of one flapper across his eyes. He looked at Alice. \'It must have been ill.\' \'So they were,\' said the Mock Turtle. Alice was beginning to see what was going.', 1, 1, '2012-04-14 01:02:42');
INSERT INTO `messages` (`id`, `from_user_id`, `to_user_id`, `body`, `is_important`, `is_delivered`, `created_at`) VALUES (25, 25, 25, 'OF HEARTS. Alice was silent. The King and Queen of Hearts, she made out that it was written to nobody, which isn\'t usual, you know.\' \'And what an ignorant little girl she\'ll think me for asking! No,.', 1, 0, '2018-12-01 05:21:57');
INSERT INTO `messages` (`id`, `from_user_id`, `to_user_id`, `body`, `is_important`, `is_delivered`, `created_at`) VALUES (26, 26, 26, 'Queen, who were lying round the rosetree; for, you see, so many out-of-the-way things had happened lately, that Alice could bear: she got back to finish his story. CHAPTER IV. The Rabbit Sends in a.', 0, 0, '2012-09-23 03:59:06');
INSERT INTO `messages` (`id`, `from_user_id`, `to_user_id`, `body`, `is_important`, `is_delivered`, `created_at`) VALUES (27, 27, 27, 'Father William replied to his ear. Alice considered a little, \'From the Queen. \'Can you play croquet?\' The soldiers were silent, and looked along the passage into the jury-box, or they would die..', 0, 0, '2020-01-13 15:06:35');
INSERT INTO `messages` (`id`, `from_user_id`, `to_user_id`, `body`, `is_important`, `is_delivered`, `created_at`) VALUES (28, 28, 28, 'Turtle.\' These words were followed by a very difficult question. However, at last in the air. This time there could be beheaded, and that is rather a handsome pig, I think.\' And she tried hard to.', 0, 0, '2015-09-07 10:33:05');
INSERT INTO `messages` (`id`, `from_user_id`, `to_user_id`, `body`, `is_important`, `is_delivered`, `created_at`) VALUES (29, 29, 29, 'Dormouse crossed the court, by the hedge!\' then silence, and then the puppy jumped into the wood for fear of killing somebody, so managed to swallow a morsel of the players to be done, I wonder?\' As.', 0, 0, '2018-05-23 12:50:46');
INSERT INTO `messages` (`id`, `from_user_id`, `to_user_id`, `body`, `is_important`, `is_delivered`, `created_at`) VALUES (30, 30, 30, 'For anything tougher than suet; Yet you turned a back-somersault in at the Lizard as she remembered trying to touch her. \'Poor little thing!\' said the Mock Turtle sighed deeply, and drew the back of.', 0, 1, '2011-08-06 06:56:34');
INSERT INTO `messages` (`id`, `from_user_id`, `to_user_id`, `body`, `is_important`, `is_delivered`, `created_at`) VALUES (31, 31, 31, 'But the insolence of his head. But at any rate I\'ll never go THERE again!\' said Alice timidly. \'Would you like the Queen?\' said the Caterpillar seemed to quiver all over with fright. \'Oh, I BEG your.', 0, 1, '2012-05-03 23:42:05');
INSERT INTO `messages` (`id`, `from_user_id`, `to_user_id`, `body`, `is_important`, `is_delivered`, `created_at`) VALUES (32, 32, 32, 'Gryphon. \'They can\'t have anything to put the hookah into its mouth and yawned once or twice, half hoping she might as well as she could not be denied, so she turned away. \'Come back!\' the.', 1, 1, '2019-03-26 13:06:31');
INSERT INTO `messages` (`id`, `from_user_id`, `to_user_id`, `body`, `is_important`, `is_delivered`, `created_at`) VALUES (33, 33, 33, 'So Alice got up this morning, but I grow at a reasonable pace,\' said the Caterpillar. Alice said nothing; she had known them all her wonderful Adventures, till she had plenty of time as she went.', 1, 1, '2018-02-06 04:51:56');
INSERT INTO `messages` (`id`, `from_user_id`, `to_user_id`, `body`, `is_important`, `is_delivered`, `created_at`) VALUES (34, 34, 34, 'As soon as the doubled-up soldiers were always getting up and down, and was a large pigeon had flown into her eyes; and once she remembered having seen such a curious dream!\' said Alice, whose.', 0, 0, '2016-07-24 20:02:59');
INSERT INTO `messages` (`id`, `from_user_id`, `to_user_id`, `body`, `is_important`, `is_delivered`, `created_at`) VALUES (35, 35, 35, 'Heads below!\' (a loud crash)--\'Now, who did that?--It was Bill, I fancy--Who\'s to go and take it away!\' There was a bright idea came into Alice\'s shoulder as he found it advisable--\"\' \'Found WHAT?\'.', 1, 1, '2012-03-11 15:31:05');
INSERT INTO `messages` (`id`, `from_user_id`, `to_user_id`, `body`, `is_important`, `is_delivered`, `created_at`) VALUES (36, 36, 36, 'CHAPTER V. Advice from a bottle marked \'poison,\' so Alice ventured to ask. \'Suppose we change the subject of conversation. While she was now the right distance--but then I wonder who will put on her.', 1, 1, '2014-09-26 08:39:17');
INSERT INTO `messages` (`id`, `from_user_id`, `to_user_id`, `body`, `is_important`, `is_delivered`, `created_at`) VALUES (37, 37, 37, 'VERY tired of being such a thing before, and she went to school in the wood,\' continued the King. \'It began with the strange creatures of her little sister\'s dream. The long grass rustled at her.', 1, 1, '2015-10-16 11:15:18');
INSERT INTO `messages` (`id`, `from_user_id`, `to_user_id`, `body`, `is_important`, `is_delivered`, `created_at`) VALUES (38, 38, 38, 'So she set to partners--\' \'--change lobsters, and retire in same order,\' continued the Gryphon. \'Turn a somersault in the same side of the window, and one foot to the Caterpillar, and the other.', 1, 1, '2017-03-14 04:49:34');
INSERT INTO `messages` (`id`, `from_user_id`, `to_user_id`, `body`, `is_important`, `is_delivered`, `created_at`) VALUES (39, 39, 39, 'I think?\' \'I had NOT!\' cried the Mouse, in a low trembling voice, \'Let us get to twenty at that rate! However, the Multiplication Table doesn\'t signify: let\'s try the whole court was a table in the.', 1, 0, '2015-12-01 09:20:44');
INSERT INTO `messages` (`id`, `from_user_id`, `to_user_id`, `body`, `is_important`, `is_delivered`, `created_at`) VALUES (40, 40, 40, 'It was so large a house, that she wanted much to know, but the Rabbit coming to look over their shoulders, that all the party went back to the jury. \'Not yet, not yet!\' the Rabbit was no more of it.', 0, 0, '2014-12-22 15:29:01');
INSERT INTO `messages` (`id`, `from_user_id`, `to_user_id`, `body`, `is_important`, `is_delivered`, `created_at`) VALUES (41, 41, 41, 'I did: there\'s no meaning in them, after all. I needn\'t be so easily offended!\' \'You\'ll get used to come upon them THIS size: why, I should be raving mad--at least not so mad as it spoke. \'As wet as.', 0, 0, '2018-09-09 09:08:54');
INSERT INTO `messages` (`id`, `from_user_id`, `to_user_id`, `body`, `is_important`, `is_delivered`, `created_at`) VALUES (42, 42, 42, 'Cheshire Cat,\' said Alice: \'allow me to introduce it.\' \'I don\'t much care where--\' said Alice. \'That\'s the reason and all would change to tinkling sheep-bells, and the moon, and memory, and.', 0, 1, '2013-10-31 11:18:12');
INSERT INTO `messages` (`id`, `from_user_id`, `to_user_id`, `body`, `is_important`, `is_delivered`, `created_at`) VALUES (43, 43, 43, 'I\'ve fallen by this time). \'Don\'t grunt,\' said Alice; \'that\'s not at all the other players, and shouting \'Off with her friend. When she got back to the garden at once; but, alas for poor Alice! when.', 0, 1, '2018-04-02 18:52:58');
INSERT INTO `messages` (`id`, `from_user_id`, `to_user_id`, `body`, `is_important`, `is_delivered`, `created_at`) VALUES (44, 44, 44, 'Then came a little now and then, \'we went to him,\' the Mock Turtle, \'Drive on, old fellow! Don\'t be all day about it!\' Last came a little house in it a minute or two she stood watching them, and.', 1, 0, '2013-10-03 16:13:11');
INSERT INTO `messages` (`id`, `from_user_id`, `to_user_id`, `body`, `is_important`, `is_delivered`, `created_at`) VALUES (45, 45, 45, 'Hatter, \'I cut some more tea,\' the March Hare said to herself; \'his eyes are so VERY nearly at the place of the cattle in the sky. Twinkle, twinkle--\"\' Here the other side of the moment she quite.', 0, 1, '2016-04-19 14:57:11');
INSERT INTO `messages` (`id`, `from_user_id`, `to_user_id`, `body`, `is_important`, `is_delivered`, `created_at`) VALUES (46, 46, 46, 'The Duchess took no notice of her knowledge. \'Just think of nothing else to say anything. \'Why,\' said the youth, \'one would hardly suppose That your eye was as much as she picked up a little.', 1, 0, '2017-12-02 00:26:01');
INSERT INTO `messages` (`id`, `from_user_id`, `to_user_id`, `body`, `is_important`, `is_delivered`, `created_at`) VALUES (47, 47, 47, 'CAN I have to turn into a large cauldron which seemed to think that very few things indeed were really impossible. There seemed to be otherwise than what you had been running half an hour or so.', 1, 0, '2010-08-23 08:46:45');
INSERT INTO `messages` (`id`, `from_user_id`, `to_user_id`, `body`, `is_important`, `is_delivered`, `created_at`) VALUES (48, 48, 48, 'I beg your pardon!\' cried Alice hastily, afraid that it would like the three gardeners at it, busily painting them red. Alice thought to herself. (Alice had been found and handed back to the waving.', 1, 0, '2010-11-02 09:50:22');
INSERT INTO `messages` (`id`, `from_user_id`, `to_user_id`, `body`, `is_important`, `is_delivered`, `created_at`) VALUES (49, 49, 49, 'Ma!\' said the Caterpillar. \'Is that the meeting adjourn, for the next witness!\' said the Dodo. Then they all crowded round her head. \'If I eat one of the sea.\' \'I couldn\'t afford to learn it.\' said.', 1, 1, '2010-05-18 19:32:37');
INSERT INTO `messages` (`id`, `from_user_id`, `to_user_id`, `body`, `is_important`, `is_delivered`, `created_at`) VALUES (50, 50, 50, 'White Rabbit, trotting slowly back to her: first, because the Duchess was sitting on the trumpet, and called out, \'Sit down, all of them didn\'t know that cats COULD grin.\' \'They all can,\' said the.', 1, 0, '2016-09-03 06:01:58');
INSERT INTO `messages` (`id`, `from_user_id`, `to_user_id`, `body`, `is_important`, `is_delivered`, `created_at`) VALUES (51, 51, 51, 'I can kick a little!\' She drew her foot as far down the hall. After a minute or two. \'They couldn\'t have wanted it much,\' said the Caterpillar. \'Well, I can\'t see you?\' She was moving them about as.', 1, 1, '2017-11-28 20:39:46');
INSERT INTO `messages` (`id`, `from_user_id`, `to_user_id`, `body`, `is_important`, `is_delivered`, `created_at`) VALUES (52, 52, 52, 'Duchess said to herself; \'his eyes are so VERY remarkable in that; nor did Alice think it would not join the dance? Will you, won\'t you, will you, won\'t you, will you join the dance? Will you, won\'t.', 0, 1, '2013-02-01 01:02:07');
INSERT INTO `messages` (`id`, `from_user_id`, `to_user_id`, `body`, `is_important`, `is_delivered`, `created_at`) VALUES (53, 53, 53, 'Alice ventured to taste it, and on both sides at once. \'Give your evidence,\' said the Dormouse. \'Fourteenth of March, I think I should say \"With what porpoise?\"\' \'Don\'t you mean \"purpose\"?\' said.', 1, 0, '2016-11-05 20:19:08');
INSERT INTO `messages` (`id`, `from_user_id`, `to_user_id`, `body`, `is_important`, `is_delivered`, `created_at`) VALUES (54, 54, 54, 'King, the Queen, and Alice, were in custody and under sentence of execution. Then the Queen never left off sneezing by this time.) \'You\'re nothing but the Dormouse turned out, and, by the English,.', 1, 1, '2020-02-03 22:58:09');
INSERT INTO `messages` (`id`, `from_user_id`, `to_user_id`, `body`, `is_important`, `is_delivered`, `created_at`) VALUES (55, 55, 55, 'You see the earth takes twenty-four hours to turn round on its axis--\' \'Talking of axes,\' said the Mock Turtle to the voice of thunder, and people began running about in the after-time, be herself a.', 0, 0, '2016-04-09 14:54:29');
INSERT INTO `messages` (`id`, `from_user_id`, `to_user_id`, `body`, `is_important`, `is_delivered`, `created_at`) VALUES (56, 56, 56, 'King; and the other side of WHAT?\' thought Alice; \'only, as it\'s asleep, I suppose you\'ll be telling me next that you never to lose YOUR temper!\' \'Hold your tongue, Ma!\' said the Hatter, and here.', 1, 1, '2013-02-10 08:42:09');
INSERT INTO `messages` (`id`, `from_user_id`, `to_user_id`, `body`, `is_important`, `is_delivered`, `created_at`) VALUES (57, 57, 57, 'ME,\' but nevertheless she uncorked it and put back into the court, \'Bring me the list of the conversation. Alice replied, so eagerly that the Gryphon at the Footman\'s head: it just missed her. Alice.', 1, 0, '2016-06-26 03:10:22');
INSERT INTO `messages` (`id`, `from_user_id`, `to_user_id`, `body`, `is_important`, `is_delivered`, `created_at`) VALUES (58, 58, 58, 'Alice, a good opportunity for repeating his remark, with variations. \'I shall do nothing of the ground.\' So she set to work very carefully, nibbling first at one corner of it: \'No room! No room!\'.', 0, 1, '2019-04-18 18:12:39');
INSERT INTO `messages` (`id`, `from_user_id`, `to_user_id`, `body`, `is_important`, `is_delivered`, `created_at`) VALUES (59, 59, 59, 'He was an uncomfortably sharp chin. However, she got to the door, she found it very hard indeed to make out which were the verses on his knee, and the small ones choked and had just succeeded in.', 0, 1, '2012-02-06 04:58:39');
INSERT INTO `messages` (`id`, `from_user_id`, `to_user_id`, `body`, `is_important`, `is_delivered`, `created_at`) VALUES (60, 60, 60, 'Gryphon, and, taking Alice by the end of trials, \"There was some attempts at applause, which was full of soup. \'There\'s certainly too much overcome to do such a capital one for catching mice you.', 0, 1, '2019-07-19 21:02:54');
INSERT INTO `messages` (`id`, `from_user_id`, `to_user_id`, `body`, `is_important`, `is_delivered`, `created_at`) VALUES (61, 61, 61, 'White Rabbit hurried by--the frightened Mouse splashed his way through the doorway; \'and even if I shall have some fun now!\' thought Alice. The King looked anxiously over his shoulder with some.', 0, 1, '2011-03-26 17:27:11');
INSERT INTO `messages` (`id`, `from_user_id`, `to_user_id`, `body`, `is_important`, `is_delivered`, `created_at`) VALUES (62, 62, 62, 'Dinn may be,\' said the Mock Turtle said: \'advance twice, set to work very diligently to write this down on her toes when they arrived, with a great deal to ME,\' said the Gryphon. \'The reason is,\'.', 1, 1, '2016-08-03 20:11:04');
INSERT INTO `messages` (`id`, `from_user_id`, `to_user_id`, `body`, `is_important`, `is_delivered`, `created_at`) VALUES (63, 63, 63, 'And concluded the banquet--] \'What IS a Caucus-race?\' said Alice; \'it\'s laid for a minute or two, she made it out into the teapot. \'At any rate a book of rules for shutting people up like a snout.', 1, 1, '2016-09-15 00:16:21');
INSERT INTO `messages` (`id`, `from_user_id`, `to_user_id`, `body`, `is_important`, `is_delivered`, `created_at`) VALUES (64, 64, 64, 'Caterpillar. This was not a mile high,\' said Alice. \'And ever since that,\' the Hatter and the Hatter said, turning to the jury. \'Not yet, not yet!\' the Rabbit asked. \'No, I give it up,\' Alice.', 1, 1, '2017-07-23 05:52:18');
INSERT INTO `messages` (`id`, `from_user_id`, `to_user_id`, `body`, `is_important`, `is_delivered`, `created_at`) VALUES (65, 65, 65, 'Duchess: \'flamingoes and mustard both bite. And the Eaglet bent down its head to feel very uneasy: to be two people. \'But it\'s no use their putting their heads down! I am in the air: it puzzled her.', 0, 0, '2020-01-11 03:25:40');
INSERT INTO `messages` (`id`, `from_user_id`, `to_user_id`, `body`, `is_important`, `is_delivered`, `created_at`) VALUES (66, 66, 66, 'Alice to herself, rather sharply; \'I advise you to get her head through the wood. \'It\'s the thing yourself, some winter day, I will prosecute YOU.--Come, I\'ll take no denial; We must have imitated.', 0, 1, '2018-05-15 19:28:13');
INSERT INTO `messages` (`id`, `from_user_id`, `to_user_id`, `body`, `is_important`, `is_delivered`, `created_at`) VALUES (67, 67, 67, 'Queen shouted at the thought that it had been. But her sister sat still just as I do,\' said the Hatter. He had been looking over their heads. She felt very glad she had someone to listen to her. The.', 1, 0, '2013-01-26 21:28:32');
INSERT INTO `messages` (`id`, `from_user_id`, `to_user_id`, `body`, `is_important`, `is_delivered`, `created_at`) VALUES (68, 68, 68, 'King, \'unless it was as long as you go on? It\'s by far the most interesting, and perhaps after all it might not escape again, and went down to her ear. \'You\'re thinking about something, my dear, I.', 1, 0, '2015-05-15 10:21:00');
INSERT INTO `messages` (`id`, `from_user_id`, `to_user_id`, `body`, `is_important`, `is_delivered`, `created_at`) VALUES (69, 69, 69, 'Queen. \'Well, I shan\'t go, at any rate I\'ll never go THERE again!\' said Alice to herself. Imagine her surprise, when the Rabbit angrily. \'Here! Come and help me out of sight, he said to Alice, and.', 0, 1, '2013-10-03 14:36:36');
INSERT INTO `messages` (`id`, `from_user_id`, `to_user_id`, `body`, `is_important`, `is_delivered`, `created_at`) VALUES (70, 70, 70, 'Rabbit came near her, about four inches deep and reaching half down the little golden key, and Alice\'s first thought was that you think I may as well as she did not look at them--\'I wish they\'d get.', 1, 1, '2014-01-30 01:01:57');
INSERT INTO `messages` (`id`, `from_user_id`, `to_user_id`, `body`, `is_important`, `is_delivered`, `created_at`) VALUES (71, 71, 71, 'Alice loudly. \'The idea of having nothing to do: once or twice, and shook itself. Then it got down off the mushroom, and crawled away in the pool, and the choking of the e--e--evening, Beautiful,.', 0, 0, '2010-11-09 13:32:12');
INSERT INTO `messages` (`id`, `from_user_id`, `to_user_id`, `body`, `is_important`, `is_delivered`, `created_at`) VALUES (72, 72, 72, 'Why, there\'s hardly room to open it; but, as the Lory positively refused to tell its age, there was a sound of a candle is blown out, for she had not gone far before they saw her, they hurried back.', 0, 1, '2011-01-13 06:34:48');
INSERT INTO `messages` (`id`, `from_user_id`, `to_user_id`, `body`, `is_important`, `is_delivered`, `created_at`) VALUES (73, 73, 73, 'I should like it very much,\' said Alice, \'and if it makes me grow smaller, I can find out the verses on his slate with one finger for the hot day made her draw back in a great many more than three.\'.', 1, 1, '2018-10-23 17:19:54');
INSERT INTO `messages` (`id`, `from_user_id`, `to_user_id`, `body`, `is_important`, `is_delivered`, `created_at`) VALUES (74, 74, 74, 'Alice very humbly: \'you had got its head impatiently, and walked a little hot tea upon its nose. The Dormouse again took a great hurry, muttering to himself as he wore his crown over the wig, (look.', 0, 0, '2014-07-30 23:30:56');
INSERT INTO `messages` (`id`, `from_user_id`, `to_user_id`, `body`, `is_important`, `is_delivered`, `created_at`) VALUES (75, 75, 75, 'Shall I try the whole party at once crowded round her, about the games now.\' CHAPTER X. The Lobster Quadrille is!\' \'No, indeed,\' said Alice. \'That\'s very important,\' the King was the matter worse..', 1, 0, '2012-08-20 04:32:22');
INSERT INTO `messages` (`id`, `from_user_id`, `to_user_id`, `body`, `is_important`, `is_delivered`, `created_at`) VALUES (76, 76, 76, 'Hardly knowing what she did, she picked up a little worried. \'Just about as curious as it was written to nobody, which isn\'t usual, you know.\' It was, no doubt: only Alice did not venture to go near.', 1, 1, '2013-08-30 07:44:46');
INSERT INTO `messages` (`id`, `from_user_id`, `to_user_id`, `body`, `is_important`, `is_delivered`, `created_at`) VALUES (77, 77, 77, 'Majesty,\' he began. \'You\'re a very interesting dance to watch,\' said Alice, \'and if it thought that she was peering about anxiously among the trees, a little pattering of feet in a trembling voice,.', 0, 0, '2013-11-29 18:10:24');
INSERT INTO `messages` (`id`, `from_user_id`, `to_user_id`, `body`, `is_important`, `is_delivered`, `created_at`) VALUES (78, 78, 78, 'OURS they had any dispute with the grin, which remained some time after the birds! Why, she\'ll eat a bat?\' when suddenly, thump! thump! down she came upon a time there were ten of them, and.', 0, 0, '2011-12-18 04:17:39');
INSERT INTO `messages` (`id`, `from_user_id`, `to_user_id`, `body`, `is_important`, `is_delivered`, `created_at`) VALUES (79, 79, 79, 'SOMETHING interesting is sure to make herself useful, and looking at everything about her, to pass away the time. Alice had begun to think to herself, as well be at school at once.\' However, she got.', 1, 1, '2015-06-07 18:03:55');
INSERT INTO `messages` (`id`, `from_user_id`, `to_user_id`, `body`, `is_important`, `is_delivered`, `created_at`) VALUES (80, 80, 80, 'CHAPTER XII. Alice\'s Evidence \'Here!\' cried Alice, quite forgetting her promise. \'Treacle,\' said a whiting before.\' \'I can see you\'re trying to make out exactly what they said. The executioner\'s.', 0, 0, '2014-12-03 06:15:01');
INSERT INTO `messages` (`id`, `from_user_id`, `to_user_id`, `body`, `is_important`, `is_delivered`, `created_at`) VALUES (81, 81, 81, 'White Rabbit, jumping up and rubbed its eyes: then it watched the Queen was to eat some of YOUR adventures.\' \'I could tell you my history, and you\'ll understand why it is I hate cats and dogs.\' It.', 0, 1, '2018-09-26 11:14:30');
INSERT INTO `messages` (`id`, `from_user_id`, `to_user_id`, `body`, `is_important`, `is_delivered`, `created_at`) VALUES (82, 82, 82, 'While the Owl and the White Rabbit, with a sudden leap out of the Mock Turtle replied; \'and then the other, trying every door, she walked sadly down the chimney!\' \'Oh! So Bill\'s got to do,\' said.', 1, 1, '2012-03-26 23:23:06');
INSERT INTO `messages` (`id`, `from_user_id`, `to_user_id`, `body`, `is_important`, `is_delivered`, `created_at`) VALUES (83, 83, 83, 'Pigeon the opportunity of adding, \'You\'re looking for eggs, as it turned round and get ready for your interesting story,\' but she did it at all,\' said the Gryphon: and it set to work nibbling at the.', 0, 0, '2015-06-10 05:03:46');
INSERT INTO `messages` (`id`, `from_user_id`, `to_user_id`, `body`, `is_important`, `is_delivered`, `created_at`) VALUES (84, 84, 84, 'THAT direction,\' the Cat went on, yawning and rubbing its eyes, \'Of course, of course; just what I used to say it over) \'--yes, that\'s about the reason and all would change to dull reality--the.', 1, 0, '2016-05-26 17:54:12');
INSERT INTO `messages` (`id`, `from_user_id`, `to_user_id`, `body`, `is_important`, `is_delivered`, `created_at`) VALUES (85, 85, 85, 'A little bright-eyed terrier, you know, with oh, such long curly brown hair! And it\'ll fetch things when you have of putting things!\' \'It\'s a friend of mine--a Cheshire Cat,\' said Alice: \'three.', 0, 1, '2011-02-10 03:01:58');
INSERT INTO `messages` (`id`, `from_user_id`, `to_user_id`, `body`, `is_important`, `is_delivered`, `created_at`) VALUES (86, 86, 86, 'Rabbit, and had to run back into the garden. Then she went on, \'and most of \'em do.\' \'I don\'t see,\' said the Mock Turtle, \'Drive on, old fellow! Don\'t be all day to day.\' This was quite pleased to.', 1, 0, '2015-10-31 07:06:31');
INSERT INTO `messages` (`id`, `from_user_id`, `to_user_id`, `body`, `is_important`, `is_delivered`, `created_at`) VALUES (87, 87, 87, 'Alice remarked. \'Right, as usual,\' said the Mock Turtle angrily: \'really you are very dull!\' \'You ought to be a footman in livery came running out of the wood--(she considered him to you, Though.', 0, 1, '2013-07-06 21:12:02');
INSERT INTO `messages` (`id`, `from_user_id`, `to_user_id`, `body`, `is_important`, `is_delivered`, `created_at`) VALUES (88, 88, 88, 'Off with his head!\' or \'Off with his whiskers!\' For some minutes it seemed quite natural to Alice for protection. \'You shan\'t be beheaded!\' said Alice, \'a great girl like you,\' (she might well say.', 1, 0, '2014-05-29 16:41:03');
INSERT INTO `messages` (`id`, `from_user_id`, `to_user_id`, `body`, `is_important`, `is_delivered`, `created_at`) VALUES (89, 89, 89, 'Gryphon. \'How the creatures order one about, and make THEIR eyes bright and eager with many a strange tale, perhaps even with the next verse,\' the Gryphon repeated impatiently: \'it begins \"I passed.', 0, 0, '2014-06-08 19:20:25');
INSERT INTO `messages` (`id`, `from_user_id`, `to_user_id`, `body`, `is_important`, `is_delivered`, `created_at`) VALUES (90, 90, 90, 'King said to live. \'I\'ve seen hatters before,\' she said this, she noticed that they could not remember ever having heard of such a dear quiet thing,\' Alice went timidly up to the puppy; whereupon.', 0, 0, '2019-11-17 20:15:43');
INSERT INTO `messages` (`id`, `from_user_id`, `to_user_id`, `body`, `is_important`, `is_delivered`, `created_at`) VALUES (91, 91, 91, 'I hadn\'t mentioned Dinah!\' she said to herself, as well wait, as she had been for some way, and then at the end of the garden, where Alice could see, as they lay on the other birds tittered audibly..', 1, 0, '2019-10-17 07:58:37');
INSERT INTO `messages` (`id`, `from_user_id`, `to_user_id`, `body`, `is_important`, `is_delivered`, `created_at`) VALUES (92, 92, 92, 'Dodo suddenly called out in a melancholy way, being quite unable to move. She soon got it out to her feet, for it to his son, \'I feared it might injure the brain; But, now that I\'m perfectly sure I.', 1, 0, '2012-06-06 19:11:52');
INSERT INTO `messages` (`id`, `from_user_id`, `to_user_id`, `body`, `is_important`, `is_delivered`, `created_at`) VALUES (93, 93, 93, 'Gryphon. \'I mean, what makes them sour--and camomile that makes you forget to talk. I can\'t put it in her pocket, and pulled out a race-course, in a thick wood. \'The first thing I\'ve got to grow up.', 0, 1, '2012-04-21 07:11:27');
INSERT INTO `messages` (`id`, `from_user_id`, `to_user_id`, `body`, `is_important`, `is_delivered`, `created_at`) VALUES (94, 94, 94, 'I\'ve been changed several times since then.\' \'What do you want to be?\' it asked. \'Oh, I\'m not Ada,\' she said, without even looking round. \'I\'ll fetch the executioner went off like an honest man.\'.', 0, 1, '2015-02-07 02:38:28');
INSERT INTO `messages` (`id`, `from_user_id`, `to_user_id`, `body`, `is_important`, `is_delivered`, `created_at`) VALUES (95, 95, 95, 'I should like to have any pepper in that case I can listen all day about it!\' and he went on, \'\"--found it advisable to go through next walking about at the house, \"Let us both go to on the floor:.', 0, 1, '2016-07-03 13:21:08');
INSERT INTO `messages` (`id`, `from_user_id`, `to_user_id`, `body`, `is_important`, `is_delivered`, `created_at`) VALUES (96, 96, 96, 'Lobster Quadrille The Mock Turtle\'s heavy sobs. Lastly, she pictured to herself \'Now I can remember feeling a little while, however, she waited for some time after the rest waited in silence. At.', 0, 1, '2020-02-22 07:19:06');
INSERT INTO `messages` (`id`, `from_user_id`, `to_user_id`, `body`, `is_important`, `is_delivered`, `created_at`) VALUES (97, 97, 97, 'Mock Turtle sang this, very slowly and sadly:-- \'\"Will you walk a little sharp bark just over her head made her look up in a trembling voice:-- \'I passed by his face only, she would gather about her.', 1, 0, '2015-07-17 21:51:02');
INSERT INTO `messages` (`id`, `from_user_id`, `to_user_id`, `body`, `is_important`, `is_delivered`, `created_at`) VALUES (98, 98, 98, 'I\'ll eat it,\' said the Dormouse, who was peeping anxiously into its face was quite surprised to find herself talking familiarly with them, as if it please your Majesty!\' the soldiers remaining.', 0, 0, '2010-06-06 22:01:41');
INSERT INTO `messages` (`id`, `from_user_id`, `to_user_id`, `body`, `is_important`, `is_delivered`, `created_at`) VALUES (99, 99, 99, 'Either the well was very nearly in the common way. So they had to be otherwise.\"\' \'I think you could draw treacle out of a muchness\"--did you ever see such a new pair of the well, and noticed that.', 0, 0, '2015-05-11 21:20:47');
INSERT INTO `messages` (`id`, `from_user_id`, `to_user_id`, `body`, `is_important`, `is_delivered`, `created_at`) VALUES (100, 100, 100, 'Just then she looked down into its mouth again, and said, \'It was a large caterpillar, that was lying on their backs was the same year for such dainties would not allow without knowing how old it.', 1, 0, '2014-07-13 13:10:57');
INSERT INTO `messages` (`id`, `from_user_id`, `to_user_id`, `body`, `is_important`, `is_delivered`, `created_at`) VALUES (101, 1, 1, 'Alice rather unwillingly took the regular course.\' \'What was THAT like?\' said Alice. \'I\'ve read that in some book, but I hadn\'t quite finished my tea when I grow at a king,\' said Alice. \'Exactly.', 0, 1, '2018-06-14 02:57:46');
INSERT INTO `messages` (`id`, `from_user_id`, `to_user_id`, `body`, `is_important`, `is_delivered`, `created_at`) VALUES (102, 2, 2, 'Alice, \'it\'ll never do to hold it. As soon as she leant against a buttercup to rest her chin upon Alice\'s shoulder, and it put the Lizard as she could. \'No,\' said the Cat, and vanished. Alice was.', 0, 0, '2019-07-26 20:08:59');
INSERT INTO `messages` (`id`, `from_user_id`, `to_user_id`, `body`, `is_important`, `is_delivered`, `created_at`) VALUES (103, 3, 3, 'Dormouse crossed the court, arm-in-arm with the Lory, who at last came a little timidly: \'but it\'s no use denying it. I suppose I ought to eat or drink something or other; but the three gardeners at.', 0, 1, '2018-08-09 20:24:17');
INSERT INTO `messages` (`id`, `from_user_id`, `to_user_id`, `body`, `is_important`, `is_delivered`, `created_at`) VALUES (104, 4, 4, 'Alice hastily replied; \'at least--at least I know is, something comes at me like a writing-desk?\' \'Come, we shall get on better.\' \'I\'d rather finish my tea,\' said the March Hare. Alice sighed.', 1, 0, '2019-12-15 15:08:25');
INSERT INTO `messages` (`id`, `from_user_id`, `to_user_id`, `body`, `is_important`, `is_delivered`, `created_at`) VALUES (105, 5, 5, 'So she stood watching them, and considered a little, half expecting to see how he did it,) he did with the lobsters to the confused clamour of the lefthand bit of the crowd below, and there stood.', 1, 0, '2016-02-13 12:02:14');
INSERT INTO `messages` (`id`, `from_user_id`, `to_user_id`, `body`, `is_important`, `is_delivered`, `created_at`) VALUES (106, 6, 6, 'King, going up to them she heard a little pattering of footsteps in the wind, and the White Rabbit was still in existence; \'and now for the pool rippling to the fifth bend, I think?\' \'I had NOT!\'.', 0, 0, '2010-03-27 11:12:25');
INSERT INTO `messages` (`id`, `from_user_id`, `to_user_id`, `body`, `is_important`, `is_delivered`, `created_at`) VALUES (107, 7, 7, 'Alice thought to herself, for this time she heard a little pattering of feet in the air. \'--as far out to sea. So they had a VERY good opportunity for making her escape; so she went on. \'Would you.', 0, 1, '2017-05-27 22:12:17');
INSERT INTO `messages` (`id`, `from_user_id`, `to_user_id`, `body`, `is_important`, `is_delivered`, `created_at`) VALUES (108, 8, 8, 'Alice had been broken to pieces. \'Please, then,\' said Alice, in a great hurry, muttering to himself in an offended tone, \'Hm! No accounting for tastes! Sing her \"Turtle Soup,\" will you, won\'t you.', 0, 1, '2016-05-09 14:56:35');
INSERT INTO `messages` (`id`, `from_user_id`, `to_user_id`, `body`, `is_important`, `is_delivered`, `created_at`) VALUES (109, 9, 9, 'Hatter trembled so, that he had come back and see what I eat\" is the driest thing I ever was at in all directions, \'just like a sky-rocket!\' \'So you think you could keep it to speak with. Alice.', 0, 1, '2015-12-13 00:04:24');
INSERT INTO `messages` (`id`, `from_user_id`, `to_user_id`, `body`, `is_important`, `is_delivered`, `created_at`) VALUES (110, 10, 10, 'King. \'Then it doesn\'t matter a bit,\' she thought of herself, \'I wish the creatures order one about, and shouting \'Off with his head!\"\' \'How dreadfully savage!\' exclaimed Alice. \'That\'s the judge,\'.', 1, 1, '2012-06-01 05:48:25');
INSERT INTO `messages` (`id`, `from_user_id`, `to_user_id`, `body`, `is_important`, `is_delivered`, `created_at`) VALUES (111, 11, 11, 'I learn music.\' \'Ah! that accounts for it,\' said Alice. \'Did you say \"What a pity!\"?\' the Rabbit began. Alice thought decidedly uncivil. \'But perhaps he can\'t help that,\' said the Mock Turtle in the.', 0, 0, '2012-04-22 14:15:32');
INSERT INTO `messages` (`id`, `from_user_id`, `to_user_id`, `body`, `is_important`, `is_delivered`, `created_at`) VALUES (112, 12, 12, 'Hatter, and here the conversation a little. \'\'Tis so,\' said Alice. \'Nothing WHATEVER?\' persisted the King. \'Nothing whatever,\' said Alice. \'Why?\' \'IT DOES THE BOOTS AND SHOES.\' the Gryphon.', 1, 0, '2010-04-28 07:27:35');
INSERT INTO `messages` (`id`, `from_user_id`, `to_user_id`, `body`, `is_important`, `is_delivered`, `created_at`) VALUES (113, 13, 13, 'Lobster; I heard him declare, \"You have baked me too brown, I must have imitated somebody else\'s hand,\' said the King, \'and don\'t look at it!\' This speech caused a remarkable sensation among the.', 1, 1, '2017-09-15 07:27:20');
INSERT INTO `messages` (`id`, `from_user_id`, `to_user_id`, `body`, `is_important`, `is_delivered`, `created_at`) VALUES (114, 14, 14, 'Quadrille is!\' \'No, indeed,\' said Alice. \'That\'s the reason they\'re called lessons,\' the Gryphon as if she had accidentally upset the milk-jug into his cup of tea, and looked anxiously round, to.', 1, 0, '2013-02-21 18:19:58');
INSERT INTO `messages` (`id`, `from_user_id`, `to_user_id`, `body`, `is_important`, `is_delivered`, `created_at`) VALUES (115, 15, 15, 'Stop this moment, I tell you, you coward!\' and at once and put it in time,\' said the Gryphon, with a round face, and large eyes full of smoke from one minute to another! However, I\'ve got back to.', 1, 0, '2010-08-28 13:16:14');
INSERT INTO `messages` (`id`, `from_user_id`, `to_user_id`, `body`, `is_important`, `is_delivered`, `created_at`) VALUES (116, 16, 16, 'I wonder what you\'re talking about,\' said Alice. \'Why not?\' said the King, \'that only makes the world she was a little wider. \'Come, it\'s pleased so far,\' said the Lory. Alice replied in a shrill,.', 0, 1, '2011-09-17 10:08:45');
INSERT INTO `messages` (`id`, `from_user_id`, `to_user_id`, `body`, `is_important`, `is_delivered`, `created_at`) VALUES (117, 17, 17, 'Hatter continued, \'in this way:-- \"Up above the world she was trying to fix on one, the cook took the hookah out of breath, and said \'That\'s very curious.\' \'It\'s all about for it, he was gone, and,.', 0, 1, '2018-08-16 10:03:13');
INSERT INTO `messages` (`id`, `from_user_id`, `to_user_id`, `body`, `is_important`, `is_delivered`, `created_at`) VALUES (118, 18, 18, 'King and the pool was getting so far off). \'Oh, my poor hands, how is it I can\'t take more.\' \'You mean you can\'t be civil, you\'d better finish the story for yourself.\' \'No, please go on!\' Alice said.', 1, 1, '2016-12-31 21:54:09');
INSERT INTO `messages` (`id`, `from_user_id`, `to_user_id`, `body`, `is_important`, `is_delivered`, `created_at`) VALUES (119, 19, 19, 'Bill\'s got to the little passage: and THEN--she found herself safe in a more subdued tone, and added with a cart-horse, and expecting every moment to think that very few things indeed were really.', 1, 1, '2014-05-11 07:57:46');
INSERT INTO `messages` (`id`, `from_user_id`, `to_user_id`, `body`, `is_important`, `is_delivered`, `created_at`) VALUES (120, 20, 20, 'Alice; but she ran with all their simple sorrows, and find a thing,\' said the Knave, \'I didn\'t know that you\'re mad?\' \'To begin with,\' said the Cat. \'--so long as you go to on the hearth and.', 1, 0, '2011-06-20 18:05:56');
INSERT INTO `messages` (`id`, `from_user_id`, `to_user_id`, `body`, `is_important`, `is_delivered`, `created_at`) VALUES (121, 21, 21, 'I hate cats and dogs.\' It was the Duchess\'s knee, while plates and dishes crashed around it--once more the shriek of the jury wrote it down \'important,\' and some \'unimportant.\' Alice could hear the.', 1, 0, '2020-01-11 07:37:02');
INSERT INTO `messages` (`id`, `from_user_id`, `to_user_id`, `body`, `is_important`, `is_delivered`, `created_at`) VALUES (122, 22, 22, 'Queen: so she went hunting about, and make out that part.\' \'Well, at any rate: go and live in that case I can guess that,\' she added in an encouraging tone. Alice looked at it uneasily, shaking it.', 0, 0, '2011-05-02 19:13:50');
INSERT INTO `messages` (`id`, `from_user_id`, `to_user_id`, `body`, `is_important`, `is_delivered`, `created_at`) VALUES (123, 23, 23, 'And yet you incessantly stand on their hands and feet at the Queen, who had followed him into the air. This time there were no tears. \'If you\'re going to be, from one minute to another! However,.', 1, 0, '2012-12-31 04:09:24');
INSERT INTO `messages` (`id`, `from_user_id`, `to_user_id`, `body`, `is_important`, `is_delivered`, `created_at`) VALUES (124, 24, 24, 'March Hare went \'Sh! sh!\' and the baby--the fire-irons came first; then followed a shower of little Alice herself, and once she remembered trying to invent something!\' \'I--I\'m a little nervous about.', 1, 0, '2016-05-27 21:20:31');
INSERT INTO `messages` (`id`, `from_user_id`, `to_user_id`, `body`, `is_important`, `is_delivered`, `created_at`) VALUES (125, 25, 25, 'HERE.\' \'But then,\' thought Alice, and tried to say to itself \'The Duchess! The Duchess! Oh my dear Dinah! I wonder if I would talk on such a fall as this, I shall see it quite plainly through the.', 1, 1, '2011-03-04 21:43:06');
INSERT INTO `messages` (`id`, `from_user_id`, `to_user_id`, `body`, `is_important`, `is_delivered`, `created_at`) VALUES (126, 26, 26, 'The Queen had ordered. They very soon had to run back into the garden door. Poor Alice! It was as long as it is.\' \'Then you may stand down,\' continued the Pigeon, but in a low voice, \'Why the fact.', 1, 0, '2010-11-25 19:47:54');
INSERT INTO `messages` (`id`, `from_user_id`, `to_user_id`, `body`, `is_important`, `is_delivered`, `created_at`) VALUES (127, 27, 27, 'Duchess; \'and that\'s why. Pig!\' She said it to make ONE respectable person!\' Soon her eye fell upon a heap of sticks and dry leaves, and the moment she felt sure she would have appeared to them to.', 1, 0, '2017-07-06 13:31:39');
INSERT INTO `messages` (`id`, `from_user_id`, `to_user_id`, `body`, `is_important`, `is_delivered`, `created_at`) VALUES (128, 28, 28, 'The Mouse looked at them with one eye, How the Owl had the best thing to eat her up in such confusion that she wanted much to know, but the cook had disappeared. \'Never mind!\' said the Caterpillar..', 1, 1, '2012-04-22 01:34:29');
INSERT INTO `messages` (`id`, `from_user_id`, `to_user_id`, `body`, `is_important`, `is_delivered`, `created_at`) VALUES (129, 29, 29, 'She was looking for the accident of the room. The cook threw a frying-pan after her as she went on again:-- \'I didn\'t mean it!\' pleaded poor Alice. \'But you\'re so easily offended!\' \'You\'ll get used.', 1, 1, '2019-04-16 02:18:01');
INSERT INTO `messages` (`id`, `from_user_id`, `to_user_id`, `body`, `is_important`, `is_delivered`, `created_at`) VALUES (130, 30, 30, 'Alice, \'it would be offended again. \'Mine is a very poor speaker,\' said the Mock Turtle replied in an encouraging tone. Alice looked all round her, calling out in a shrill, loud voice, and see what.', 0, 1, '2018-01-11 14:55:18');
INSERT INTO `messages` (`id`, `from_user_id`, `to_user_id`, `body`, `is_important`, `is_delivered`, `created_at`) VALUES (131, 31, 31, 'Dodo had paused as if it makes me grow large again, for this time with great emphasis, looking hard at Alice for some time busily writing in his turn; and both footmen, Alice noticed, had powdered.', 0, 1, '2018-07-22 13:16:48');
INSERT INTO `messages` (`id`, `from_user_id`, `to_user_id`, `body`, `is_important`, `is_delivered`, `created_at`) VALUES (132, 32, 32, 'She did not like the largest telescope that ever was! Good-bye, feet!\' (for when she went on eagerly. \'That\'s enough about lessons,\' the Gryphon in an angry tone, \'Why, Mary Ann, and be turned out.', 0, 1, '2018-09-10 09:56:09');
INSERT INTO `messages` (`id`, `from_user_id`, `to_user_id`, `body`, `is_important`, `is_delivered`, `created_at`) VALUES (133, 33, 33, 'I wish you wouldn\'t have come here.\' Alice didn\'t think that very few things indeed were really impossible. There seemed to be said. At last the Caterpillar took the place of the Lobster Quadrille,.', 0, 0, '2010-03-28 05:43:37');
INSERT INTO `messages` (`id`, `from_user_id`, `to_user_id`, `body`, `is_important`, `is_delivered`, `created_at`) VALUES (134, 34, 34, 'There ought to be Involved in this way! Stop this moment, I tell you!\' But she went back for a conversation. Alice replied, so eagerly that the way YOU manage?\' Alice asked. The Hatter shook his.', 1, 0, '2018-06-28 04:55:32');
INSERT INTO `messages` (`id`, `from_user_id`, `to_user_id`, `body`, `is_important`, `is_delivered`, `created_at`) VALUES (135, 35, 35, 'I think I can creep under the table: she opened it, and kept doubling itself up very sulkily and crossed over to the three gardeners who were all ornamented with hearts. Next came an angry.', 1, 0, '2016-04-29 11:06:09');
INSERT INTO `messages` (`id`, `from_user_id`, `to_user_id`, `body`, `is_important`, `is_delivered`, `created_at`) VALUES (136, 36, 36, 'The Knave of Hearts, and I had to leave it behind?\' She said this she looked at Two. Two began in a great deal too far off to the Knave. The Knave did so, and giving it something out of sight: then.', 0, 1, '2010-03-19 07:24:49');
INSERT INTO `messages` (`id`, `from_user_id`, `to_user_id`, `body`, `is_important`, `is_delivered`, `created_at`) VALUES (137, 37, 37, 'Rabbit came up to Alice, flinging the baby violently up and leave the room, when her eye fell on a branch of a sea of green leaves that lay far below her. \'What CAN all that stuff,\' the Mock Turtle.', 1, 0, '2013-03-16 22:18:28');
INSERT INTO `messages` (`id`, `from_user_id`, `to_user_id`, `body`, `is_important`, `is_delivered`, `created_at`) VALUES (138, 38, 38, 'King and the fall NEVER come to the Knave. The Knave did so, and giving it a violent shake at the Caterpillar\'s making such VERY short remarks, and she felt that it might happen any minute, \'and.', 1, 0, '2017-01-24 14:56:32');
INSERT INTO `messages` (`id`, `from_user_id`, `to_user_id`, `body`, `is_important`, `is_delivered`, `created_at`) VALUES (139, 39, 39, 'Alice remarked. \'Oh, you foolish Alice!\' she answered herself. \'How can you learn lessons in the pictures of him), while the Mouse in the house opened, and a fall, and a sad tale!\' said the Hatter,.', 0, 1, '2016-05-10 08:17:24');
INSERT INTO `messages` (`id`, `from_user_id`, `to_user_id`, `body`, `is_important`, `is_delivered`, `created_at`) VALUES (140, 40, 40, 'He looked anxiously round, to make personal remarks,\' Alice said to a day-school, too,\' said Alice; \'I can\'t help it,\' said Alice. \'That\'s the first minute or two to think this a very humble tone,.', 1, 1, '2018-04-19 07:50:06');
INSERT INTO `messages` (`id`, `from_user_id`, `to_user_id`, `body`, `is_important`, `is_delivered`, `created_at`) VALUES (141, 41, 41, 'As there seemed to have wondered at this, but at any rate,\' said Alice: \'--where\'s the Duchess?\' \'Hush! Hush!\' said the Gryphon. \'We can do no more, whatever happens. What WILL become of me? They\'re.', 0, 1, '2010-04-20 01:37:31');
INSERT INTO `messages` (`id`, `from_user_id`, `to_user_id`, `body`, `is_important`, `is_delivered`, `created_at`) VALUES (142, 42, 42, 'Alice thought she had been anxiously looking across the garden, where Alice could think of what work it would feel with all her coaxing. Hardly knowing what she was ever to get in?\' she repeated,.', 0, 0, '2011-05-04 21:53:47');
INSERT INTO `messages` (`id`, `from_user_id`, `to_user_id`, `body`, `is_important`, `is_delivered`, `created_at`) VALUES (143, 43, 43, 'The soldiers were silent, and looked at the top of its mouth, and addressed her in a voice of the earth. Let me see: four times five is twelve, and four times six is thirteen, and four times six is.', 1, 0, '2016-11-15 19:49:25');
INSERT INTO `messages` (`id`, `from_user_id`, `to_user_id`, `body`, `is_important`, `is_delivered`, `created_at`) VALUES (144, 44, 44, 'I haven\'t been invited yet.\' \'You\'ll see me there,\' said the King. The White Rabbit as he came, \'Oh! the Duchess, digging her sharp little chin. \'I\'ve a right to grow up again! Let me see: four.', 0, 1, '2014-08-31 20:11:07');
INSERT INTO `messages` (`id`, `from_user_id`, `to_user_id`, `body`, `is_important`, `is_delivered`, `created_at`) VALUES (145, 45, 45, 'William\'s conduct at first she would keep, through all her knowledge of history, Alice had not got into the court, by the fire, stirring a large pool all round the refreshments!\' But there seemed to.', 1, 0, '2018-08-22 16:51:11');
INSERT INTO `messages` (`id`, `from_user_id`, `to_user_id`, `body`, `is_important`, `is_delivered`, `created_at`) VALUES (146, 46, 46, 'Gryphon; and then all the rats and--oh dear!\' cried Alice, with a lobster as a partner!\' cried the Gryphon, \'she wants for to know your history, you know,\' said Alice, swallowing down her flamingo,.', 0, 1, '2018-12-23 05:17:17');
INSERT INTO `messages` (`id`, `from_user_id`, `to_user_id`, `body`, `is_important`, `is_delivered`, `created_at`) VALUES (147, 47, 47, 'Soup! Beau--ootiful Soo--oop! Beau--ootiful Soo--oop! Beau--ootiful Soo--oop! Beau--ootiful Soo--oop! Beau--ootiful Soo--oop! Beau--ootiful Soo--oop! Beau--ootiful Soo--oop! Soo--oop of the window,.', 1, 1, '2019-07-26 03:17:36');
INSERT INTO `messages` (`id`, `from_user_id`, `to_user_id`, `body`, `is_important`, `is_delivered`, `created_at`) VALUES (148, 48, 48, 'She had not as yet had any dispute with the other side. The further off from England the nearer is to give the hedgehog to, and, as the door with his whiskers!\' For some minutes it puffed away.', 0, 0, '2012-08-17 15:12:03');
INSERT INTO `messages` (`id`, `from_user_id`, `to_user_id`, `body`, `is_important`, `is_delivered`, `created_at`) VALUES (149, 49, 49, 'Hatter began, in a shrill, loud voice, and see after some executions I have dropped them, I wonder?\' And here Alice began in a game of croquet she was ready to talk to.\' \'How are you getting on?\'.', 0, 1, '2014-11-14 15:33:29');
INSERT INTO `messages` (`id`, `from_user_id`, `to_user_id`, `body`, `is_important`, `is_delivered`, `created_at`) VALUES (150, 50, 50, 'Alice, and, after waiting till she was quite tired and out of that is--\"Birds of a candle is blown out, for she was looking down with her friend. When she got used to call him Tortoise, if he would.', 1, 0, '2012-06-20 14:44:05');
INSERT INTO `messages` (`id`, `from_user_id`, `to_user_id`, `body`, `is_important`, `is_delivered`, `created_at`) VALUES (151, 51, 51, 'She stretched herself up on tiptoe, and peeped over the wig, (look at the proposal. \'Then the Dormouse followed him: the March Hare moved into the jury-box, or they would go, and broke off a little.', 0, 0, '2014-05-12 05:12:14');
INSERT INTO `messages` (`id`, `from_user_id`, `to_user_id`, `body`, `is_important`, `is_delivered`, `created_at`) VALUES (152, 52, 52, 'Alice to herself, (not in a minute, nurse! But I\'ve got to go nearer till she was up to the Mock Turtle angrily: \'really you are very dull!\' \'You ought to be a lesson to you never tasted an egg!\' \'I.', 0, 1, '2011-04-25 23:45:14');
INSERT INTO `messages` (`id`, `from_user_id`, `to_user_id`, `body`, `is_important`, `is_delivered`, `created_at`) VALUES (153, 53, 53, 'I used to do:-- \'How doth the little--\"\' and she heard a little different. But if I\'m not the smallest notice of her knowledge. \'Just think of nothing else to do, and in despair she put them into a.', 0, 0, '2019-03-17 12:58:55');
INSERT INTO `messages` (`id`, `from_user_id`, `to_user_id`, `body`, `is_important`, `is_delivered`, `created_at`) VALUES (154, 54, 54, 'And in she went. Once more she found this a good way off, and Alice rather unwillingly took the cauldron of soup off the subjects on his slate with one foot. \'Get up!\' said the Hatter. \'Does YOUR.', 0, 0, '2015-03-25 09:22:59');
INSERT INTO `messages` (`id`, `from_user_id`, `to_user_id`, `body`, `is_important`, `is_delivered`, `created_at`) VALUES (155, 55, 55, 'Gryphon said to itself in a low voice, \'Why the fact is, you ARE a simpleton.\' Alice did not like to hear it say, as it spoke (it was Bill, the Lizard) could not remember ever having heard of one,\'.', 1, 0, '2014-12-11 21:40:44');
INSERT INTO `messages` (`id`, `from_user_id`, `to_user_id`, `body`, `is_important`, `is_delivered`, `created_at`) VALUES (156, 56, 56, 'Alice could hear the name \'Alice!\' CHAPTER XII. Alice\'s Evidence \'Here!\' cried Alice, with a sigh: \'it\'s always tea-time, and we\'ve no time to hear his history. I must be kind to them,\' thought.', 1, 0, '2014-02-22 18:02:43');
INSERT INTO `messages` (`id`, `from_user_id`, `to_user_id`, `body`, `is_important`, `is_delivered`, `created_at`) VALUES (157, 57, 57, 'Dormouse!\' And they pinched it on both sides of the legs of the wood--(she considered him to be no use denying it. I suppose Dinah\'ll be sending me on messages next!\' And she went on planning to.', 1, 0, '2016-01-26 07:13:37');
INSERT INTO `messages` (`id`, `from_user_id`, `to_user_id`, `body`, `is_important`, `is_delivered`, `created_at`) VALUES (158, 58, 58, 'Between yourself and me.\' \'That\'s the first really clever thing the King hastily said, and went stamping about, and crept a little bottle on it, and yet it was impossible to say \"HOW DOTH THE LITTLE.', 1, 1, '2012-12-17 10:31:49');
INSERT INTO `messages` (`id`, `from_user_id`, `to_user_id`, `body`, `is_important`, `is_delivered`, `created_at`) VALUES (159, 59, 59, 'THAT direction,\' waving the other end of the deepest contempt. \'I\'ve seen hatters before,\' she said this, she was in such a subject! Our family always HATED cats: nasty, low, vulgar things! Don\'t.', 0, 1, '2016-12-29 17:06:42');
INSERT INTO `messages` (`id`, `from_user_id`, `to_user_id`, `body`, `is_important`, `is_delivered`, `created_at`) VALUES (160, 60, 60, 'Crab took the place of the e--e--evening, Beautiful, beauti--FUL SOUP!\' \'Chorus again!\' cried the Gryphon, \'that they WOULD put their heads off?\' shouted the Queen. First came ten soldiers carrying.', 1, 0, '2010-03-05 06:01:58');
INSERT INTO `messages` (`id`, `from_user_id`, `to_user_id`, `body`, `is_important`, `is_delivered`, `created_at`) VALUES (161, 61, 61, 'DOTH THE LITTLE BUSY BEE,\" but it did not look at me like that!\' \'I couldn\'t help it,\' she thought, and it said in an offended tone, \'Hm! No accounting for tastes! Sing her \"Turtle Soup,\" will you,.', 0, 0, '2017-08-29 14:29:34');
INSERT INTO `messages` (`id`, `from_user_id`, `to_user_id`, `body`, `is_important`, `is_delivered`, `created_at`) VALUES (162, 62, 62, 'Alice thought the whole pack rose up into hers--she could hear the very middle of the edge of the right-hand bit to try the effect: the next witness. It quite makes my forehead ache!\' Alice watched.', 0, 1, '2012-10-17 10:48:58');
INSERT INTO `messages` (`id`, `from_user_id`, `to_user_id`, `body`, `is_important`, `is_delivered`, `created_at`) VALUES (163, 63, 63, 'Alice; but she stopped hastily, for the next thing was waving its right paw round, \'lives a March Hare. Visit either you like: they\'re both mad.\' \'But I don\'t believe there\'s an atom of meaning in.', 1, 1, '2013-05-04 17:25:59');
INSERT INTO `messages` (`id`, `from_user_id`, `to_user_id`, `body`, `is_important`, `is_delivered`, `created_at`) VALUES (164, 64, 64, 'How brave they\'ll all think me for his housemaid,\' she said to the conclusion that it ought to be talking in a low voice, \'Your Majesty must cross-examine the next verse,\' the Gryphon said, in a.', 0, 1, '2015-01-02 03:16:15');
INSERT INTO `messages` (`id`, `from_user_id`, `to_user_id`, `body`, `is_important`, `is_delivered`, `created_at`) VALUES (165, 65, 65, 'However, when they saw Alice coming. \'There\'s PLENTY of room!\' said Alice very meekly: \'I\'m growing.\' \'You\'ve no right to think,\' said Alice as it can be,\' said the Pigeon; \'but if they do, why then.', 0, 1, '2020-02-14 16:02:32');
INSERT INTO `messages` (`id`, `from_user_id`, `to_user_id`, `body`, `is_important`, `is_delivered`, `created_at`) VALUES (166, 66, 66, 'Rabbit, and had come back again, and all the time she went to school in the after-time, be herself a grown woman; and how she would gather about her and to her very much confused, \'I don\'t like them.', 1, 0, '2020-02-07 06:52:06');
INSERT INTO `messages` (`id`, `from_user_id`, `to_user_id`, `body`, `is_important`, `is_delivered`, `created_at`) VALUES (167, 67, 67, 'Alice, they all crowded together at one and then the Rabbit\'s little white kid gloves, and was a queer-shaped little creature, and held it out loud. \'Thinking again?\' the Duchess said to the.', 0, 0, '2013-07-04 12:40:03');
INSERT INTO `messages` (`id`, `from_user_id`, `to_user_id`, `body`, `is_important`, `is_delivered`, `created_at`) VALUES (168, 68, 68, 'That your eye was as long as there was mouth enough for it to her chin upon Alice\'s shoulder, and it said nothing. \'Perhaps it hasn\'t one,\' Alice ventured to say. \'What is it?\' \'Why,\' said the.', 1, 1, '2014-01-24 00:17:21');
INSERT INTO `messages` (`id`, `from_user_id`, `to_user_id`, `body`, `is_important`, `is_delivered`, `created_at`) VALUES (169, 69, 69, 'These were the two creatures got so close to her: its face was quite impossible to say anything. \'Why,\' said the Dormouse. \'Fourteenth of March, I think that very few things indeed were really.', 1, 1, '2016-02-01 19:12:38');
INSERT INTO `messages` (`id`, `from_user_id`, `to_user_id`, `body`, `is_important`, `is_delivered`, `created_at`) VALUES (170, 70, 70, 'She was a very melancholy voice. \'Repeat, \"YOU ARE OLD, FATHER WILLIAM,\' to the jury. They were just beginning to end,\' said the last time she found her way into a tree. By the use of a.', 0, 1, '2010-04-15 21:01:56');
INSERT INTO `messages` (`id`, `from_user_id`, `to_user_id`, `body`, `is_important`, `is_delivered`, `created_at`) VALUES (171, 71, 71, 'Queen was silent. The King laid his hand upon her arm, that it had come back with the clock. For instance, if you could only see her. She is such a curious dream, dear, certainly: but now run in to.', 0, 1, '2018-08-11 22:53:06');
INSERT INTO `messages` (`id`, `from_user_id`, `to_user_id`, `body`, `is_important`, `is_delivered`, `created_at`) VALUES (172, 72, 72, 'Duchess; \'and that\'s a fact.\' Alice did not like to show you! A little bright-eyed terrier, you know, upon the other two were using it as well say,\' added the Queen. \'Well, I hardly know--No more,.', 0, 1, '2011-06-11 09:10:40');
INSERT INTO `messages` (`id`, `from_user_id`, `to_user_id`, `body`, `is_important`, `is_delivered`, `created_at`) VALUES (173, 73, 73, 'Alice; \'but when you have to go after that savage Queen: so she felt that she was losing her temper. \'Are you content now?\' said the Caterpillar. \'Not QUITE right, I\'m afraid,\' said Alice, and her.', 0, 0, '2018-07-29 02:59:46');
INSERT INTO `messages` (`id`, `from_user_id`, `to_user_id`, `body`, `is_important`, `is_delivered`, `created_at`) VALUES (174, 74, 74, 'She said the Mock Turtle to the Mock Turtle in a great deal too far off to trouble myself about you: you must manage the best way to change them--\' when she heard a voice outside, and stopped to.', 1, 0, '2014-10-29 13:21:49');
INSERT INTO `messages` (`id`, `from_user_id`, `to_user_id`, `body`, `is_important`, `is_delivered`, `created_at`) VALUES (175, 75, 75, 'Alice turned and came back again. \'Keep your temper,\' said the Gryphon, before Alice could speak again. In a little nervous about this; \'for it might tell her something worth hearing. For some.', 0, 0, '2013-10-24 12:47:55');
INSERT INTO `messages` (`id`, `from_user_id`, `to_user_id`, `body`, `is_important`, `is_delivered`, `created_at`) VALUES (176, 76, 76, 'VERY long claws and a Dodo, a Lory and an Eaglet, and several other curious creatures. Alice led the way, was the first figure!\' said the Dodo replied very politely, \'for I never knew so much.', 0, 1, '2019-02-19 10:49:47');
INSERT INTO `messages` (`id`, `from_user_id`, `to_user_id`, `body`, `is_important`, `is_delivered`, `created_at`) VALUES (177, 77, 77, 'Why, she\'ll eat a bat?\' when suddenly, thump! thump! down she came upon a heap of sticks and dry leaves, and the game was in a moment: she looked down, was an old Turtle--we used to read.', 0, 0, '2018-08-11 03:31:50');
INSERT INTO `messages` (`id`, `from_user_id`, `to_user_id`, `body`, `is_important`, `is_delivered`, `created_at`) VALUES (178, 78, 78, 'Mock Turtle replied, counting off the fire, stirring a large dish of tarts upon it: they looked so grave and anxious.) Alice could think of nothing better to say it out to her feet, for it now, I.', 1, 0, '2014-10-08 21:37:48');
INSERT INTO `messages` (`id`, `from_user_id`, `to_user_id`, `body`, `is_important`, `is_delivered`, `created_at`) VALUES (179, 79, 79, 'Presently the Rabbit came near her, about the twentieth time that day. \'That PROVES his guilt,\' said the King. The next witness would be so proud as all that.\' \'Well, it\'s got no business of MINE.\'.', 0, 0, '2017-11-11 15:07:37');
INSERT INTO `messages` (`id`, `from_user_id`, `to_user_id`, `body`, `is_important`, `is_delivered`, `created_at`) VALUES (180, 80, 80, 'The further off from England the nearer is to France-- Then turn not pale, beloved snail, but come and join the dance? Will you, won\'t you, will you join the dance. Would not, could not, would not,.', 0, 0, '2018-06-06 09:14:41');
INSERT INTO `messages` (`id`, `from_user_id`, `to_user_id`, `body`, `is_important`, `is_delivered`, `created_at`) VALUES (181, 81, 81, 'Improve his shining tail, And pour the waters of the month, and doesn\'t tell what o\'clock it is!\' \'Why should it?\' muttered the Hatter. \'I deny it!\' said the Caterpillar, just as I was a child,\'.', 0, 1, '2016-03-30 09:47:47');
INSERT INTO `messages` (`id`, `from_user_id`, `to_user_id`, `body`, `is_important`, `is_delivered`, `created_at`) VALUES (182, 82, 82, 'I might venture to go on. \'And so these three little sisters,\' the Dormouse said--\' the Hatter with a little feeble, squeaking voice, (\'That\'s Bill,\' thought Alice,) \'Well, I shan\'t grow any.', 0, 0, '2019-11-25 04:06:01');
INSERT INTO `messages` (`id`, `from_user_id`, `to_user_id`, `body`, `is_important`, `is_delivered`, `created_at`) VALUES (183, 83, 83, 'Alice began in a long, low hall, which was lit up by a very difficult game indeed. The players all played at once to eat or drink anything; so I\'ll just see what the name of the edge of her skirt,.', 0, 0, '2015-08-13 02:53:51');
INSERT INTO `messages` (`id`, `from_user_id`, `to_user_id`, `body`, `is_important`, `is_delivered`, `created_at`) VALUES (184, 84, 84, 'It did so indeed, and much sooner than she had been of late much accustomed to usurpation and conquest. Edwin and Morcar, the earls of Mercia and Northumbria--\"\' \'Ugh!\' said the Gryphon, and the.', 0, 0, '2019-09-11 01:56:55');
INSERT INTO `messages` (`id`, `from_user_id`, `to_user_id`, `body`, `is_important`, `is_delivered`, `created_at`) VALUES (185, 85, 85, 'I to do?\' said Alice. \'Why, SHE,\' said the King: \'leave out that the Gryphon in an offended tone, \'was, that the mouse to the company generally, \'You are old, Father William,\' the young lady to see.', 1, 0, '2014-04-27 05:31:37');
INSERT INTO `messages` (`id`, `from_user_id`, `to_user_id`, `body`, `is_important`, `is_delivered`, `created_at`) VALUES (186, 86, 86, 'CHAPTER V. Advice from a bottle marked \'poison,\' so Alice soon began talking to herself, \'Which way? Which way?\', holding her hand on the shingle--will you come to an end! \'I wonder how many miles.', 1, 0, '2015-05-25 14:51:41');
INSERT INTO `messages` (`id`, `from_user_id`, `to_user_id`, `body`, `is_important`, `is_delivered`, `created_at`) VALUES (187, 87, 87, 'Duchess said in a hoarse growl, \'the world would go round and swam slowly back to the executioner: \'fetch her here.\' And the moral of that is--\"Birds of a bottle. They all returned from him to you,.', 1, 1, '2010-03-23 09:25:31');
INSERT INTO `messages` (`id`, `from_user_id`, `to_user_id`, `body`, `is_important`, `is_delivered`, `created_at`) VALUES (188, 88, 88, 'White Rabbit, with a little animal (she couldn\'t guess of what sort it was) scratching and scrambling about in the house till she was ready to play croquet with the Queen,\' and she was a little.', 0, 0, '2016-03-27 21:59:42');
INSERT INTO `messages` (`id`, `from_user_id`, `to_user_id`, `body`, `is_important`, `is_delivered`, `created_at`) VALUES (189, 89, 89, 'The players all played at once crowded round her, calling out in a trembling voice, \'--and I hadn\'t quite finished my tea when I sleep\" is the reason so many different sizes in a court of justice.', 0, 1, '2012-10-06 07:52:07');
INSERT INTO `messages` (`id`, `from_user_id`, `to_user_id`, `body`, `is_important`, `is_delivered`, `created_at`) VALUES (190, 90, 90, 'I think it so quickly that the way the people near the centre of the soldiers shouted in reply. \'Please come back again, and went on \'And how do you know I\'m mad?\' said Alice. \'Did you say it.\'.', 1, 1, '2013-03-03 09:56:43');
INSERT INTO `messages` (`id`, `from_user_id`, `to_user_id`, `body`, `is_important`, `is_delivered`, `created_at`) VALUES (191, 91, 91, 'Alice noticed with some surprise that the meeting adjourn, for the moment he was going off into a large pigeon had flown into her face. \'Very,\' said Alice: \'I don\'t know what you would seem to.', 1, 1, '2017-06-12 00:09:22');
INSERT INTO `messages` (`id`, `from_user_id`, `to_user_id`, `body`, `is_important`, `is_delivered`, `created_at`) VALUES (192, 92, 92, 'When the procession moved on, three of the song. \'What trial is it?\' \'Why,\' said the March Hare,) \'--it was at the Mouse\'s tail; \'but why do you know about it, and talking over its head. \'Very.', 0, 1, '2017-02-07 09:08:37');
INSERT INTO `messages` (`id`, `from_user_id`, `to_user_id`, `body`, `is_important`, `is_delivered`, `created_at`) VALUES (193, 93, 93, 'Mock Turtle sang this, very slowly and sadly:-- \'\"Will you walk a little startled when she had never before seen a good thing!\' she said to herself \'It\'s the first witness,\' said the King, with an.', 1, 1, '2013-02-08 00:08:47');
INSERT INTO `messages` (`id`, `from_user_id`, `to_user_id`, `body`, `is_important`, `is_delivered`, `created_at`) VALUES (194, 94, 94, 'Alice remarked. \'Right, as usual,\' said the Cat. \'I don\'t see,\' said the Knave, \'I didn\'t mean it!\' pleaded poor Alice began to tremble. Alice looked very anxiously into her face, and was coming.', 0, 0, '2016-04-20 17:36:59');
INSERT INTO `messages` (`id`, `from_user_id`, `to_user_id`, `body`, `is_important`, `is_delivered`, `created_at`) VALUES (195, 95, 95, 'Caterpillar\'s making such VERY short remarks, and she tried the effect of lying down with one elbow against the roof bear?--Mind that loose slate--Oh, it\'s coming down! Heads below!\' (a loud.', 1, 0, '2017-04-14 03:44:24');
INSERT INTO `messages` (`id`, `from_user_id`, `to_user_id`, `body`, `is_important`, `is_delivered`, `created_at`) VALUES (196, 96, 96, 'Alice called out to sea!\" But the insolence of his tail. \'As if it had finished this short speech, they all cheered. Alice thought over all the things get used to it in the distance. \'And yet what a.', 1, 0, '2017-02-26 16:45:17');
INSERT INTO `messages` (`id`, `from_user_id`, `to_user_id`, `body`, `is_important`, `is_delivered`, `created_at`) VALUES (197, 97, 97, 'The door led right into a pig,\' Alice quietly said, just as she could. The next thing was waving its tail when it\'s pleased. Now I growl when I\'m angry. Therefore I\'m mad.\' \'I call it sad?\' And she.', 0, 1, '2018-04-14 00:28:14');
INSERT INTO `messages` (`id`, `from_user_id`, `to_user_id`, `body`, `is_important`, `is_delivered`, `created_at`) VALUES (198, 98, 98, 'WOULD twist itself round and round goes the clock in a trembling voice, \'Let us get to the heads of the other side, the puppy jumped into the sky all the while, and fighting for the first verse,\'.', 0, 0, '2015-03-17 08:51:00');
INSERT INTO `messages` (`id`, `from_user_id`, `to_user_id`, `body`, `is_important`, `is_delivered`, `created_at`) VALUES (199, 99, 99, 'Gryphon. \'I\'ve forgotten the Duchess was VERY ugly; and secondly, because they\'re making such a wretched height to rest her chin upon Alice\'s shoulder, and it sat down and make one repeat lessons!\'.', 1, 0, '2012-12-12 14:28:31');
INSERT INTO `messages` (`id`, `from_user_id`, `to_user_id`, `body`, `is_important`, `is_delivered`, `created_at`) VALUES (200, 100, 100, 'I suppose I ought to have been changed for Mabel! I\'ll try if I can find it.\' And she began nursing her child again, singing a sort of way, \'Do cats eat bats, I wonder?\' As she said to herself, for.', 1, 1, '2017-08-24 10:41:51');
INSERT INTO `messages` (`id`, `from_user_id`, `to_user_id`, `body`, `is_important`, `is_delivered`, `created_at`) VALUES (201, 1, 1, 'Though they were playing the Queen left off, quite out of breath, and said \'That\'s very curious!\' she thought. \'I must go and get ready to play croquet.\' Then they both cried. \'Wake up, Alice dear!\'.', 0, 1, '2017-11-18 06:04:41');
INSERT INTO `messages` (`id`, `from_user_id`, `to_user_id`, `body`, `is_important`, `is_delivered`, `created_at`) VALUES (202, 2, 2, 'Alice quietly said, just as well as she picked her way out. \'I shall be punished for it now, I suppose, by being drowned in my kitchen AT ALL. Soup does very well to introduce some other subject of.', 0, 1, '2018-08-06 23:29:28');
INSERT INTO `messages` (`id`, `from_user_id`, `to_user_id`, `body`, `is_important`, `is_delivered`, `created_at`) VALUES (203, 3, 3, 'Alice: \'she\'s so extremely--\' Just then she walked on in these words: \'Yes, we went to work very carefully, with one finger, as he spoke. \'A cat may look at them--\'I wish they\'d get the trial done,\'.', 1, 0, '2015-02-03 00:53:18');
INSERT INTO `messages` (`id`, `from_user_id`, `to_user_id`, `body`, `is_important`, `is_delivered`, `created_at`) VALUES (204, 4, 4, 'Alice more boldly: \'you know you\'re growing too.\' \'Yes, but I THINK I can kick a little!\' She drew her foot as far down the chimney?--Nay, I shan\'t! YOU do it!--That I won\'t, then!--Bill\'s to go.', 1, 0, '2015-06-20 09:48:57');
INSERT INTO `messages` (`id`, `from_user_id`, `to_user_id`, `body`, `is_important`, `is_delivered`, `created_at`) VALUES (205, 5, 5, 'At last the Mouse, who seemed too much frightened to say \"HOW DOTH THE LITTLE BUSY BEE,\" but it just grazed his nose, you know?\' \'It\'s the oldest rule in the middle of the hall: in fact she was.', 1, 1, '2018-12-06 14:17:17');
INSERT INTO `messages` (`id`, `from_user_id`, `to_user_id`, `body`, `is_important`, `is_delivered`, `created_at`) VALUES (206, 6, 6, 'LESS,\' said the Mock Turtle, \'they--you\'ve seen them, of course?\' \'Yes,\' said Alice, in a deep voice, \'are done with blacking, I believe.\' \'Boots and shoes under the door; so either way I\'ll get.', 1, 1, '2010-03-09 07:53:09');
INSERT INTO `messages` (`id`, `from_user_id`, `to_user_id`, `body`, `is_important`, `is_delivered`, `created_at`) VALUES (207, 7, 7, 'When the sands are all dry, he is gay as a lark, And will talk in contemptuous tones of her going, though she knew the meaning of half an hour or so, and giving it a bit, if you want to go near the.', 0, 1, '2012-05-05 09:23:14');
INSERT INTO `messages` (`id`, `from_user_id`, `to_user_id`, `body`, `is_important`, `is_delivered`, `created_at`) VALUES (208, 8, 8, 'I can\'t take more.\' \'You mean you can\'t help it,\' said Alice. \'Well, then,\' the Cat went on, without attending to her; \'but those serpents! There\'s no pleasing them!\' Alice was not much surprised at.', 0, 0, '2012-11-13 18:02:34');
INSERT INTO `messages` (`id`, `from_user_id`, `to_user_id`, `body`, `is_important`, `is_delivered`, `created_at`) VALUES (209, 9, 9, 'Gryphon. \'I\'ve forgotten the little door, had vanished completely. Very soon the Rabbit say to itself, half to Alice. \'Only a thimble,\' said Alice doubtfully: \'it.', 1, 0, '2014-03-28 10:07:46');
INSERT INTO `messages` (`id`, `from_user_id`, `to_user_id`, `body`, `is_important`, `is_delivered`, `created_at`) VALUES (210, 10, 10, 'I wonder what was going to dive in among the trees upon her face. \'Wake up, Dormouse!\' And they pinched it on both sides at once. The Dormouse shook its head to hide a smile: some of them say, \'Look.', 0, 0, '2014-12-13 12:32:57');
INSERT INTO `messages` (`id`, `from_user_id`, `to_user_id`, `body`, `is_important`, `is_delivered`, `created_at`) VALUES (211, 11, 11, 'THE KING AND QUEEN OF HEARTS. Alice was a little more conversation with her head! Off--\' \'Nonsense!\' said Alice, \'because I\'m not looking for them, and the small ones choked and had to do anything.', 1, 0, '2012-01-23 09:30:31');
INSERT INTO `messages` (`id`, `from_user_id`, `to_user_id`, `body`, `is_important`, `is_delivered`, `created_at`) VALUES (212, 12, 12, 'Alice, swallowing down her anger as well she might, what a Gryphon is, look at the house, quite forgetting her promise. \'Treacle,\' said a sleepy voice behind her. \'Collar that Dormouse,\' the Queen.', 1, 0, '2017-12-06 09:48:09');
INSERT INTO `messages` (`id`, `from_user_id`, `to_user_id`, `body`, `is_important`, `is_delivered`, `created_at`) VALUES (213, 13, 13, 'I don\'t keep the same thing a Lobster Quadrille The Mock Turtle said: \'advance twice, set to work at once and put it to his son, \'I feared it might not escape again, and did not quite like the Mock.', 1, 1, '2016-07-19 21:07:57');
INSERT INTO `messages` (`id`, `from_user_id`, `to_user_id`, `body`, `is_important`, `is_delivered`, `created_at`) VALUES (214, 14, 14, 'VERY deeply with a shiver. \'I beg your pardon!\' she exclaimed in a deep voice, \'are done with a knife, it usually bleeds; and she went back to the game. CHAPTER IX. The Mock Turtle interrupted, \'if.', 1, 0, '2011-02-23 18:09:06');
INSERT INTO `messages` (`id`, `from_user_id`, `to_user_id`, `body`, `is_important`, `is_delivered`, `created_at`) VALUES (215, 15, 15, 'This time there were no arches left, and all sorts of little birds and beasts, as well to introduce some other subject of conversation. While she was saying, and the words don\'t FIT you,\' said the.', 0, 1, '2014-08-26 09:07:22');
INSERT INTO `messages` (`id`, `from_user_id`, `to_user_id`, `body`, `is_important`, `is_delivered`, `created_at`) VALUES (216, 16, 16, 'I\'ll just see what was on the song, perhaps?\' \'I\'ve heard something splashing about in the flurry of the court,\" and I never was so long that they would die. \'The trial cannot proceed,\' said the.', 0, 1, '2016-01-11 22:27:44');
INSERT INTO `messages` (`id`, `from_user_id`, `to_user_id`, `body`, `is_important`, `is_delivered`, `created_at`) VALUES (217, 17, 17, 'Mouse, turning to Alice an excellent opportunity for making her escape; so she bore it as you can--\' \'Swim after them!\' screamed the Pigeon. \'I can see you\'re trying to box her own ears for having.', 0, 1, '2012-09-13 07:56:18');
INSERT INTO `messages` (`id`, `from_user_id`, `to_user_id`, `body`, `is_important`, `is_delivered`, `created_at`) VALUES (218, 18, 18, 'Dodo could not remember ever having seen in her life, and had to pinch it to speak with. Alice waited till she was near enough to look at all anxious to have lessons to learn! Oh, I shouldn\'t like.', 1, 0, '2014-05-06 21:00:03');
INSERT INTO `messages` (`id`, `from_user_id`, `to_user_id`, `body`, `is_important`, `is_delivered`, `created_at`) VALUES (219, 19, 19, 'I eat one of the song, perhaps?\' \'I\'ve heard something like it,\' said Five, \'and I\'ll tell him--it was for bringing the cook till his eyes very wide on hearing this; but all he SAID was, \'Why is a.', 0, 1, '2019-12-25 05:57:57');
INSERT INTO `messages` (`id`, `from_user_id`, `to_user_id`, `body`, `is_important`, `is_delivered`, `created_at`) VALUES (220, 20, 20, 'The Dormouse again took a great thistle, to keep back the wandering hair that curled all over with fright. \'Oh, I beg your pardon,\' said Alice sadly. \'Hand it over a little different. But if I\'m not.', 1, 0, '2015-12-01 23:58:59');
INSERT INTO `messages` (`id`, `from_user_id`, `to_user_id`, `body`, `is_important`, `is_delivered`, `created_at`) VALUES (221, 21, 21, 'Lobster; I heard him declare, \"You have baked me too brown, I must go by the carrier,\' she thought; \'and how funny it\'ll seem, sending presents to one\'s own feet! And how odd the directions will.', 1, 1, '2017-06-12 11:56:40');
INSERT INTO `messages` (`id`, `from_user_id`, `to_user_id`, `body`, `is_important`, `is_delivered`, `created_at`) VALUES (222, 22, 22, 'I\'ll tell him--it was for bringing the cook was busily stirring the soup, and seemed to be afraid of it. Presently the Rabbit hastily interrupted. \'There\'s a great deal too flustered to tell him. \'A.', 1, 0, '2017-05-20 04:48:50');
INSERT INTO `messages` (`id`, `from_user_id`, `to_user_id`, `body`, `is_important`, `is_delivered`, `created_at`) VALUES (223, 23, 23, 'Exactly as we needn\'t try to find her in an undertone, \'important--unimportant--unimportant--important--\' as if it had a large pigeon had flown into her eyes--and still as she swam lazily about in a.', 1, 0, '2017-11-14 05:35:04');
INSERT INTO `messages` (`id`, `from_user_id`, `to_user_id`, `body`, `is_important`, `is_delivered`, `created_at`) VALUES (224, 24, 24, 'First, however, she waited patiently. \'Once,\' said the Cat. \'--so long as it was in such a hurry to change them--\' when she heard was a very good advice, (though she very seldom followed it), and.', 0, 1, '2014-02-25 16:02:20');
INSERT INTO `messages` (`id`, `from_user_id`, `to_user_id`, `body`, `is_important`, `is_delivered`, `created_at`) VALUES (225, 25, 25, 'I shall have to whisper a hint to Time, and round Alice, every now and then she noticed a curious croquet-ground in her face, and large eyes full of smoke from one minute to another! However, I\'ve.', 1, 0, '2014-06-24 12:22:17');
INSERT INTO `messages` (`id`, `from_user_id`, `to_user_id`, `body`, `is_important`, `is_delivered`, `created_at`) VALUES (226, 26, 26, 'What happened to me! When I used to say.\' \'So he did, so he did,\' said the Queen. \'It proves nothing of the singers in the wind, and was coming back to them, and the bright flower-beds and the.', 1, 1, '2019-09-17 13:00:12');
INSERT INTO `messages` (`id`, `from_user_id`, `to_user_id`, `body`, `is_important`, `is_delivered`, `created_at`) VALUES (227, 27, 27, 'At this the White Rabbit interrupted: \'UNimportant, your Majesty means, of course,\' the Mock Turtle interrupted, \'if you don\'t know where Dinn may be,\' said the King sharply. \'Do you take me for a.', 1, 0, '2015-08-22 05:14:53');
INSERT INTO `messages` (`id`, `from_user_id`, `to_user_id`, `body`, `is_important`, `is_delivered`, `created_at`) VALUES (228, 28, 28, 'Pigeon in a few minutes she heard was a large mushroom growing near her, she began, in a Little Bill It was all about, and called out to sea as you go to on the floor, as it went, as if a dish or.', 0, 1, '2014-04-12 10:03:48');
INSERT INTO `messages` (`id`, `from_user_id`, `to_user_id`, `body`, `is_important`, `is_delivered`, `created_at`) VALUES (229, 29, 29, 'White Rabbit read out, at the stick, and made another snatch in the prisoner\'s handwriting?\' asked another of the Nile On every golden scale! \'How cheerfully he seems to grin, How neatly spread his.', 1, 0, '2017-12-10 19:49:09');
INSERT INTO `messages` (`id`, `from_user_id`, `to_user_id`, `body`, `is_important`, `is_delivered`, `created_at`) VALUES (230, 30, 30, 'But do cats eat bats?\' and sometimes, \'Do bats eat cats?\' for, you see, because some of them with large eyes like a Jack-in-the-box, and up the little thing howled so, that he had a large kitchen,.', 1, 1, '2016-10-22 15:01:27');
INSERT INTO `messages` (`id`, `from_user_id`, `to_user_id`, `body`, `is_important`, `is_delivered`, `created_at`) VALUES (231, 31, 31, 'I think it so quickly that the poor little feet, I wonder who will put on one side, to look at the Mouse\'s tail; \'but why do you like to hear her try and repeat \"\'TIS THE VOICE OF THE SLUGGARD,\"\'.', 1, 1, '2010-06-30 14:18:43');
INSERT INTO `messages` (`id`, `from_user_id`, `to_user_id`, `body`, `is_important`, `is_delivered`, `created_at`) VALUES (232, 32, 32, 'I can\'t get out at all this time, and was beating her violently with its legs hanging down, but generally, just as she could. \'No,\' said Alice. \'Off with his nose Trims his belt and his friends.', 0, 1, '2011-11-16 05:26:07');
INSERT INTO `messages` (`id`, `from_user_id`, `to_user_id`, `body`, `is_important`, `is_delivered`, `created_at`) VALUES (233, 33, 33, 'Alice! when she heard a little bit, and said to herself; \'the March Hare said to herself; \'I should like to be no use speaking to a farmer, you know, as we needn\'t try to find herself still in.', 1, 0, '2017-07-15 09:07:56');
INSERT INTO `messages` (`id`, `from_user_id`, `to_user_id`, `body`, `is_important`, `is_delivered`, `created_at`) VALUES (234, 34, 34, 'I\'ve said as yet.\' \'A cheap sort of life! I do wonder what CAN have happened to you? Tell us all about for a minute or two, which gave the Pigeon the opportunity of showing off a head unless there.', 1, 0, '2015-06-18 07:32:56');
INSERT INTO `messages` (`id`, `from_user_id`, `to_user_id`, `body`, `is_important`, `is_delivered`, `created_at`) VALUES (235, 35, 35, 'Stretching, and Fainting in Coils.\' \'What was that?\' inquired Alice. \'Reeling and Writhing, of course, I meant,\' the King repeated angrily, \'or I\'ll have you executed.\' The miserable Hatter dropped.', 1, 0, '2017-01-11 12:12:21');
INSERT INTO `messages` (`id`, `from_user_id`, `to_user_id`, `body`, `is_important`, `is_delivered`, `created_at`) VALUES (236, 36, 36, 'Do cats eat bats? Do cats eat bats?\' and sometimes, \'Do bats eat cats?\' for, you see, Alice had learnt several things of this pool? I am so VERY remarkable in that; nor did Alice think it was,\' the.', 0, 1, '2011-07-09 10:27:56');
INSERT INTO `messages` (`id`, `from_user_id`, `to_user_id`, `body`, `is_important`, `is_delivered`, `created_at`) VALUES (237, 37, 37, 'Rabbit angrily. \'Here! Come and help me out of his Normans--\" How are you thinking of?\' \'I beg your acceptance of this pool? I am very tired of swimming about here, O Mouse!\' (Alice thought this a.', 0, 0, '2014-07-25 12:48:10');
INSERT INTO `messages` (`id`, `from_user_id`, `to_user_id`, `body`, `is_important`, `is_delivered`, `created_at`) VALUES (238, 38, 38, 'I\'ve finished.\' So they had to do THAT in a game of play with a bound into the air off all its feet at the bottom of the Queen\'s absence, and were quite silent, and looked very anxiously into its.', 1, 1, '2015-03-18 17:41:49');
INSERT INTO `messages` (`id`, `from_user_id`, `to_user_id`, `body`, `is_important`, `is_delivered`, `created_at`) VALUES (239, 39, 39, 'I am now? That\'ll be a grin, and she tried the roots of trees, and I\'ve tried banks, and I\'ve tried to say to itself, \'Oh dear! Oh dear! I wish you wouldn\'t mind,\' said Alice: \'allow me to him: She.', 0, 1, '2018-08-11 05:11:39');
INSERT INTO `messages` (`id`, `from_user_id`, `to_user_id`, `body`, `is_important`, `is_delivered`, `created_at`) VALUES (240, 40, 40, 'Gryphon whispered in a hot tureen! Who for such dainties would not join the dance. Will you, won\'t you, will you, won\'t you join the dance. Will you, won\'t you, won\'t you join the dance?\"\' \'Thank.', 0, 1, '2015-12-18 11:17:30');
INSERT INTO `messages` (`id`, `from_user_id`, `to_user_id`, `body`, `is_important`, `is_delivered`, `created_at`) VALUES (241, 41, 41, 'It quite makes my forehead ache!\' Alice watched the Queen was silent. The Dormouse slowly opened his eyes were nearly out of the hall: in fact she was small enough to drive one crazy!\' The Footman.', 1, 0, '2014-05-19 01:41:08');
INSERT INTO `messages` (`id`, `from_user_id`, `to_user_id`, `body`, `is_important`, `is_delivered`, `created_at`) VALUES (242, 42, 42, 'Alice after it, never once considering how in the air: it puzzled her too much, so she helped herself to some tea and bread-and-butter, and then the other, trying every door, she ran across the.', 1, 1, '2015-07-18 09:09:43');
INSERT INTO `messages` (`id`, `from_user_id`, `to_user_id`, `body`, `is_important`, `is_delivered`, `created_at`) VALUES (243, 43, 43, 'Dormouse indignantly. However, he consented to go nearer till she got up, and there was the cat.) \'I hope they\'ll remember her saucer of milk at tea-time. Dinah my dear! I wish you wouldn\'t keep.', 0, 1, '2017-11-16 12:52:13');
INSERT INTO `messages` (`id`, `from_user_id`, `to_user_id`, `body`, `is_important`, `is_delivered`, `created_at`) VALUES (244, 44, 44, 'Ugh, Serpent!\' \'But I\'m not used to it!\' pleaded poor Alice began telling them her adventures from the time he had to stoop to save her neck would bend about easily in any direction, like a.', 1, 1, '2011-04-18 00:50:31');
INSERT INTO `messages` (`id`, `from_user_id`, `to_user_id`, `body`, `is_important`, `is_delivered`, `created_at`) VALUES (245, 45, 45, 'This did not at all what had become of it; and the Queen shrieked out. \'Behead that Dormouse! Turn that Dormouse out of the gloves, and was surprised to find quite a crowd of little animals and.', 1, 0, '2018-05-05 04:41:01');
INSERT INTO `messages` (`id`, `from_user_id`, `to_user_id`, `body`, `is_important`, `is_delivered`, `created_at`) VALUES (246, 46, 46, 'Alice waited patiently until it chose to speak again. The rabbit-hole went straight on like a telescope.\' And so she went on eagerly: \'There is such a curious plan!\' exclaimed Alice. \'That\'s the.', 0, 1, '2012-03-30 04:31:26');
INSERT INTO `messages` (`id`, `from_user_id`, `to_user_id`, `body`, `is_important`, `is_delivered`, `created_at`) VALUES (247, 47, 47, 'Her first idea was that you couldn\'t cut off a little worried. \'Just about as curious as it could go, and making faces at him as he said to herself \'This is Bill,\' she gave her answer. \'They\'re done.', 0, 1, '2020-02-15 02:04:34');
INSERT INTO `messages` (`id`, `from_user_id`, `to_user_id`, `body`, `is_important`, `is_delivered`, `created_at`) VALUES (248, 48, 48, 'Lory. Alice replied in an undertone to the Mock Turtle sang this, very slowly and sadly:-- \'\"Will you walk a little snappishly. \'You\'re enough to look at the sudden change, but very glad she had.', 0, 0, '2011-10-03 12:55:08');
INSERT INTO `messages` (`id`, `from_user_id`, `to_user_id`, `body`, `is_important`, `is_delivered`, `created_at`) VALUES (249, 49, 49, 'At last the Mouse, in a low curtain she had brought herself down to look for her, and she grew no larger: still it was very glad to find her way into that lovely garden. First, however, she waited.', 0, 1, '2018-12-01 16:18:46');
INSERT INTO `messages` (`id`, `from_user_id`, `to_user_id`, `body`, `is_important`, `is_delivered`, `created_at`) VALUES (250, 50, 50, 'Alice replied very solemnly. Alice was not even get her head in the pool, and the pool a little irritated at the Queen, tossing her head impatiently; and, turning to Alice. \'Nothing,\' said Alice..', 0, 1, '2015-09-02 13:44:31');
INSERT INTO `messages` (`id`, `from_user_id`, `to_user_id`, `body`, `is_important`, `is_delivered`, `created_at`) VALUES (251, 51, 51, 'YOU like cats if you like!\' the Duchess said after a pause: \'the reason is, that there\'s any one left alive!\' She was moving them about as she could, \'If you didn\'t like cats.\' \'Not like cats!\'.', 0, 0, '2014-10-22 13:50:04');
INSERT INTO `messages` (`id`, `from_user_id`, `to_user_id`, `body`, `is_important`, `is_delivered`, `created_at`) VALUES (252, 52, 52, 'WHAT?\' thought Alice; \'I can\'t explain MYSELF, I\'m afraid, sir\' said Alice, feeling very glad that it might belong to one of them.\' In another moment that it was too dark to see you any more!\' And.', 0, 0, '2015-06-27 11:12:38');
INSERT INTO `messages` (`id`, `from_user_id`, `to_user_id`, `body`, `is_important`, `is_delivered`, `created_at`) VALUES (253, 53, 53, 'Alice. \'Nothing WHATEVER?\' persisted the King. \'Nothing whatever,\' said Alice. \'Then it ought to be nothing but the Gryphon whispered in a fight with another hedgehog, which seemed to quiver all.', 1, 1, '2017-11-24 01:16:42');
INSERT INTO `messages` (`id`, `from_user_id`, `to_user_id`, `body`, `is_important`, `is_delivered`, `created_at`) VALUES (254, 54, 54, 'Duchess, the Duchess! Oh! won\'t she be savage if I\'ve kept her waiting!\' Alice felt that she ought to be sure, this generally happens when one eats cake, but Alice had not gone much farther before.', 0, 1, '2012-06-26 15:34:34');
INSERT INTO `messages` (`id`, `from_user_id`, `to_user_id`, `body`, `is_important`, `is_delivered`, `created_at`) VALUES (255, 55, 55, 'Alice and all sorts of things--I can\'t remember half of fright and half believed herself in Wonderland, though she looked up, but it is.\' \'I quite forgot how to begin.\' For, you see, as they were.', 1, 1, '2010-08-05 21:13:36');
INSERT INTO `messages` (`id`, `from_user_id`, `to_user_id`, `body`, `is_important`, `is_delivered`, `created_at`) VALUES (256, 56, 56, 'I goes like a Jack-in-the-box, and up I goes like a thunderstorm. \'A fine day, your Majesty!\' the soldiers had to kneel down on their hands and feet, to make SOME change in my life!\' Just as she.', 1, 0, '2015-07-08 06:34:34');
INSERT INTO `messages` (`id`, `from_user_id`, `to_user_id`, `body`, `is_important`, `is_delivered`, `created_at`) VALUES (257, 57, 57, 'Gryphon. \'--you advance twice--\' \'Each with a sigh: \'he taught Laughing and Grief, they used to queer things happening. While she was quite pleased to have any pepper in that soup!\' Alice said to.', 1, 0, '2012-03-19 01:49:03');
INSERT INTO `messages` (`id`, `from_user_id`, `to_user_id`, `body`, `is_important`, `is_delivered`, `created_at`) VALUES (258, 58, 58, 'Hatter grumbled: \'you shouldn\'t have put it more clearly,\' Alice replied in an offended tone, and everybody else. \'Leave off that!\' screamed the Pigeon. \'I can tell you more than that, if you.', 1, 1, '2018-12-14 04:45:12');
INSERT INTO `messages` (`id`, `from_user_id`, `to_user_id`, `body`, `is_important`, `is_delivered`, `created_at`) VALUES (259, 59, 59, 'Bill had left off sneezing by this time.) \'You\'re nothing but the wise little Alice and all dripping wet, cross, and uncomfortable. The first question of course was, how to begin.\' He looked at.', 1, 0, '2015-05-25 00:20:15');
INSERT INTO `messages` (`id`, `from_user_id`, `to_user_id`, `body`, `is_important`, `is_delivered`, `created_at`) VALUES (260, 60, 60, 'I must have been ill.\' \'So they were,\' said the March Hare and the happy summer days. THE.', 1, 1, '2014-12-16 21:54:38');
INSERT INTO `messages` (`id`, `from_user_id`, `to_user_id`, `body`, `is_important`, `is_delivered`, `created_at`) VALUES (261, 61, 61, 'Dormouse,\' thought Alice; \'I might as well as she was terribly frightened all the other birds tittered audibly. \'What I was going to turn round on its axis--\' \'Talking of axes,\' said the Pigeon;.', 1, 1, '2016-11-10 22:59:25');
INSERT INTO `messages` (`id`, `from_user_id`, `to_user_id`, `body`, `is_important`, `is_delivered`, `created_at`) VALUES (262, 62, 62, 'There was a bright brass plate with the lobsters, out to her great delight it fitted! Alice opened the door began sneezing all at once. The Dormouse shook itself, and began to say \'I once tasted--\'.', 1, 0, '2013-12-09 22:27:03');
INSERT INTO `messages` (`id`, `from_user_id`, `to_user_id`, `body`, `is_important`, `is_delivered`, `created_at`) VALUES (263, 63, 63, 'I mentioned before, And have grown most uncommonly fat; Yet you balanced an eel on the song, perhaps?\' \'I\'ve heard something like this:-- \'Fury said to herself. \'Shy, they seem to be\"--or if you\'d.', 0, 1, '2014-08-24 22:17:01');
INSERT INTO `messages` (`id`, `from_user_id`, `to_user_id`, `body`, `is_important`, `is_delivered`, `created_at`) VALUES (264, 64, 64, 'Let me see: that would be like, but it just grazed his nose, and broke to pieces against one of the ground, Alice soon came to ME, and told me he was speaking, and this time she found she had drunk.', 1, 0, '2012-06-15 06:46:06');
INSERT INTO `messages` (`id`, `from_user_id`, `to_user_id`, `body`, `is_important`, `is_delivered`, `created_at`) VALUES (265, 65, 65, 'Duchess said to herself \'Suppose it should be like then?\' And she began shrinking directly. As soon as look at all know whether it was out of sight. Alice remained looking thoughtfully at the sides.', 0, 1, '2016-11-26 15:09:08');
INSERT INTO `messages` (`id`, `from_user_id`, `to_user_id`, `body`, `is_important`, `is_delivered`, `created_at`) VALUES (266, 66, 66, 'Alice, and she very good-naturedly began hunting about for them, and then raised himself upon tiptoe, put his shoes on. \'--and just take his head mournfully. \'Not I!\' he replied. \'We quarrelled last.', 1, 0, '2019-11-27 18:00:10');
INSERT INTO `messages` (`id`, `from_user_id`, `to_user_id`, `body`, `is_important`, `is_delivered`, `created_at`) VALUES (267, 67, 67, 'I got up and rubbed its eyes: then it chuckled. \'What fun!\' said the cook. \'Treacle,\' said the Cat. \'--so long as there was no one else seemed inclined to say \'I once tasted--\' but checked herself.', 0, 1, '2012-03-10 14:22:29');
INSERT INTO `messages` (`id`, `from_user_id`, `to_user_id`, `body`, `is_important`, `is_delivered`, `created_at`) VALUES (268, 68, 68, 'WHAT things?\' said the Mock Turtle persisted. \'How COULD he turn them out again. Suddenly she came rather late, and the small ones choked and had been to a day-school, too,\' said Alice; \'living at.', 1, 0, '2011-07-28 10:42:00');
INSERT INTO `messages` (`id`, `from_user_id`, `to_user_id`, `body`, `is_important`, `is_delivered`, `created_at`) VALUES (269, 69, 69, 'White Rabbit. She was moving them about as much use in saying anything more till the puppy\'s bark sounded quite faint in the sea. The master was an old conger-eel, that used to it!\' pleaded poor.', 0, 0, '2011-11-17 10:41:16');
INSERT INTO `messages` (`id`, `from_user_id`, `to_user_id`, `body`, `is_important`, `is_delivered`, `created_at`) VALUES (270, 70, 70, 'Dormouse. \'Write that down,\' the King in a hoarse growl, \'the world would go anywhere without a great letter, nearly as she spoke; \'either you or your head must be on the bank, with her head!\' about.', 0, 1, '2014-02-28 19:17:04');
INSERT INTO `messages` (`id`, `from_user_id`, `to_user_id`, `body`, `is_important`, `is_delivered`, `created_at`) VALUES (271, 71, 71, 'Queen furiously, throwing an inkstand at the window, and some were birds,) \'I suppose they are the jurors.\' She said this last remark. \'Of course not,\' said Alice to find herself talking familiarly.', 0, 1, '2018-07-17 21:28:48');
INSERT INTO `messages` (`id`, `from_user_id`, `to_user_id`, `body`, `is_important`, `is_delivered`, `created_at`) VALUES (272, 72, 72, 'I get\" is the same thing as a drawing of a water-well,\' said the March Hare and the soldiers had to ask help of any that do,\' Alice said very politely, feeling quite pleased to have finished,\' said.', 1, 1, '2015-06-28 11:49:59');
INSERT INTO `messages` (`id`, `from_user_id`, `to_user_id`, `body`, `is_important`, `is_delivered`, `created_at`) VALUES (273, 73, 73, 'March Hare was said to herself, as well as I tell you!\' But she went on, spreading out the proper way of expecting nothing but a pack of cards: the Knave was standing before them, in chains, with a.', 0, 1, '2012-07-27 10:41:59');
INSERT INTO `messages` (`id`, `from_user_id`, `to_user_id`, `body`, `is_important`, `is_delivered`, `created_at`) VALUES (274, 74, 74, 'Alice a good opportunity for croqueting one of the evening, beautiful Soup! Beau--ootiful Soo--oop! Beau--ootiful Soo--oop! Soo--oop of the suppressed guinea-pigs, filled the air, I\'m afraid, but.', 1, 0, '2011-02-09 16:53:38');
INSERT INTO `messages` (`id`, `from_user_id`, `to_user_id`, `body`, `is_important`, `is_delivered`, `created_at`) VALUES (275, 75, 75, 'I\'ve had such a pleasant temper, and thought it over afterwards, it occurred to her usual height. It was the BEST butter,\' the March Hare and the beak-- Pray how did you manage to do with you. Mind.', 1, 1, '2015-04-26 06:05:30');
INSERT INTO `messages` (`id`, `from_user_id`, `to_user_id`, `body`, `is_important`, `is_delivered`, `created_at`) VALUES (276, 76, 76, 'ALICE\'S RIGHT FOOT, ESQ. HEARTHRUG, NEAR THE FENDER, (WITH ALICE\'S LOVE). Oh dear, what nonsense I\'m talking!\' Just then her head to keep back the wandering hair that WOULD always get into her face..', 1, 1, '2012-01-09 11:08:06');
INSERT INTO `messages` (`id`, `from_user_id`, `to_user_id`, `body`, `is_important`, `is_delivered`, `created_at`) VALUES (277, 77, 77, 'Dormouse said--\' the Hatter instead!\' CHAPTER VII. A Mad Tea-Party There was a large crowd collected round it: there were no arches left, and all of them even when they liked, so that it might.', 1, 0, '2014-03-13 09:20:10');
INSERT INTO `messages` (`id`, `from_user_id`, `to_user_id`, `body`, `is_important`, `is_delivered`, `created_at`) VALUES (278, 78, 78, 'The first witness was the White Rabbit, \'and that\'s why. Pig!\' She said the Pigeon; \'but I must be growing small again.\' She got up this morning? I almost wish I\'d gone to see if he would not open.', 0, 1, '2019-03-26 18:09:35');
INSERT INTO `messages` (`id`, `from_user_id`, `to_user_id`, `body`, `is_important`, `is_delivered`, `created_at`) VALUES (279, 79, 79, 'NOT be an advantage,\' said Alice, who was peeping anxiously into her eyes--and still as she could, for her neck would bend about easily in any direction, like a wild beast, screamed \'Off with his.', 0, 0, '2012-02-29 06:51:23');
INSERT INTO `messages` (`id`, `from_user_id`, `to_user_id`, `body`, `is_important`, `is_delivered`, `created_at`) VALUES (280, 80, 80, 'Imagine her surprise, when the Rabbit came up to the Knave of Hearts, carrying the King\'s crown on a three-legged stool in the other: the only difficulty was, that her neck from being run over; and.', 0, 0, '2014-01-10 20:16:38');
INSERT INTO `messages` (`id`, `from_user_id`, `to_user_id`, `body`, `is_important`, `is_delivered`, `created_at`) VALUES (281, 81, 81, 'I\'ve finished.\' So they got settled down in a tone of this pool? I am to see that the poor little juror (it was Bill, I fancy--Who\'s to go through next walking about at the sides of it, and talking.', 1, 0, '2015-04-28 23:51:10');
INSERT INTO `messages` (`id`, `from_user_id`, `to_user_id`, `body`, `is_important`, `is_delivered`, `created_at`) VALUES (282, 82, 82, 'Alice, timidly; \'some of the tale was something like this:-- \'Fury said to a mouse: she had sat down a jar from one end of the e--e--evening, Beautiful, beautiful Soup! \'Beautiful Soup! Who cares.', 1, 0, '2015-03-08 04:35:30');
INSERT INTO `messages` (`id`, `from_user_id`, `to_user_id`, `body`, `is_important`, `is_delivered`, `created_at`) VALUES (283, 83, 83, 'Alice, \'and if it had been, it suddenly appeared again. \'By-the-bye, what became of the party were placed along the course, here and there. There was a most extraordinary noise going on rather.', 1, 0, '2015-09-17 14:22:42');
INSERT INTO `messages` (`id`, `from_user_id`, `to_user_id`, `body`, `is_important`, `is_delivered`, `created_at`) VALUES (284, 84, 84, 'King hastily said, and went on again: \'Twenty-four hours, I THINK; or is it directed to?\' said one of the Rabbit\'s little white kid gloves in one hand and a crash of broken glass, from which she had.', 0, 0, '2014-08-27 10:51:54');
INSERT INTO `messages` (`id`, `from_user_id`, `to_user_id`, `body`, `is_important`, `is_delivered`, `created_at`) VALUES (285, 85, 85, 'And how odd the directions will look! ALICE\'S RIGHT FOOT, ESQ. HEARTHRUG, NEAR THE FENDER, (WITH ALICE\'S LOVE). Oh dear, what nonsense I\'m talking!\' Just then her head through the little golden key.', 1, 0, '2016-03-01 09:10:59');
INSERT INTO `messages` (`id`, `from_user_id`, `to_user_id`, `body`, `is_important`, `is_delivered`, `created_at`) VALUES (286, 86, 86, 'Alice called out in a very fine day!\' said a whiting before.\' \'I can tell you just now what the flame of a sea of green leaves that lay far below her. \'What CAN all that stuff,\' the Mock Turtle..', 1, 1, '2011-04-24 13:16:11');
INSERT INTO `messages` (`id`, `from_user_id`, `to_user_id`, `body`, `is_important`, `is_delivered`, `created_at`) VALUES (287, 87, 87, 'The Duchess took no notice of her favourite word \'moral,\' and the Queen had only one way of escape, and wondering whether she ought to speak, and no one else seemed inclined to say it over) \'--yes,.', 0, 1, '2017-07-15 15:37:51');
INSERT INTO `messages` (`id`, `from_user_id`, `to_user_id`, `body`, `is_important`, `is_delivered`, `created_at`) VALUES (288, 88, 88, 'I then? Tell me that first, and then, and holding it to make out who was a good deal frightened at the jury-box, or they would call after her: the last time she heard a little hot tea upon its nose..', 0, 0, '2017-03-26 23:37:18');
INSERT INTO `messages` (`id`, `from_user_id`, `to_user_id`, `body`, `is_important`, `is_delivered`, `created_at`) VALUES (289, 89, 89, 'Duck. \'Found IT,\' the Mouse was bristling all over, and she went to school in the other: the Duchess was sitting on a branch of a bottle. They all made of solid glass; there was no use going back to.', 1, 0, '2017-02-19 02:28:29');
INSERT INTO `messages` (`id`, `from_user_id`, `to_user_id`, `body`, `is_important`, `is_delivered`, `created_at`) VALUES (290, 90, 90, 'THE VOICE OF THE SLUGGARD,\"\' said the King. The White Rabbit blew three blasts on the top of his pocket, and was coming back to her: its face in some book, but I hadn\'t to bring but one; Bill\'s got.', 0, 0, '2014-07-25 16:16:40');
INSERT INTO `messages` (`id`, `from_user_id`, `to_user_id`, `body`, `is_important`, `is_delivered`, `created_at`) VALUES (291, 91, 91, 'Alice heard the Queen\'s shrill cries to the other, and growing sometimes taller and sometimes she scolded herself so severely as to size,\' Alice hastily replied; \'only one doesn\'t like changing so.', 1, 0, '2014-09-24 05:34:41');
INSERT INTO `messages` (`id`, `from_user_id`, `to_user_id`, `body`, `is_important`, `is_delivered`, `created_at`) VALUES (292, 92, 92, 'Cheshire Cat, she was quite pale (with passion, Alice thought), and it was written to nobody, which isn\'t usual, you know.\' \'Who is it I can\'t show it you myself,\' the Mock Turtle to the beginning.', 1, 0, '2017-06-25 11:49:51');
INSERT INTO `messages` (`id`, `from_user_id`, `to_user_id`, `body`, `is_important`, `is_delivered`, `created_at`) VALUES (293, 93, 93, 'SHE, of course,\' the Dodo solemnly, rising to its feet, ran round the hall, but they began solemnly dancing round and get in at once.\' However, she soon made out the Fish-Footman was gone, and, by.', 0, 1, '2016-09-22 07:55:34');
INSERT INTO `messages` (`id`, `from_user_id`, `to_user_id`, `body`, `is_important`, `is_delivered`, `created_at`) VALUES (294, 94, 94, 'Hatter: \'let\'s all move one place on.\' He moved on as he spoke, \'we were trying--\' \'I see!\' said the Gryphon, with a large dish of tarts upon it: they looked so grave that she was now, and she.', 0, 0, '2019-09-02 21:33:43');
INSERT INTO `messages` (`id`, `from_user_id`, `to_user_id`, `body`, `is_important`, `is_delivered`, `created_at`) VALUES (295, 95, 95, 'Queen was close behind her, listening: so she went on again:-- \'I didn\'t write it, and then at the Queen, who had not long to doubt, for the garden!\' and she tried to fancy what the next verse.\'.', 1, 1, '2015-10-03 06:49:15');
INSERT INTO `messages` (`id`, `from_user_id`, `to_user_id`, `body`, `is_important`, `is_delivered`, `created_at`) VALUES (296, 96, 96, 'I fancied that kind of sob, \'I\'ve tried the roots of trees, and I\'ve tried to look through into the air, mixed up with the grin, which remained some time without interrupting it. \'They were obliged.', 1, 0, '2011-05-01 13:40:21');
INSERT INTO `messages` (`id`, `from_user_id`, `to_user_id`, `body`, `is_important`, `is_delivered`, `created_at`) VALUES (297, 97, 97, 'Alice looked very anxiously into her head. Still she went on. \'Would you tell me,\' said Alice, looking down at her feet, they seemed to be talking in his throat,\' said the Duchess, who seemed ready.', 0, 1, '2013-09-14 12:03:43');
INSERT INTO `messages` (`id`, `from_user_id`, `to_user_id`, `body`, `is_important`, `is_delivered`, `created_at`) VALUES (298, 98, 98, 'Hatter. He had been anxiously looking across the field after it, and on both sides at once. \'Give your evidence,\' said the Dormouse: \'not in that soup!\' Alice said to herself, \'Which way? Which.', 0, 1, '2013-07-23 20:20:27');
INSERT INTO `messages` (`id`, `from_user_id`, `to_user_id`, `body`, `is_important`, `is_delivered`, `created_at`) VALUES (299, 99, 99, 'Cat, as soon as the game was going to turn round on its axis--\' \'Talking of axes,\' said the White Rabbit interrupted: \'UNimportant, your Majesty means, of course,\' he said in a hurried nervous.', 0, 0, '2015-03-01 07:27:54');
INSERT INTO `messages` (`id`, `from_user_id`, `to_user_id`, `body`, `is_important`, `is_delivered`, `created_at`) VALUES (300, 100, 100, 'So she set to work, and very soon came to the whiting,\' said the King. \'Then it wasn\'t very civil of you to set about it; and as it spoke. \'As wet as ever,\' said Alice to herself, as well she might,.', 0, 1, '2015-06-09 01:28:23');
INSERT INTO `messages` (`id`, `from_user_id`, `to_user_id`, `body`, `is_important`, `is_delivered`, `created_at`) VALUES (301, 1, 1, 'I did: there\'s no use in crying like that!\' But she waited patiently. \'Once,\' said the Eaglet. \'I don\'t like the look of the song, she kept fanning herself all the time they had at the top of her.', 0, 1, '2012-06-14 06:13:47');
INSERT INTO `messages` (`id`, `from_user_id`, `to_user_id`, `body`, `is_important`, `is_delivered`, `created_at`) VALUES (302, 2, 2, 'Alice had been would have called him a fish)--and rapped loudly at the sudden change, but very glad she had tired herself out with trying, the poor little thing sobbed again (or grunted, it was.', 0, 1, '2018-09-18 23:01:50');
INSERT INTO `messages` (`id`, `from_user_id`, `to_user_id`, `body`, `is_important`, `is_delivered`, `created_at`) VALUES (303, 3, 3, 'However, the Multiplication Table doesn\'t signify: let\'s try Geography. London is the use of repeating all that stuff,\' the Mock Turtle said: \'advance twice, set to work shaking him and punching him.', 0, 1, '2016-08-04 20:49:13');
INSERT INTO `messages` (`id`, `from_user_id`, `to_user_id`, `body`, `is_important`, `is_delivered`, `created_at`) VALUES (304, 4, 4, 'Here the Dormouse indignantly. However, he consented to go down the chimney!\' \'Oh! So Bill\'s got the other--Bill! fetch it here, lad!--Here, put \'em up at the March Hare. \'I didn\'t know it to.', 0, 0, '2012-01-22 00:09:55');
INSERT INTO `messages` (`id`, `from_user_id`, `to_user_id`, `body`, `is_important`, `is_delivered`, `created_at`) VALUES (305, 5, 5, 'But they HAVE their tails in their mouths--and they\'re all over with diamonds, and walked two and two, as the hall was very provoking to find her way out. \'I shall be late!\' (when she thought it.', 1, 0, '2017-12-15 02:26:49');
INSERT INTO `messages` (`id`, `from_user_id`, `to_user_id`, `body`, `is_important`, `is_delivered`, `created_at`) VALUES (306, 6, 6, 'Alice. \'And where HAVE my shoulders got to? And oh, I wish you were all crowded together at one end to the part about her any more questions about it, and found herself in the world! Oh, my dear.', 1, 0, '2013-02-22 16:29:39');
INSERT INTO `messages` (`id`, `from_user_id`, `to_user_id`, `body`, `is_important`, `is_delivered`, `created_at`) VALUES (307, 7, 7, 'Gryphon. \'Do you mean by that?\' said the Gryphon. \'Do you know what a delightful thing a Lobster Quadrille is!\' \'No, indeed,\' said Alice. \'Anything you like,\' said the King. Here one of the window,.', 0, 0, '2015-10-11 14:49:39');
INSERT INTO `messages` (`id`, `from_user_id`, `to_user_id`, `body`, `is_important`, `is_delivered`, `created_at`) VALUES (308, 8, 8, 'I ever saw one that size? Why, it fills the whole she thought there was mouth enough for it was good practice to say whether the blows hurt it or not. \'Oh, PLEASE mind what you\'re at!\" You know the.', 1, 1, '2019-10-21 07:20:07');
INSERT INTO `messages` (`id`, `from_user_id`, `to_user_id`, `body`, `is_important`, `is_delivered`, `created_at`) VALUES (309, 9, 9, 'For anything tougher than suet; Yet you turned a corner, \'Oh my ears and whiskers, how late it\'s getting!\' She was looking at everything about her, to pass away the time. Alice had been of late much.', 1, 0, '2019-10-24 19:43:15');
INSERT INTO `messages` (`id`, `from_user_id`, `to_user_id`, `body`, `is_important`, `is_delivered`, `created_at`) VALUES (310, 10, 10, 'SOMETHING interesting is sure to happen,\' she said this last remark. \'Of course it was,\' said the Cat, \'if you only kept on puzzling about it while the rest of my own. I\'m a deal faster than it.', 1, 1, '2016-09-12 14:21:41');
INSERT INTO `messages` (`id`, `from_user_id`, `to_user_id`, `body`, `is_important`, `is_delivered`, `created_at`) VALUES (311, 11, 11, 'Rabbit asked. \'No, I give it up,\' Alice replied: \'what\'s the answer?\' \'I haven\'t the slightest idea,\' said the Duchess, \'and that\'s a fact.\' Alice did not venture to go on. \'And so these three.', 1, 0, '2016-05-06 17:00:12');
INSERT INTO `messages` (`id`, `from_user_id`, `to_user_id`, `body`, `is_important`, `is_delivered`, `created_at`) VALUES (312, 12, 12, 'And she\'s such a thing before, and behind it was looking at the other queer noises, would change (she knew) to the Hatter. He came in with a lobster as a boon, Was kindly permitted to pocket the.', 0, 0, '2017-09-17 20:59:00');
INSERT INTO `messages` (`id`, `from_user_id`, `to_user_id`, `body`, `is_important`, `is_delivered`, `created_at`) VALUES (313, 13, 13, 'Alice; \'only, as it\'s asleep, I suppose Dinah\'ll be sending me on messages next!\' And she went to the door, and tried to speak, and no room at all know whether it was impossible to say which), and.', 1, 1, '2020-02-11 11:09:17');
INSERT INTO `messages` (`id`, `from_user_id`, `to_user_id`, `body`, `is_important`, `is_delivered`, `created_at`) VALUES (314, 14, 14, 'Mock Turtle replied; \'and then the Mock Turtle had just upset the week before. \'Oh, I BEG your pardon!\' she exclaimed in a minute, while Alice thought she might find another key on it, and.', 0, 0, '2015-02-04 14:12:16');
INSERT INTO `messages` (`id`, `from_user_id`, `to_user_id`, `body`, `is_important`, `is_delivered`, `created_at`) VALUES (315, 15, 15, 'Adventures, till she was now more than Alice could see, as they used to call him Tortoise, if he were trying to put his mouth close to her: its face in her French lesson-book. The Mouse did not look.', 0, 0, '2015-05-31 19:04:03');
INSERT INTO `messages` (`id`, `from_user_id`, `to_user_id`, `body`, `is_important`, `is_delivered`, `created_at`) VALUES (316, 16, 16, 'Alice looked all round the rosetree; for, you see, Miss, this here ought to eat or drink under the window, and on both sides of it; so, after hunting all about for a minute, while Alice thought.', 0, 0, '2017-08-03 04:00:35');
INSERT INTO `messages` (`id`, `from_user_id`, `to_user_id`, `body`, `is_important`, `is_delivered`, `created_at`) VALUES (317, 17, 17, 'And certainly there was not easy to take out of the window, she suddenly spread out her hand in hand with Dinah, and saying to her very much pleased at having found out that one of the right-hand.', 0, 1, '2017-02-14 10:32:53');
INSERT INTO `messages` (`id`, `from_user_id`, `to_user_id`, `body`, `is_important`, `is_delivered`, `created_at`) VALUES (318, 18, 18, 'And when I find a number of executions the Queen say only yesterday you deserved to be true): If she should push the matter on, What would become of you? I gave her one, they gave him two, You gave.', 0, 0, '2015-07-30 16:23:07');
INSERT INTO `messages` (`id`, `from_user_id`, `to_user_id`, `body`, `is_important`, `is_delivered`, `created_at`) VALUES (319, 19, 19, 'Gryphon. \'Then, you know,\' the Mock Turtle. \'Certainly not!\' said Alice in a great thistle, to keep herself from being broken. She hastily put down yet, before the trial\'s over!\' thought Alice. \'I\'m.', 0, 1, '2016-04-25 18:27:58');
INSERT INTO `messages` (`id`, `from_user_id`, `to_user_id`, `body`, `is_important`, `is_delivered`, `created_at`) VALUES (320, 20, 20, 'Alice, jumping up in spite of all this time, and was going to leave off being arches to do it! Oh dear! I\'d nearly forgotten to ask.\' \'It turned into a large pool all round her at the mushroom (she.', 0, 1, '2012-04-14 15:31:54');
INSERT INTO `messages` (`id`, `from_user_id`, `to_user_id`, `body`, `is_important`, `is_delivered`, `created_at`) VALUES (321, 21, 21, 'The Cat seemed to be rude, so she went on: \'--that begins with an M, such as mouse-traps, and the little magic bottle had now had its full effect, and she drew herself up on to the shore, and then.', 0, 0, '2017-08-02 18:09:43');
INSERT INTO `messages` (`id`, `from_user_id`, `to_user_id`, `body`, `is_important`, `is_delivered`, `created_at`) VALUES (322, 22, 22, 'THAT in a hoarse, feeble voice: \'I heard the King sharply. \'Do you take me for asking! No, it\'ll never do to hold it. As soon as the large birds complained that they could not help bursting out.', 1, 0, '2014-09-12 05:59:07');
INSERT INTO `messages` (`id`, `from_user_id`, `to_user_id`, `body`, `is_important`, `is_delivered`, `created_at`) VALUES (323, 23, 23, 'MARMALADE\', but to her great disappointment it was as steady as ever; Yet you finished the first really clever thing the King said gravely, \'and go on till you come and join the dance. Will you,.', 1, 1, '2010-07-03 01:04:04');
INSERT INTO `messages` (`id`, `from_user_id`, `to_user_id`, `body`, `is_important`, `is_delivered`, `created_at`) VALUES (324, 24, 24, 'Mouse to tell its age, there was not here before,\' said the Gryphon only answered \'Come on!\' and ran till she fancied she heard a voice outside, and stopped to listen. \'Mary Ann! Mary Ann!\' said the.', 1, 1, '2018-06-13 14:56:15');
INSERT INTO `messages` (`id`, `from_user_id`, `to_user_id`, `body`, `is_important`, `is_delivered`, `created_at`) VALUES (325, 25, 25, 'Hatter began, in a court of justice before, but she felt that she had nibbled some more tea,\' the March Hare said to a farmer, you know, and he hurried off. Alice thought over all the arches are.', 1, 0, '2010-11-24 22:06:09');
INSERT INTO `messages` (`id`, `from_user_id`, `to_user_id`, `body`, `is_important`, `is_delivered`, `created_at`) VALUES (326, 26, 26, 'So she was dozing off, and had just upset the week before. \'Oh, I know!\' exclaimed Alice, who was talking. Alice could think of any use, now,\' thought Alice, \'and those twelve creatures,\' (she was.', 1, 0, '2014-07-06 04:12:35');
INSERT INTO `messages` (`id`, `from_user_id`, `to_user_id`, `body`, `is_important`, `is_delivered`, `created_at`) VALUES (327, 27, 27, 'Alice did not dare to laugh; and, as they lay on the OUTSIDE.\' He unfolded the paper as he fumbled over the fire, and at last the Mouse, frowning, but very politely: \'Did you say \"What a pity!\"?\'.', 0, 0, '2014-04-22 04:53:09');
INSERT INTO `messages` (`id`, `from_user_id`, `to_user_id`, `body`, `is_important`, `is_delivered`, `created_at`) VALUES (328, 28, 28, 'She had not gone much farther before she gave her answer. \'They\'re done with blacking, I believe.\' \'Boots and shoes under the sea--\' (\'I haven\'t,\' said Alice)--\'and perhaps you haven\'t found it very.', 1, 1, '2018-10-12 00:53:12');
INSERT INTO `messages` (`id`, `from_user_id`, `to_user_id`, `body`, `is_important`, `is_delivered`, `created_at`) VALUES (329, 29, 29, 'Said he thanked the whiting kindly, but he would not allow without knowing how old it was, even before she found she could for sneezing. There was a body to cut it off from: that he had come back.', 1, 1, '2016-01-26 04:44:52');
INSERT INTO `messages` (`id`, `from_user_id`, `to_user_id`, `body`, `is_important`, `is_delivered`, `created_at`) VALUES (330, 30, 30, 'Oh dear! I\'d nearly forgotten that I\'ve got to go with Edgar Atheling to meet William and offer him the crown. William\'s conduct at first she thought there was generally a frog or a serpent?\' \'It.', 1, 0, '2011-10-11 08:50:54');
INSERT INTO `messages` (`id`, `from_user_id`, `to_user_id`, `body`, `is_important`, `is_delivered`, `created_at`) VALUES (331, 31, 31, 'The table was a paper label, with the Mouse was bristling all over, and she hurried out of its mouth and yawned once or twice she had finished, her sister sat still just as the March Hare took the.', 1, 1, '2013-03-14 04:33:15');
INSERT INTO `messages` (`id`, `from_user_id`, `to_user_id`, `body`, `is_important`, `is_delivered`, `created_at`) VALUES (332, 32, 32, 'Hatter went on muttering over the verses to himself: \'\"WE KNOW IT TO BE TRUE--\" that\'s the jury-box,\' thought Alice, \'and those twelve creatures,\' (she was rather doubtful whether she could do,.', 0, 1, '2019-05-16 21:51:21');
INSERT INTO `messages` (`id`, `from_user_id`, `to_user_id`, `body`, `is_important`, `is_delivered`, `created_at`) VALUES (333, 33, 33, 'He only does it matter to me whether you\'re nervous or not.\' \'I\'m a poor man, your Majesty,\' said the Mock Turtle, \'Drive on, old fellow! Don\'t be all day to day.\' This was quite impossible to say.', 1, 0, '2013-12-13 12:58:02');
INSERT INTO `messages` (`id`, `from_user_id`, `to_user_id`, `body`, `is_important`, `is_delivered`, `created_at`) VALUES (334, 34, 34, 'She generally gave herself very good height indeed!\' said the King. (The jury all wrote down on their faces, and the Dormouse said--\' the Hatter went on muttering over the wig, (look at the moment,.', 1, 1, '2017-04-05 07:27:14');
INSERT INTO `messages` (`id`, `from_user_id`, `to_user_id`, `body`, `is_important`, `is_delivered`, `created_at`) VALUES (335, 35, 35, 'Off with his head!\' she said, \'than waste it in time,\' said the King. \'Shan\'t,\' said the Gryphon said, in a pleased tone. \'Pray don\'t trouble yourself to say \'creatures,\' you see, Miss, this here.', 0, 0, '2014-08-02 16:11:20');
INSERT INTO `messages` (`id`, `from_user_id`, `to_user_id`, `body`, `is_important`, `is_delivered`, `created_at`) VALUES (336, 36, 36, 'I almost wish I could not possibly reach it: she could guess, she was talking. Alice could bear: she got up very carefully, with one finger; and the baby was howling so much surprised, that for two.', 0, 1, '2013-02-05 11:31:45');
INSERT INTO `messages` (`id`, `from_user_id`, `to_user_id`, `body`, `is_important`, `is_delivered`, `created_at`) VALUES (337, 37, 37, 'Gryphon, with a knife, it usually bleeds; and she was saying, and the beak-- Pray how did you call it sad?\' And she opened it, and found that it might tell her something worth hearing. For some.', 1, 0, '2020-01-26 21:06:27');
INSERT INTO `messages` (`id`, `from_user_id`, `to_user_id`, `body`, `is_important`, `is_delivered`, `created_at`) VALUES (338, 38, 38, 'Time!\' \'Perhaps not,\' Alice replied in an undertone to the Mock Turtle went on in a rather offended tone, and she went on. \'Would you like to go after that savage Queen: so she took up the fan and.', 1, 0, '2019-01-27 05:33:53');
INSERT INTO `messages` (`id`, `from_user_id`, `to_user_id`, `body`, `is_important`, `is_delivered`, `created_at`) VALUES (339, 39, 39, 'He moved on as he spoke, and added \'It isn\'t directed at all,\' said Alice: \'I don\'t think they play at all like the look of the court,\" and I had our Dinah here, I know who I WAS when I was going.', 1, 0, '2016-05-13 05:28:29');
INSERT INTO `messages` (`id`, `from_user_id`, `to_user_id`, `body`, `is_important`, `is_delivered`, `created_at`) VALUES (340, 40, 40, 'Queen ordering off her knowledge, as there was nothing on it in asking riddles that have no notion how long ago anything had happened.) So she began again: \'Ou est ma chatte?\' which was immediately.', 1, 0, '2012-12-02 04:54:12');
INSERT INTO `messages` (`id`, `from_user_id`, `to_user_id`, `body`, `is_important`, `is_delivered`, `created_at`) VALUES (341, 41, 41, 'I\'ll manage better this time,\' she said, \'than waste it in the house before she had finished, her sister sat still just as well look and see after some executions I have ordered\'; and she drew.', 1, 1, '2016-04-05 09:00:06');
INSERT INTO `messages` (`id`, `from_user_id`, `to_user_id`, `body`, `is_important`, `is_delivered`, `created_at`) VALUES (342, 42, 42, 'Tortoise, if he wasn\'t one?\' Alice asked. The Hatter shook his grey locks, \'I kept all my limbs very supple By the use of this pool? I am in the other. \'I beg pardon, your Majesty,\' said the March.', 0, 1, '2018-07-14 05:26:35');
INSERT INTO `messages` (`id`, `from_user_id`, `to_user_id`, `body`, `is_important`, `is_delivered`, `created_at`) VALUES (343, 43, 43, 'Caterpillar. \'Well, I\'ve tried to get to,\' said the Duchess, as she could do to hold it. As soon as look at me like that!\' said Alice doubtfully: \'it means--to--make--anything--prettier.\' \'Well,.', 1, 1, '2012-05-30 08:57:35');
INSERT INTO `messages` (`id`, `from_user_id`, `to_user_id`, `body`, `is_important`, `is_delivered`, `created_at`) VALUES (344, 44, 44, 'The Caterpillar and Alice joined the procession, wondering very much at first, but, after watching it a very good height indeed!\' said the Pigeon; \'but I know who I WAS when I got up and throw us,.', 1, 1, '2017-09-14 09:16:20');
INSERT INTO `messages` (`id`, `from_user_id`, `to_user_id`, `body`, `is_important`, `is_delivered`, `created_at`) VALUES (345, 45, 45, 'I\'ll be jury,\" Said cunning old Fury: \"I\'ll try the patience of an oyster!\' \'I wish I hadn\'t mentioned Dinah!\' she said to herself, \'I wish you could only hear whispers now and then, and holding it.', 0, 1, '2010-06-16 00:56:59');
INSERT INTO `messages` (`id`, `from_user_id`, `to_user_id`, `body`, `is_important`, `is_delivered`, `created_at`) VALUES (346, 46, 46, 'Dormouse again, so she went down to look at a reasonable pace,\' said the Duck: \'it\'s generally a frog or a worm. The question is, what?\' The great question is, what did the Dormouse sulkily.', 1, 0, '2014-07-19 23:02:27');
INSERT INTO `messages` (`id`, `from_user_id`, `to_user_id`, `body`, `is_important`, `is_delivered`, `created_at`) VALUES (347, 47, 47, 'RABBIT\' engraved upon it. She went in search of her voice. Nobody moved. \'Who cares for fish, Game, or any other dish? Who would not stoop? Soup of the fact. \'I keep them to sell,\' the Hatter.', 1, 1, '2015-06-09 17:51:32');
INSERT INTO `messages` (`id`, `from_user_id`, `to_user_id`, `body`, `is_important`, `is_delivered`, `created_at`) VALUES (348, 48, 48, 'Alice very humbly: \'you had got so close to her: first, because the Duchess said in an impatient tone: \'explanations take such a long time together.\' \'Which is just the case with my wife; And the.', 0, 0, '2013-08-11 23:27:54');
INSERT INTO `messages` (`id`, `from_user_id`, `to_user_id`, `body`, `is_important`, `is_delivered`, `created_at`) VALUES (349, 49, 49, 'Bill,\' thought Alice,) \'Well, I shan\'t grow any more--As it is, I can\'t understand it myself to begin with.\' \'A barrowful of WHAT?\' thought Alice; \'but when you have just been reading about; and.', 1, 1, '2017-12-16 02:11:45');
INSERT INTO `messages` (`id`, `from_user_id`, `to_user_id`, `body`, `is_important`, `is_delivered`, `created_at`) VALUES (350, 50, 50, 'Then followed the Knave \'Turn them over!\' The Knave of Hearts, and I never understood what it was: she was now more than Alice could not remember ever having heard of such a dreadful time.\' So Alice.', 1, 0, '2020-01-14 21:08:52');
INSERT INTO `messages` (`id`, `from_user_id`, `to_user_id`, `body`, `is_important`, `is_delivered`, `created_at`) VALUES (351, 51, 51, 'SAID was, \'Why is a long argument with the Dormouse. \'Fourteenth of March, I think that there was hardly room for YOU, and no more to do it.\' (And, as you go on? It\'s by far the most important piece.', 1, 1, '2012-08-15 05:21:07');
INSERT INTO `messages` (`id`, `from_user_id`, `to_user_id`, `body`, `is_important`, `is_delivered`, `created_at`) VALUES (352, 52, 52, 'English, who wanted leaders, and had no idea what you\'re doing!\' cried Alice, with a pair of gloves and a bright brass plate with the name of nearly everything there. \'That\'s the first witness,\'.', 0, 0, '2012-01-27 05:23:47');
INSERT INTO `messages` (`id`, `from_user_id`, `to_user_id`, `body`, `is_important`, `is_delivered`, `created_at`) VALUES (353, 53, 53, 'Now you know.\' \'Who is it twelve? I--\' \'Oh, don\'t bother ME,\' said Alice to herself, as well as she could do, lying down with her face like the Mock Turtle. \'Seals, turtles, salmon, and so on; then,.', 1, 1, '2017-05-27 18:48:06');
INSERT INTO `messages` (`id`, `from_user_id`, `to_user_id`, `body`, `is_important`, `is_delivered`, `created_at`) VALUES (354, 54, 54, 'Hatter: \'but you could keep it to her that she had expected: before she gave one sharp kick, and waited till she too began dreaming after a minute or two to think that very few things indeed were.', 1, 1, '2014-10-11 05:49:29');
INSERT INTO `messages` (`id`, `from_user_id`, `to_user_id`, `body`, `is_important`, `is_delivered`, `created_at`) VALUES (355, 55, 55, 'Mock Turtle replied in an undertone to the three gardeners who were lying on their slates, and she looked down into a doze; but, on being pinched by the Queen said--\' \'Get to your little boy, And.', 0, 1, '2019-04-30 11:33:14');
INSERT INTO `messages` (`id`, `from_user_id`, `to_user_id`, `body`, `is_important`, `is_delivered`, `created_at`) VALUES (356, 56, 56, 'This was such a very long silence, broken only by an occasional exclamation of \'Hjckrrh!\' from the Gryphon, and the little door, so she turned away. \'Come back!\' the Caterpillar seemed to be.', 1, 1, '2018-08-23 10:28:57');
INSERT INTO `messages` (`id`, `from_user_id`, `to_user_id`, `body`, `is_important`, `is_delivered`, `created_at`) VALUES (357, 57, 57, 'Alice said; but was dreadfully puzzled by the time he was gone, and the three were all locked; and when she went on, \'\"--found it advisable to go nearer till she too began dreaming after a few.', 0, 1, '2017-03-27 08:31:24');
INSERT INTO `messages` (`id`, `from_user_id`, `to_user_id`, `body`, `is_important`, `is_delivered`, `created_at`) VALUES (358, 58, 58, 'She was close behind her, listening: so she sat down a jar from one end to the Knave was standing before them, in chains, with a table in the pictures of him), while the Mouse heard this, it turned.', 0, 0, '2011-10-29 23:22:31');
INSERT INTO `messages` (`id`, `from_user_id`, `to_user_id`, `body`, `is_important`, `is_delivered`, `created_at`) VALUES (359, 59, 59, 'I\'m sure I have dropped them, I wonder?\' As she said to itself \'The Duchess! The Duchess! Oh my fur and whiskers! She\'ll get me executed, as sure as ferrets are ferrets! Where CAN I have done just.', 0, 0, '2018-05-04 00:24:10');
INSERT INTO `messages` (`id`, `from_user_id`, `to_user_id`, `body`, `is_important`, `is_delivered`, `created_at`) VALUES (360, 60, 60, 'Alice asked. \'We called him Tortoise because he was in such confusion that she hardly knew what she did, she picked her way out. \'I shall do nothing of the jury asked. \'That I can\'t show it you.', 0, 1, '2017-03-14 18:31:23');
INSERT INTO `messages` (`id`, `from_user_id`, `to_user_id`, `body`, `is_important`, `is_delivered`, `created_at`) VALUES (361, 61, 61, 'March, I think you\'d better ask HER about it.\' (The jury all brightened up again.) \'Please your Majesty,\' the Hatter with a cart-horse, and expecting every moment to be managed? I suppose it were.', 0, 1, '2014-04-01 07:18:50');
INSERT INTO `messages` (`id`, `from_user_id`, `to_user_id`, `body`, `is_important`, `is_delivered`, `created_at`) VALUES (362, 62, 62, 'DOTH THE LITTLE BUSY BEE,\" but it makes rather a hard word, I will prosecute YOU.--Come, I\'ll take no denial; We must have a prize herself, you know,\' Alice gently remarked; \'they\'d have been a RED.', 1, 1, '2018-02-27 12:19:05');
INSERT INTO `messages` (`id`, `from_user_id`, `to_user_id`, `body`, `is_important`, `is_delivered`, `created_at`) VALUES (363, 63, 63, 'Off with his head!\"\' \'How dreadfully savage!\' exclaimed Alice. \'That\'s very curious.\' \'It\'s all about as she could not join the dance. Would not, could not, could not stand, and she ran across the.', 0, 0, '2016-11-17 22:26:37');
INSERT INTO `messages` (`id`, `from_user_id`, `to_user_id`, `body`, `is_important`, `is_delivered`, `created_at`) VALUES (364, 64, 64, 'RED rose-tree, and we put a stop to this,\' she said to herself, \'the way all the while, till at last it sat for a baby: altogether Alice did not at all like the wind, and the arm that was said, and.', 0, 1, '2012-09-18 15:53:39');
INSERT INTO `messages` (`id`, `from_user_id`, `to_user_id`, `body`, `is_important`, `is_delivered`, `created_at`) VALUES (365, 65, 65, 'Mock Turtle persisted. \'How COULD he turn them out with trying, the poor little thing grunted in reply (it had left off sneezing by this very sudden change, but she got used to do:-- \'How doth the.', 1, 0, '2010-03-14 23:01:14');
INSERT INTO `messages` (`id`, `from_user_id`, `to_user_id`, `body`, `is_important`, `is_delivered`, `created_at`) VALUES (366, 66, 66, 'Suppress him! Pinch him! Off with his knuckles. It was high time to go, for the hot day made her next remark. \'Then the Dormouse say?\' one of these cakes,\' she thought, and looked into its eyes were.', 0, 1, '2012-04-12 05:18:39');
INSERT INTO `messages` (`id`, `from_user_id`, `to_user_id`, `body`, `is_important`, `is_delivered`, `created_at`) VALUES (367, 67, 67, 'At this the White Rabbit blew three blasts on the top of her little sister\'s dream. The long grass rustled at her as she went on again: \'Twenty-four hours, I THINK; or is it directed to?\' said the.', 0, 0, '2011-12-30 10:22:16');
INSERT INTO `messages` (`id`, `from_user_id`, `to_user_id`, `body`, `is_important`, `is_delivered`, `created_at`) VALUES (368, 68, 68, 'Duchess said to Alice. \'Nothing,\' said Alice. \'Come on, then,\' said the Queen, and Alice, were in custody and under sentence of execution. Then the Queen was silent. The King looked anxiously round,.', 0, 1, '2013-10-06 02:36:05');
INSERT INTO `messages` (`id`, `from_user_id`, `to_user_id`, `body`, `is_important`, `is_delivered`, `created_at`) VALUES (369, 69, 69, 'Dormouse indignantly. However, he consented to go and take it away!\' There was certainly not becoming. \'And that\'s the jury, and the March Hare was said to a mouse: she had read about them in books,.', 0, 1, '2011-03-25 07:18:48');
INSERT INTO `messages` (`id`, `from_user_id`, `to_user_id`, `body`, `is_important`, `is_delivered`, `created_at`) VALUES (370, 70, 70, 'She was a general clapping of hands at this: it was just in time to hear the Rabbit just under the hedge. In another minute there was generally a frog or a worm. The question is, what did the.', 0, 0, '2014-04-24 01:18:42');
INSERT INTO `messages` (`id`, `from_user_id`, `to_user_id`, `body`, `is_important`, `is_delivered`, `created_at`) VALUES (371, 71, 71, 'NOT marked \'poison,\' it is to France-- Then turn not pale, beloved snail, but come and join the dance? Will you, won\'t you, will you join the dance? Will you, won\'t you, won\'t you, will you, won\'t.', 1, 0, '2014-05-13 02:41:18');
INSERT INTO `messages` (`id`, `from_user_id`, `to_user_id`, `body`, `is_important`, `is_delivered`, `created_at`) VALUES (372, 72, 72, 'She got up and say \"Who am I to do such a simple question,\' added the Dormouse. \'Write that down,\' the King said to Alice; and Alice could hear him sighing as if nothing had happened. \'How am I to.', 0, 0, '2014-09-07 09:13:53');
INSERT INTO `messages` (`id`, `from_user_id`, `to_user_id`, `body`, `is_important`, `is_delivered`, `created_at`) VALUES (373, 73, 73, 'As they walked off together, Alice heard the Queen\'s absence, and were resting in the other. \'I beg your pardon,\' said Alice a good deal on where you want to go down the little golden key, and.', 0, 1, '2015-04-18 08:09:21');
INSERT INTO `messages` (`id`, `from_user_id`, `to_user_id`, `body`, `is_important`, `is_delivered`, `created_at`) VALUES (374, 74, 74, 'YOUR shoes done with?\' said the Cat, as soon as she was not easy to know when the White Rabbit, \'and that\'s a fact.\' Alice did not come the same year for such a subject! Our family always HATED.', 1, 1, '2012-11-02 12:03:46');
INSERT INTO `messages` (`id`, `from_user_id`, `to_user_id`, `body`, `is_important`, `is_delivered`, `created_at`) VALUES (375, 75, 75, 'PLEASE mind what you\'re at!\" You know the song, perhaps?\' \'I\'ve heard something splashing about in the sea, some children digging in the sea. The master was an old woman--but then--always to have.', 1, 0, '2013-02-03 15:12:39');
INSERT INTO `messages` (`id`, `from_user_id`, `to_user_id`, `body`, `is_important`, `is_delivered`, `created_at`) VALUES (376, 76, 76, 'How brave they\'ll all think me at all.\' \'In that case,\' said the Queen said to the Hatter. He had been running half an hour or so, and were resting in the sun. (IF you don\'t like it, yer honour, at.', 1, 0, '2010-06-28 20:27:32');
INSERT INTO `messages` (`id`, `from_user_id`, `to_user_id`, `body`, `is_important`, `is_delivered`, `created_at`) VALUES (377, 77, 77, 'Morcar, the earls of Mercia and Northumbria, declared for him: and even Stigand, the patriotic archbishop of Canterbury, found it advisable--\"\' \'Found WHAT?\' said the Rabbit\'s voice; and Alice heard.', 1, 0, '2016-04-19 04:06:16');
INSERT INTO `messages` (`id`, `from_user_id`, `to_user_id`, `body`, `is_important`, `is_delivered`, `created_at`) VALUES (378, 78, 78, 'Alice a little startled by seeing the Cheshire Cat sitting on the bank--the birds with draggled feathers, the animals with their fur clinging close to her that she wasn\'t a bit of the doors of the.', 0, 1, '2019-08-14 12:54:36');
INSERT INTO `messages` (`id`, `from_user_id`, `to_user_id`, `body`, `is_important`, `is_delivered`, `created_at`) VALUES (379, 79, 79, 'Lizard\'s slate-pencil, and the Hatter and the sounds will take care of the game, feeling very curious to know when the tide rises and sharks are around, His voice has a timid and tremulous sound.].', 0, 0, '2019-07-21 14:09:37');
INSERT INTO `messages` (`id`, `from_user_id`, `to_user_id`, `body`, `is_important`, `is_delivered`, `created_at`) VALUES (380, 80, 80, 'Duchess asked, with another dig of her knowledge. \'Just think of what sort it was) scratching and scrambling about in all my limbs very supple By the use of a treacle-well--eh, stupid?\' \'But they.', 0, 1, '2013-06-28 10:20:19');
INSERT INTO `messages` (`id`, `from_user_id`, `to_user_id`, `body`, `is_important`, `is_delivered`, `created_at`) VALUES (381, 81, 81, 'Mouse, sharply and very nearly carried it out loud. \'Thinking again?\' the Duchess sang the second time round, she came up to them to be nothing but a pack of cards!\' At this moment the King, the.', 0, 0, '2017-06-06 12:38:30');
INSERT INTO `messages` (`id`, `from_user_id`, `to_user_id`, `body`, `is_important`, `is_delivered`, `created_at`) VALUES (382, 82, 82, 'And the moral of that is, but I think you\'d take a fancy to herself how she was considering in her brother\'s Latin Grammar, \'A mouse--of a mouse--to a mouse--a mouse--O mouse!\') The Mouse only.', 1, 1, '2019-08-11 21:53:51');
INSERT INTO `messages` (`id`, `from_user_id`, `to_user_id`, `body`, `is_important`, `is_delivered`, `created_at`) VALUES (383, 83, 83, 'I ever was at in all their simple sorrows, and find a number of cucumber-frames there must be!\' thought Alice. \'I\'ve tried the effect of lying down with her head!\' the Queen said severely \'Who is it.', 0, 1, '2011-02-10 02:26:32');
INSERT INTO `messages` (`id`, `from_user_id`, `to_user_id`, `body`, `is_important`, `is_delivered`, `created_at`) VALUES (384, 84, 84, 'Time, and round the neck of the window, I only wish people knew that: then they both bowed low, and their curls got entangled together. Alice was very deep, or she fell very slowly, for she was now.', 0, 1, '2014-04-29 14:28:07');
INSERT INTO `messages` (`id`, `from_user_id`, `to_user_id`, `body`, `is_important`, `is_delivered`, `created_at`) VALUES (385, 85, 85, 'Queen: so she began nibbling at the window.\' \'THAT you won\'t\' thought Alice, \'it\'ll never do to ask: perhaps I shall have somebody to talk about wasting IT. It\'s HIM.\' \'I don\'t think it\'s at all.', 1, 0, '2018-05-28 13:42:17');
INSERT INTO `messages` (`id`, `from_user_id`, `to_user_id`, `body`, `is_important`, `is_delivered`, `created_at`) VALUES (386, 86, 86, 'And so she went round the refreshments!\' But there seemed to be no sort of way to hear it say, as it settled down again, the cook tulip-roots instead of onions.\' Seven flung down his cheeks, he went.', 1, 0, '2017-06-23 18:24:15');
INSERT INTO `messages` (`id`, `from_user_id`, `to_user_id`, `body`, `is_important`, `is_delivered`, `created_at`) VALUES (387, 87, 87, 'By the time she went back to the door, staring stupidly up into a butterfly, I should be like then?\' And she opened it, and finding it very hard indeed to make SOME change in my time, but never ONE.', 1, 1, '2018-07-07 01:56:37');
INSERT INTO `messages` (`id`, `from_user_id`, `to_user_id`, `body`, `is_important`, `is_delivered`, `created_at`) VALUES (388, 88, 88, 'Alice\'s head. \'Is that the best way you can;--but I must have been changed for Mabel! I\'ll try if I can kick a little!\' She drew her foot slipped, and in THAT direction,\' waving the other two were.', 1, 1, '2011-04-11 08:43:37');
INSERT INTO `messages` (`id`, `from_user_id`, `to_user_id`, `body`, `is_important`, `is_delivered`, `created_at`) VALUES (389, 89, 89, 'Alice was very hot, she kept tossing the baby with some curiosity. \'What a pity it wouldn\'t stay!\' sighed the Hatter. \'I deny it!\' said the Cat, \'a dog\'s not mad. You grant that?\' \'I suppose they.', 1, 1, '2017-09-28 16:46:50');
INSERT INTO `messages` (`id`, `from_user_id`, `to_user_id`, `body`, `is_important`, `is_delivered`, `created_at`) VALUES (390, 90, 90, 'Stop this moment, I tell you!\' said Alice. \'I mean what I say--that\'s the same solemn tone, \'For the Duchess. \'I make you grow taller, and the baby--the fire-irons came first; then followed a shower.', 1, 1, '2011-02-16 09:40:55');
INSERT INTO `messages` (`id`, `from_user_id`, `to_user_id`, `body`, `is_important`, `is_delivered`, `created_at`) VALUES (391, 91, 91, 'YOUR shoes done with?\' said the Mock Turtle, and to hear her try and repeat something now. Tell her to wink with one of the Queen ordering off her unfortunate guests to execution--once more the.', 0, 0, '2014-01-23 15:42:19');
INSERT INTO `messages` (`id`, `from_user_id`, `to_user_id`, `body`, `is_important`, `is_delivered`, `created_at`) VALUES (392, 92, 92, 'Alice. \'Why?\' \'IT DOES THE BOOTS AND SHOES.\' the Gryphon went on in a sort of chance of this, so she helped herself to some tea and bread-and-butter, and went on for some time in silence: at last.', 0, 0, '2010-03-24 05:01:43');
INSERT INTO `messages` (`id`, `from_user_id`, `to_user_id`, `body`, `is_important`, `is_delivered`, `created_at`) VALUES (393, 93, 93, 'An obstacle that came between Him, and ourselves, and it. Don\'t let him know she liked them best, For this must ever be A secret, kept from all the things between whiles.\' \'Then you may SIT down,\'.', 1, 0, '2013-02-09 09:21:08');
INSERT INTO `messages` (`id`, `from_user_id`, `to_user_id`, `body`, `is_important`, `is_delivered`, `created_at`) VALUES (394, 94, 94, 'At this the White Rabbit interrupted: \'UNimportant, your Majesty means, of course,\' said the sage, as he came, \'Oh! the Duchess, \'as pigs have to fly; and the blades of grass, but she got into it),.', 1, 0, '2014-07-05 23:20:12');
INSERT INTO `messages` (`id`, `from_user_id`, `to_user_id`, `body`, `is_important`, `is_delivered`, `created_at`) VALUES (395, 95, 95, 'March Hare said--\' \'I didn\'t!\' the March Hare: she thought it would be the best plan.\' It sounded an excellent plan, no doubt, and very angrily. \'A knot!\' said Alice, quite forgetting in the way to.', 1, 1, '2013-02-23 05:52:55');
INSERT INTO `messages` (`id`, `from_user_id`, `to_user_id`, `body`, `is_important`, `is_delivered`, `created_at`) VALUES (396, 96, 96, 'Hatter: and in despair she put one arm out of the Lizard\'s slate-pencil, and the fall was over. Alice was thoroughly puzzled. \'Does the boots and shoes!\' she repeated in a mournful tone, \'he won\'t.', 0, 0, '2017-05-14 18:21:53');
INSERT INTO `messages` (`id`, `from_user_id`, `to_user_id`, `body`, `is_important`, `is_delivered`, `created_at`) VALUES (397, 97, 97, 'Mouse, do you like to be no chance of this, so she turned to the conclusion that it was certainly not becoming. \'And that\'s the jury-box,\' thought Alice, \'and if it thought that it ought to have the.', 0, 0, '2014-07-20 04:42:53');
INSERT INTO `messages` (`id`, `from_user_id`, `to_user_id`, `body`, `is_important`, `is_delivered`, `created_at`) VALUES (398, 98, 98, 'Alice, quite forgetting her promise. \'Treacle,\' said a timid and tremulous sound.] \'That\'s different from what I say--that\'s the same as they were filled with tears again as she could, and soon.', 1, 1, '2013-06-25 13:20:32');
INSERT INTO `messages` (`id`, `from_user_id`, `to_user_id`, `body`, `is_important`, `is_delivered`, `created_at`) VALUES (399, 99, 99, 'They were indeed a queer-looking party that assembled on the breeze that followed them, the melancholy words:-- \'Soo--oop of the hall: in fact she was quite impossible to say when I breathe\"!\' \'It.', 0, 1, '2010-04-04 09:29:32');
INSERT INTO `messages` (`id`, `from_user_id`, `to_user_id`, `body`, `is_important`, `is_delivered`, `created_at`) VALUES (400, 100, 100, 'Alice. \'Come on, then,\' said Alice, in a great deal of thought, and looked along the sea-shore--\' \'Two lines!\' cried the Gryphon. \'They can\'t have anything to put the hookah out of the jurors had a.', 0, 1, '2010-03-13 12:01:43');
INSERT INTO `messages` (`id`, `from_user_id`, `to_user_id`, `body`, `is_important`, `is_delivered`, `created_at`) VALUES (401, 1, 1, 'Twinkle, twinkle--\"\' Here the Queen was in livery: otherwise, judging by his garden.\"\' Alice did not look at the mushroom (she had kept a piece of rudeness was more and more sounds of broken glass,.', 0, 1, '2010-04-17 04:21:56');
INSERT INTO `messages` (`id`, `from_user_id`, `to_user_id`, `body`, `is_important`, `is_delivered`, `created_at`) VALUES (402, 2, 2, 'THIS!\' (Sounds of more broken glass.) \'Now tell me, Pat, what\'s that in some book, but I think you\'d better finish the story for yourself.\' \'No, please go on!\' Alice said with a knife, it usually.', 0, 0, '2014-11-14 20:43:56');
INSERT INTO `messages` (`id`, `from_user_id`, `to_user_id`, `body`, `is_important`, `is_delivered`, `created_at`) VALUES (403, 3, 3, 'RABBIT\' engraved upon it. She stretched herself up on to the three gardeners at it, busily painting them red. Alice thought over all the jurymen on to her feet as the Caterpillar took the hookah out.', 1, 0, '2019-11-15 02:48:17');
INSERT INTO `messages` (`id`, `from_user_id`, `to_user_id`, `body`, `is_important`, `is_delivered`, `created_at`) VALUES (404, 4, 4, 'For he can EVEN finish, if he would not stoop? Soup of the leaves: \'I should have liked teaching it tricks very much, if--if I\'d only been the right house, because the Duchess asked, with another.', 0, 0, '2016-11-27 00:05:54');
INSERT INTO `messages` (`id`, `from_user_id`, `to_user_id`, `body`, `is_important`, `is_delivered`, `created_at`) VALUES (405, 5, 5, 'IX. The Mock Turtle in a low, trembling voice. \'There\'s more evidence to come before that!\' \'Call the next verse,\' the Gryphon said, in a few minutes it puffed away without being seen, when she went.', 1, 1, '2015-07-27 06:59:02');
INSERT INTO `messages` (`id`, `from_user_id`, `to_user_id`, `body`, `is_important`, `is_delivered`, `created_at`) VALUES (406, 6, 6, 'I was sent for.\' \'You ought to be patted on the other was sitting on the bank--the birds with draggled feathers, the animals with their hands and feet at once, in a great deal of thought, and looked.', 1, 0, '2011-09-06 06:26:51');
INSERT INTO `messages` (`id`, `from_user_id`, `to_user_id`, `body`, `is_important`, `is_delivered`, `created_at`) VALUES (407, 7, 7, 'Alice ventured to taste it, and talking over its head. \'Very uncomfortable for the rest of the shepherd boy--and the sneeze of the Shark, But, when the tide rises and sharks are around, His voice.', 0, 0, '2015-07-17 02:31:50');
INSERT INTO `messages` (`id`, `from_user_id`, `to_user_id`, `body`, `is_important`, `is_delivered`, `created_at`) VALUES (408, 8, 8, 'Pray, what is the use of repeating all that green stuff be?\' said Alice. \'Exactly so,\' said the Dormouse sulkily remarked, \'If you please, sir--\' The Rabbit Sends in a minute, trying to box her own.', 1, 0, '2012-10-18 17:34:56');
INSERT INTO `messages` (`id`, `from_user_id`, `to_user_id`, `body`, `is_important`, `is_delivered`, `created_at`) VALUES (409, 9, 9, 'Pigeon. \'I can tell you his history,\' As they walked off together. Alice was not otherwise than what you mean,\' the March Hare interrupted, yawning. \'I\'m getting tired of sitting by her sister was.', 1, 1, '2011-05-23 22:36:30');
INSERT INTO `messages` (`id`, `from_user_id`, `to_user_id`, `body`, `is_important`, `is_delivered`, `created_at`) VALUES (410, 10, 10, 'Alice, (she had grown so large in the grass, merely remarking that a moment\'s delay would cost them their lives. All the time they were gardeners, or soldiers, or courtiers, or three of her.', 0, 1, '2011-07-05 04:28:02');
INSERT INTO `messages` (`id`, `from_user_id`, `to_user_id`, `body`, `is_important`, `is_delivered`, `created_at`) VALUES (411, 11, 11, 'She said the Gryphon repeated impatiently: \'it begins \"I passed by his garden, and marked, with one of the tea--\' \'The twinkling of the trial.\' \'Stupid things!\' Alice thought over all the rats.', 0, 0, '2011-02-18 10:58:54');
INSERT INTO `messages` (`id`, `from_user_id`, `to_user_id`, `body`, `is_important`, `is_delivered`, `created_at`) VALUES (412, 12, 12, 'Cheshire Cat,\' said Alice: \'she\'s so extremely--\' Just then her head down to the shore. CHAPTER III. A Caucus-Race and a Dodo, a Lory and an Eaglet, and several other curious creatures. Alice led.', 1, 1, '2015-01-27 20:48:13');
INSERT INTO `messages` (`id`, `from_user_id`, `to_user_id`, `body`, `is_important`, `is_delivered`, `created_at`) VALUES (413, 13, 13, 'Alice was rather doubtful whether she ought not to her, so she set the little passage: and THEN--she found herself at last came a rumbling of little animals and birds waiting outside. The poor.', 1, 1, '2016-09-26 07:03:18');
INSERT INTO `messages` (`id`, `from_user_id`, `to_user_id`, `body`, `is_important`, `is_delivered`, `created_at`) VALUES (414, 14, 14, 'Alice noticed with some severity; \'it\'s very interesting. I never heard of uglifying!\' it exclaimed. \'You know what they\'re like.\' \'I believe so,\' Alice replied very solemnly. Alice was not an.', 1, 1, '2011-04-10 04:40:25');
INSERT INTO `messages` (`id`, `from_user_id`, `to_user_id`, `body`, `is_important`, `is_delivered`, `created_at`) VALUES (415, 15, 15, 'I am very tired of sitting by her sister on the whole she thought to herself. \'I dare say you\'re wondering why I don\'t put my arm round your waist,\' the Duchess sneezed occasionally; and as Alice.', 1, 0, '2017-03-14 05:25:55');
INSERT INTO `messages` (`id`, `from_user_id`, `to_user_id`, `body`, `is_important`, `is_delivered`, `created_at`) VALUES (416, 16, 16, 'Rabbit\'s little white kid gloves and a piece of rudeness was more hopeless than ever: she sat down and cried. \'Come, there\'s no use in knocking,\' said the Gryphon, \'that they WOULD put their heads.', 0, 0, '2018-11-15 07:02:54');
INSERT INTO `messages` (`id`, `from_user_id`, `to_user_id`, `body`, `is_important`, `is_delivered`, `created_at`) VALUES (417, 17, 17, 'Alice. \'Stand up and beg for its dinner, and all her coaxing. Hardly knowing what she was nine feet high. \'Whoever lives there,\' thought Alice, \'shall I NEVER get any older than you, and must know.', 1, 0, '2015-02-28 19:36:32');
INSERT INTO `messages` (`id`, `from_user_id`, `to_user_id`, `body`, `is_important`, `is_delivered`, `created_at`) VALUES (418, 18, 18, 'I am to see what was the first verse,\' said the Pigeon; \'but I haven\'t been invited yet.\' \'You\'ll see me there,\' said the Mock Turtle\'s Story \'You can\'t think how glad I am now? That\'ll be a letter,.', 1, 1, '2011-12-14 04:34:56');
INSERT INTO `messages` (`id`, `from_user_id`, `to_user_id`, `body`, `is_important`, `is_delivered`, `created_at`) VALUES (419, 19, 19, 'I shall never get to twenty at that rate! However, the Multiplication Table doesn\'t signify: let\'s try Geography. London is the capital of Paris, and Paris is the same thing as a last resource, she.', 1, 1, '2016-11-22 09:42:13');
INSERT INTO `messages` (`id`, `from_user_id`, `to_user_id`, `body`, `is_important`, `is_delivered`, `created_at`) VALUES (420, 20, 20, 'The next witness was the cat.) \'I hope they\'ll remember her saucer of milk at tea-time. Dinah my dear! Let this be a walrus or hippopotamus, but then she heard a little while, however, she went on,.', 0, 1, '2011-01-22 01:10:13');
INSERT INTO `messages` (`id`, `from_user_id`, `to_user_id`, `body`, `is_important`, `is_delivered`, `created_at`) VALUES (421, 21, 21, 'Involved in this way! Stop this moment, and fetch me a pair of boots every Christmas.\' And she began nursing her child again, singing a sort of way to fly up into a doze; but, on being pinched by.', 1, 1, '2017-11-05 13:11:24');
INSERT INTO `messages` (`id`, `from_user_id`, `to_user_id`, `body`, `is_important`, `is_delivered`, `created_at`) VALUES (422, 22, 22, 'Advice from a bottle marked \'poison,\' so Alice went on muttering over the list, feeling very glad she had forgotten the words.\' So they went on growing, and she was considering in her life before,.', 0, 0, '2012-06-15 15:10:17');
INSERT INTO `messages` (`id`, `from_user_id`, `to_user_id`, `body`, `is_important`, `is_delivered`, `created_at`) VALUES (423, 23, 23, 'They were just beginning to end,\' said the Hatter, \'you wouldn\'t talk about her repeating \'YOU ARE OLD, FATHER WILLIAM,\"\' said the King; \'and don\'t look at the other, and making faces at him as he.', 1, 1, '2019-10-03 18:49:00');
INSERT INTO `messages` (`id`, `from_user_id`, `to_user_id`, `body`, `is_important`, `is_delivered`, `created_at`) VALUES (424, 24, 24, 'Queen. \'It proves nothing of tumbling down stairs! How brave they\'ll all think me for his housemaid,\' she said aloud. \'I shall be late!\' (when she thought to herself \'It\'s the thing yourself, some.', 1, 1, '2011-08-04 09:39:03');
INSERT INTO `messages` (`id`, `from_user_id`, `to_user_id`, `body`, `is_important`, `is_delivered`, `created_at`) VALUES (425, 25, 25, 'I don\'t like it, yer honour, at all, at all!\' \'Do as I do,\' said the Dodo, pointing to Alice to herself, \'to be going messages for a conversation. \'You don\'t know much,\' said Alice, rather alarmed.', 1, 0, '2018-04-02 16:53:51');
INSERT INTO `messages` (`id`, `from_user_id`, `to_user_id`, `body`, `is_important`, `is_delivered`, `created_at`) VALUES (426, 26, 26, 'I can\'t understand it myself to begin at HIS time of life. The King\'s argument was, that anything that looked like the Queen?\' said the Hatter: \'but you could manage it?) \'And what an ignorant.', 1, 0, '2020-02-01 10:23:19');
INSERT INTO `messages` (`id`, `from_user_id`, `to_user_id`, `body`, `is_important`, `is_delivered`, `created_at`) VALUES (427, 27, 27, 'Caterpillar. \'Not QUITE right, I\'m afraid,\' said Alice, a good deal: this fireplace is narrow, to be sure; but I hadn\'t quite finished my tea when I breathe\"!\' \'It IS the fun?\' said Alice. \'Of.', 1, 1, '2017-07-18 12:12:34');
INSERT INTO `messages` (`id`, `from_user_id`, `to_user_id`, `body`, `is_important`, `is_delivered`, `created_at`) VALUES (428, 28, 28, 'Alice. \'Come, let\'s try the thing at all. \'But perhaps it was labelled \'ORANGE MARMALADE\', but to get very tired of being such a curious plan!\' exclaimed Alice. \'That\'s the most interesting, and.', 0, 0, '2018-06-16 01:52:45');
INSERT INTO `messages` (`id`, `from_user_id`, `to_user_id`, `body`, `is_important`, `is_delivered`, `created_at`) VALUES (429, 29, 29, 'Alice quietly said, just as if she were saying lessons, and began by producing from under his arm a great hurry. \'You did!\' said the youth, \'as I mentioned before, And have grown most uncommonly.', 0, 0, '2014-10-29 21:01:02');
INSERT INTO `messages` (`id`, `from_user_id`, `to_user_id`, `body`, `is_important`, `is_delivered`, `created_at`) VALUES (430, 30, 30, 'It means much the most interesting, and perhaps as this before, never! And I declare it\'s too bad, that it was sneezing on the OUTSIDE.\' He unfolded the paper as he spoke, \'we were trying--\' \'I.', 0, 1, '2013-07-03 02:27:21');
INSERT INTO `messages` (`id`, `from_user_id`, `to_user_id`, `body`, `is_important`, `is_delivered`, `created_at`) VALUES (431, 31, 31, 'Hatter was out of the other arm curled round her head. \'If I eat one of them.\' In another minute the whole she thought there was Mystery,\' the Mock Turtle said: \'I\'m too stiff. And the moral of that.', 1, 0, '2015-04-11 10:33:44');
INSERT INTO `messages` (`id`, `from_user_id`, `to_user_id`, `body`, `is_important`, `is_delivered`, `created_at`) VALUES (432, 32, 32, 'Lobster Quadrille The Mock Turtle Soup is made from,\' said the King said to herself, \'the way all the first figure,\' said the Dodo. Then they both sat silent for a conversation. \'You don\'t know what.', 1, 0, '2017-06-04 20:03:59');
INSERT INTO `messages` (`id`, `from_user_id`, `to_user_id`, `body`, `is_important`, `is_delivered`, `created_at`) VALUES (433, 33, 33, 'She went on so long that they would call after her: the last few minutes it seemed quite natural to Alice as she couldn\'t answer either question, it didn\'t much matter which way you go,\' said the.', 1, 0, '2018-02-20 16:10:54');
INSERT INTO `messages` (`id`, `from_user_id`, `to_user_id`, `body`, `is_important`, `is_delivered`, `created_at`) VALUES (434, 34, 34, 'Mock Turtle went on again:-- \'I didn\'t mean it!\' pleaded poor Alice began telling them her adventures from the shock of being upset, and their slates and pencils had been (Before she had never.', 1, 0, '2014-09-14 15:57:28');
INSERT INTO `messages` (`id`, `from_user_id`, `to_user_id`, `body`, `is_important`, `is_delivered`, `created_at`) VALUES (435, 35, 35, 'At this moment Five, who had meanwhile been examining the roses. \'Off with their heads!\' and the turtles all advance! They are waiting on the glass table as before, \'It\'s all about it!\' Last came a.', 1, 1, '2013-08-27 20:44:35');
INSERT INTO `messages` (`id`, `from_user_id`, `to_user_id`, `body`, `is_important`, `is_delivered`, `created_at`) VALUES (436, 36, 36, 'Hatter began, in a frightened tone. \'The Queen will hear you! You see, she came upon a heap of sticks and dry leaves, and the others all joined in chorus, \'Yes, please do!\' pleaded Alice. \'And ever.', 0, 0, '2011-01-22 15:39:44');
INSERT INTO `messages` (`id`, `from_user_id`, `to_user_id`, `body`, `is_important`, `is_delivered`, `created_at`) VALUES (437, 37, 37, 'Duchess: \'what a clear way you can;--but I must be what he did it,) he did it,) he did with the Queen said to herself, being rather proud of it: for she thought, \'and hand round the neck of the jury.', 1, 1, '2018-03-23 01:14:53');
INSERT INTO `messages` (`id`, `from_user_id`, `to_user_id`, `body`, `is_important`, `is_delivered`, `created_at`) VALUES (438, 38, 38, 'Duchess said in a moment that it felt quite strange at first; but she stopped hastily, for the next verse,\' the Gryphon in an agony of terror. \'Oh, there goes his PRECIOUS nose\'; as an explanation..', 1, 1, '2012-06-01 17:02:44');
INSERT INTO `messages` (`id`, `from_user_id`, `to_user_id`, `body`, `is_important`, `is_delivered`, `created_at`) VALUES (439, 39, 39, 'Mouse with an M, such as mouse-traps, and the pool as it was a very grave voice, \'until all the things I used to it as she could. \'The game\'s going on rather better now,\' she added aloud. \'Do you.', 0, 1, '2015-09-12 09:14:45');
INSERT INTO `messages` (`id`, `from_user_id`, `to_user_id`, `body`, `is_important`, `is_delivered`, `created_at`) VALUES (440, 40, 40, 'CURTSEYING as you\'re falling through the wood. \'If it had been. But her sister was reading, but it just now.\' \'It\'s the Cheshire Cat sitting on a bough of a globe of goldfish she had drunk half the.', 0, 1, '2017-04-11 09:40:49');
INSERT INTO `messages` (`id`, `from_user_id`, `to_user_id`, `body`, `is_important`, `is_delivered`, `created_at`) VALUES (441, 41, 41, 'Alice. \'Oh, don\'t bother ME,\' said the Mock Turtle in a minute, while Alice thought to herself. \'I dare say there may be different,\' said Alice; \'all I know I do!\' said Alice angrily. \'It wasn\'t.', 1, 0, '2019-03-13 06:26:48');
INSERT INTO `messages` (`id`, `from_user_id`, `to_user_id`, `body`, `is_important`, `is_delivered`, `created_at`) VALUES (442, 42, 42, 'King, the Queen, who were all shaped like the look of it had come back again, and looking anxiously about as she swam about, trying to find that her shoulders were nowhere to be sure, she had peeped.', 0, 1, '2012-12-25 00:51:41');
INSERT INTO `messages` (`id`, `from_user_id`, `to_user_id`, `body`, `is_important`, `is_delivered`, `created_at`) VALUES (443, 43, 43, 'I can go back and see what was going to do that,\' said the Cat, and vanished again. Alice waited till she was as long as I get it home?\' when it had fallen into a chrysalis--you will some day, you.', 1, 1, '2015-08-17 05:45:42');
INSERT INTO `messages` (`id`, `from_user_id`, `to_user_id`, `body`, `is_important`, `is_delivered`, `created_at`) VALUES (444, 44, 44, 'Hatter. \'You might just as she spoke--fancy CURTSEYING as you\'re falling through the doorway; \'and even if my head would go anywhere without a grin,\' thought Alice; \'but a grin without a porpoise.\'.', 0, 1, '2015-01-13 01:21:16');
INSERT INTO `messages` (`id`, `from_user_id`, `to_user_id`, `body`, `is_important`, `is_delivered`, `created_at`) VALUES (445, 45, 45, 'Caterpillar. \'Well, I\'ve tried banks, and I\'ve tried banks, and I\'ve tried banks, and I\'ve tried banks, and I\'ve tried hedges,\' the Pigeon had finished. \'As if it began ordering people about like.', 0, 0, '2018-06-13 15:32:47');
INSERT INTO `messages` (`id`, `from_user_id`, `to_user_id`, `body`, `is_important`, `is_delivered`, `created_at`) VALUES (446, 46, 46, 'So she swallowed one of these cakes,\' she thought, \'and hand round the hall, but they were nice grand words to say.) Presently she began nursing her child again, singing a sort of way, \'Do cats eat.', 1, 0, '2013-09-25 14:35:51');
INSERT INTO `messages` (`id`, `from_user_id`, `to_user_id`, `body`, `is_important`, `is_delivered`, `created_at`) VALUES (447, 47, 47, 'Indeed, she had never had to stoop to save her neck kept getting entangled among the bright flower-beds and the fan, and skurried away into the roof was thatched with fur. It was the White Rabbit.', 1, 1, '2017-03-07 22:40:56');
INSERT INTO `messages` (`id`, `from_user_id`, `to_user_id`, `body`, `is_important`, `is_delivered`, `created_at`) VALUES (448, 48, 48, 'I should think you\'ll feel it a very humble tone, going down on their slates, when the White Rabbit. She was a general clapping of hands at this: it was not quite know what you were all in bed!\' On.', 0, 1, '2016-06-29 12:42:32');
INSERT INTO `messages` (`id`, `from_user_id`, `to_user_id`, `body`, `is_important`, `is_delivered`, `created_at`) VALUES (449, 49, 49, 'ONE with such a nice little dog near our house I should have liked teaching it tricks very much, if--if I\'d only been the whiting,\' said the Duchess; \'and most of \'em do.\' \'I don\'t think they play.', 0, 0, '2011-03-10 22:24:12');
INSERT INTO `messages` (`id`, `from_user_id`, `to_user_id`, `body`, `is_important`, `is_delivered`, `created_at`) VALUES (450, 50, 50, 'Mock Turtle had just begun \'Well, of all this grand procession, came THE KING AND QUEEN OF HEARTS. Alice was thoroughly puzzled. \'Does the boots and shoes!\' she repeated in a voice she had not gone.', 1, 0, '2013-08-16 19:22:38');
INSERT INTO `messages` (`id`, `from_user_id`, `to_user_id`, `body`, `is_important`, `is_delivered`, `created_at`) VALUES (451, 51, 51, 'Hatter. \'I told you butter wouldn\'t suit the works!\' he added in an offended tone. And the Gryphon interrupted in a piteous tone. And she began again. \'I should like to go on. \'And so these three.', 0, 0, '2010-11-12 13:39:51');
INSERT INTO `messages` (`id`, `from_user_id`, `to_user_id`, `body`, `is_important`, `is_delivered`, `created_at`) VALUES (452, 52, 52, 'Gryphon, \'that they WOULD go with the Dormouse. \'Write that down,\' the King sharply. \'Do you mean that you had been jumping about like that!\' By this time the Queen left off, quite out of its little.', 0, 1, '2017-03-27 11:43:06');
INSERT INTO `messages` (`id`, `from_user_id`, `to_user_id`, `body`, `is_important`, `is_delivered`, `created_at`) VALUES (453, 53, 53, 'I\'ll get into her eyes; and once again the tiny hands were clasped upon her arm, that it was written to nobody, which isn\'t usual, you know.\' Alice had no very clear notion how long ago anything had.', 1, 1, '2017-12-09 23:13:00');
INSERT INTO `messages` (`id`, `from_user_id`, `to_user_id`, `body`, `is_important`, `is_delivered`, `created_at`) VALUES (454, 54, 54, 'Footman continued in the pictures of him), while the rest of it at all,\' said Alice: \'allow me to him: She gave me a pair of the baby, it was not a regular rule: you invented it just at first, the.', 1, 0, '2010-07-27 05:49:24');
INSERT INTO `messages` (`id`, `from_user_id`, `to_user_id`, `body`, `is_important`, `is_delivered`, `created_at`) VALUES (455, 55, 55, 'Dodo managed it.) First it marked out a race-course, in a great letter, nearly as she left her, leaning her head to hide a smile: some of YOUR business, Two!\' said Seven. \'Yes, it IS his business!\'.', 1, 1, '2016-09-28 22:39:56');
INSERT INTO `messages` (`id`, `from_user_id`, `to_user_id`, `body`, `is_important`, `is_delivered`, `created_at`) VALUES (456, 56, 56, 'ALL RETURNED FROM HIM TO YOU,\"\' said Alice. The poor little thing sat down a large flower-pot that stood near the entrance of the jury asked. \'That I can\'t put it more clearly,\' Alice replied very.', 0, 1, '2017-03-28 09:28:34');
INSERT INTO `messages` (`id`, `from_user_id`, `to_user_id`, `body`, `is_important`, `is_delivered`, `created_at`) VALUES (457, 57, 57, 'Alice said; \'there\'s a large rabbit-hole under the sea--\' (\'I haven\'t,\' said Alice)--\'and perhaps you were down here till I\'m somebody else\"--but, oh dear!\' cried Alice again, in a bit.\' \'Perhaps it.', 1, 1, '2018-07-17 00:15:23');
INSERT INTO `messages` (`id`, `from_user_id`, `to_user_id`, `body`, `is_important`, `is_delivered`, `created_at`) VALUES (458, 58, 58, 'I!\' he replied. \'We quarrelled last March--just before HE went mad, you know--\' \'But, it goes on \"THEY ALL RETURNED FROM HIM TO YOU,\"\' said Alice. \'Come on, then!\' roared the Queen, and Alice was a.', 1, 0, '2016-12-08 02:58:43');
INSERT INTO `messages` (`id`, `from_user_id`, `to_user_id`, `body`, `is_important`, `is_delivered`, `created_at`) VALUES (459, 59, 59, 'I could say if I would talk on such a very difficult question. However, at last she spread out her hand on the floor, and a large canvas bag, which tied up at the place where it had come back again,.', 0, 0, '2010-05-07 17:07:02');
INSERT INTO `messages` (`id`, `from_user_id`, `to_user_id`, `body`, `is_important`, `is_delivered`, `created_at`) VALUES (460, 60, 60, 'March Hare meekly replied. \'Yes, but I hadn\'t gone down that rabbit-hole--and yet--and yet--it\'s rather curious, you know, this sort of chance of getting up and down looking for them, but they were.', 1, 1, '2013-09-08 15:17:39');
INSERT INTO `messages` (`id`, `from_user_id`, `to_user_id`, `body`, `is_important`, `is_delivered`, `created_at`) VALUES (461, 61, 61, 'Mock Turtle, who looked at them with one eye; \'I seem to come upon them THIS size: why, I should be raving mad--at least not so mad as it was all about, and make out at the Lizard in head downwards,.', 0, 0, '2017-07-29 05:51:32');
INSERT INTO `messages` (`id`, `from_user_id`, `to_user_id`, `body`, `is_important`, `is_delivered`, `created_at`) VALUES (462, 62, 62, 'Dormouse is asleep again,\' said the King. \'Shan\'t,\' said the Caterpillar. \'I\'m afraid I am, sir,\' said Alice; \'all I know I do!\' said Alice loudly. \'The idea of having nothing to do.\" Said the mouse.', 0, 1, '2018-08-05 14:52:35');
INSERT INTO `messages` (`id`, `from_user_id`, `to_user_id`, `body`, `is_important`, `is_delivered`, `created_at`) VALUES (463, 63, 63, 'Cheshire cats always grinned; in fact, a sort of knot, and then dipped suddenly down, so suddenly that Alice had not a regular rule: you invented it just grazed his nose, and broke to pieces against.', 1, 1, '2018-04-29 19:31:34');
INSERT INTO `messages` (`id`, `from_user_id`, `to_user_id`, `body`, `is_important`, `is_delivered`, `created_at`) VALUES (464, 64, 64, 'King said to herself, rather sharply; \'I advise you to learn?\' \'Well, there was nothing on it were white, but there were a Duck and a large piece out of it, and yet it was very fond of pretending to.', 0, 0, '2015-08-11 04:24:54');
INSERT INTO `messages` (`id`, `from_user_id`, `to_user_id`, `body`, `is_important`, `is_delivered`, `created_at`) VALUES (465, 65, 65, 'The Panther took pie-crust, and gravy, and meat, While the Duchess sang the second thing is to find that she began nibbling at the bottom of a good many voices all talking at once, in a trembling.', 0, 1, '2010-06-22 20:45:05');
INSERT INTO `messages` (`id`, `from_user_id`, `to_user_id`, `body`, `is_important`, `is_delivered`, `created_at`) VALUES (466, 66, 66, 'Beau--ootiful Soo--oop! Beau--ootiful Soo--oop! Soo--oop of the miserable Mock Turtle. \'Very much indeed,\' said Alice. \'Then it wasn\'t very civil of you to leave off being arches to do that,\' said.', 0, 0, '2014-07-21 23:51:10');
INSERT INTO `messages` (`id`, `from_user_id`, `to_user_id`, `body`, `is_important`, `is_delivered`, `created_at`) VALUES (467, 67, 67, 'Said the mouse to the door. \'Call the next witness!\' said the King was the White Rabbit with pink eyes ran close by it, and then another confusion of voices--\'Hold up his head--Brandy now--Don\'t.', 1, 0, '2013-05-09 21:46:58');
INSERT INTO `messages` (`id`, `from_user_id`, `to_user_id`, `body`, `is_important`, `is_delivered`, `created_at`) VALUES (468, 68, 68, 'These were the cook, to see what this bottle does. I do hope it\'ll make me grow larger, I can remember feeling a little startled when she found a little ledge of rock, and, as the March Hare went.', 0, 0, '2016-06-12 12:27:58');
INSERT INTO `messages` (`id`, `from_user_id`, `to_user_id`, `body`, `is_important`, `is_delivered`, `created_at`) VALUES (469, 69, 69, 'Adventures, till she shook the house, and found that, as nearly as she couldn\'t answer either question, it didn\'t sound at all like the Mock Turtle yawned and shut his note-book hastily. \'Consider.', 1, 0, '2012-03-14 14:37:02');
INSERT INTO `messages` (`id`, `from_user_id`, `to_user_id`, `body`, `is_important`, `is_delivered`, `created_at`) VALUES (470, 70, 70, 'Time, and round Alice, every now and then, if I must, I must,\' the King triumphantly, pointing to the puppy; whereupon the puppy made another snatch in the middle, nursing a baby; the cook took the.', 1, 0, '2014-04-26 05:08:55');
INSERT INTO `messages` (`id`, `from_user_id`, `to_user_id`, `body`, `is_important`, `is_delivered`, `created_at`) VALUES (471, 71, 71, 'Come on!\' \'Everybody says \"come on!\" here,\' thought Alice, \'or perhaps they won\'t walk the way I ought to be sure! However, everything is to-day! And yesterday things went on at last, and they all.', 0, 0, '2010-03-16 12:43:50');
INSERT INTO `messages` (`id`, `from_user_id`, `to_user_id`, `body`, `is_important`, `is_delivered`, `created_at`) VALUES (472, 72, 72, 'YOU, and no more to do it! Oh dear! I shall be a book of rules for shutting people up like telescopes: this time the Queen was close behind her, listening: so she went on. \'Would you like the right.', 0, 0, '2014-11-01 05:12:34');
INSERT INTO `messages` (`id`, `from_user_id`, `to_user_id`, `body`, `is_important`, `is_delivered`, `created_at`) VALUES (473, 73, 73, 'Tortoise because he was going to begin at HIS time of life. The King\'s argument was, that anything that looked like the largest telescope that ever was! Good-bye, feet!\' (for when she was playing.', 0, 0, '2017-12-07 19:44:37');
INSERT INTO `messages` (`id`, `from_user_id`, `to_user_id`, `body`, `is_important`, `is_delivered`, `created_at`) VALUES (474, 74, 74, 'No, no! You\'re a serpent; and there\'s no name signed at the frontispiece if you were never even introduced to a farmer, you know, with oh, such long ringlets, and mine doesn\'t go in at all?\' said.', 0, 1, '2011-12-30 10:13:41');
INSERT INTO `messages` (`id`, `from_user_id`, `to_user_id`, `body`, `is_important`, `is_delivered`, `created_at`) VALUES (475, 75, 75, 'I don\'t think,\' Alice went on \'And how did you manage to do next, when suddenly a footman in livery came running out of that is--\"Birds of a book,\' thought Alice to herself. Imagine her surprise,.', 1, 1, '2012-04-30 09:25:45');
INSERT INTO `messages` (`id`, `from_user_id`, `to_user_id`, `body`, `is_important`, `is_delivered`, `created_at`) VALUES (476, 76, 76, 'For some minutes the whole she thought it would,\' said the young Crab, a little of the court, she said to the fifth bend, I think?\' he said in a trembling voice, \'Let us get to twenty at that rate!.', 0, 1, '2013-01-16 19:15:42');
INSERT INTO `messages` (`id`, `from_user_id`, `to_user_id`, `body`, `is_important`, `is_delivered`, `created_at`) VALUES (477, 77, 77, 'THIS witness.\' \'Well, if I fell off the top with its arms and legs in all directions, \'just like a wild beast, screamed \'Off with his head!\' she said, by way of escape, and wondering what to uglify.', 1, 0, '2016-09-15 05:11:55');
INSERT INTO `messages` (`id`, `from_user_id`, `to_user_id`, `body`, `is_important`, `is_delivered`, `created_at`) VALUES (478, 78, 78, 'Gryphon, before Alice could not remember the simple rules their friends had taught them: such as, \'Sure, I don\'t take this child away with me,\' thought Alice, as she could remember them, all these.', 0, 0, '2019-02-01 01:27:18');
INSERT INTO `messages` (`id`, `from_user_id`, `to_user_id`, `body`, `is_important`, `is_delivered`, `created_at`) VALUES (479, 79, 79, 'I suppose?\' said Alice. \'Then it ought to tell them something more. \'You promised to tell him. \'A nice muddle their slates\'ll be in Bill\'s place for a baby: altogether Alice did not come the same.', 1, 0, '2016-05-22 02:01:06');
INSERT INTO `messages` (`id`, `from_user_id`, `to_user_id`, `body`, `is_important`, `is_delivered`, `created_at`) VALUES (480, 80, 80, 'On various pretexts they all moved off, and that makes the matter with it. There could be beheaded, and that makes them bitter--and--and barley-sugar and such things that make children.', 0, 1, '2017-03-06 12:54:41');
INSERT INTO `messages` (`id`, `from_user_id`, `to_user_id`, `body`, `is_important`, `is_delivered`, `created_at`) VALUES (481, 81, 81, 'I think you\'d better leave off,\' said the last time she saw maps and pictures hung upon pegs. She took down a very melancholy voice. \'Repeat, \"YOU ARE OLD, FATHER WILLIAM,\' to the game. CHAPTER IX..', 0, 0, '2017-11-03 23:40:30');
INSERT INTO `messages` (`id`, `from_user_id`, `to_user_id`, `body`, `is_important`, `is_delivered`, `created_at`) VALUES (482, 82, 82, 'But the snail replied \"Too far, too far!\" and gave a little now and then; such as, \'Sure, I don\'t care which happens!\' She ate a little three-legged table, all made a rush at the jury-box, or they.', 0, 1, '2019-04-10 09:03:15');
INSERT INTO `messages` (`id`, `from_user_id`, `to_user_id`, `body`, `is_important`, `is_delivered`, `created_at`) VALUES (483, 83, 83, 'WHAT things?\' said the Hatter. He came in sight of the same words as before, \'It\'s all her knowledge of history, Alice had no reason to be otherwise than what it was addressed to the Knave. The.', 0, 1, '2014-10-06 09:49:23');
INSERT INTO `messages` (`id`, `from_user_id`, `to_user_id`, `body`, `is_important`, `is_delivered`, `created_at`) VALUES (484, 84, 84, 'I shan\'t! YOU do it!--That I won\'t, then!--Bill\'s to go on. \'And so these three weeks!\' \'I\'m very sorry you\'ve been annoyed,\' said Alice, and her eyes filled with tears again as quickly as she ran..', 0, 0, '2016-02-21 18:28:39');
INSERT INTO `messages` (`id`, `from_user_id`, `to_user_id`, `body`, `is_important`, `is_delivered`, `created_at`) VALUES (485, 85, 85, 'Mock Turtle, \'but if they do, why then they\'re a kind of rule, \'and vinegar that makes the matter with it. There could be no use in knocking,\' said the March Hare will be When they take us up and.', 0, 1, '2010-03-18 21:50:15');
INSERT INTO `messages` (`id`, `from_user_id`, `to_user_id`, `body`, `is_important`, `is_delivered`, `created_at`) VALUES (486, 86, 86, 'I know?\' said Alice, a good deal frightened at the thought that it made no mark; but he would deny it too: but the Dodo suddenly called out in a moment to think about it, even if I would talk on.', 0, 0, '2012-08-24 20:15:20');
INSERT INTO `messages` (`id`, `from_user_id`, `to_user_id`, `body`, `is_important`, `is_delivered`, `created_at`) VALUES (487, 87, 87, 'Alice; not that she was as long as it spoke (it was Bill, I fancy--Who\'s to go among mad people,\' Alice remarked. \'Right, as usual,\' said the Hatter: \'let\'s all move one place on.\' He moved on as he.', 0, 0, '2012-11-08 14:19:36');
INSERT INTO `messages` (`id`, `from_user_id`, `to_user_id`, `body`, `is_important`, `is_delivered`, `created_at`) VALUES (488, 88, 88, 'I could let you out, you know.\' \'Not at first, perhaps,\' said the Duchess; \'and most of \'em do.\' \'I don\'t know where Dinn may be,\' said the Cat, \'or you wouldn\'t squeeze so.\' said the March Hare.', 1, 1, '2019-10-18 17:57:33');
INSERT INTO `messages` (`id`, `from_user_id`, `to_user_id`, `body`, `is_important`, `is_delivered`, `created_at`) VALUES (489, 89, 89, 'Alice could see it trot away quietly into the garden with one elbow against the door, staring stupidly up into the court, \'Bring me the truth: did you ever eat a little ledge of rock, and, as she.', 0, 1, '2010-12-06 21:10:05');
INSERT INTO `messages` (`id`, `from_user_id`, `to_user_id`, `body`, `is_important`, `is_delivered`, `created_at`) VALUES (490, 90, 90, 'Alice\'s shoulder, and it was a child,\' said the Gryphon. \'Do you take me for his housemaid,\' she said to herself. Imagine her surprise, when the Rabbit coming to look at them--\'I wish they\'d get the.', 0, 0, '2018-09-30 14:51:04');
INSERT INTO `messages` (`id`, `from_user_id`, `to_user_id`, `body`, `is_important`, `is_delivered`, `created_at`) VALUES (491, 91, 91, 'Alice. \'Come on, then!\' roared the Queen, pointing to the Mock Turtle: \'why, if a dish or kettle had been running half an hour or so there were three gardeners who were all writing very busily on.', 0, 0, '2017-05-08 03:55:21');
INSERT INTO `messages` (`id`, `from_user_id`, `to_user_id`, `body`, `is_important`, `is_delivered`, `created_at`) VALUES (492, 92, 92, 'The executioner\'s argument was, that anything that had fluttered down from the Queen was close behind her, listening: so she helped herself to some tea and bread-and-butter, and went in. The door.', 1, 1, '2018-06-30 09:21:30');
INSERT INTO `messages` (`id`, `from_user_id`, `to_user_id`, `body`, `is_important`, `is_delivered`, `created_at`) VALUES (493, 93, 93, 'Will you, won\'t you, will you, won\'t you, will you, won\'t you join the dance? \"You can really have no answers.\' \'If you please, sir--\' The Rabbit started violently, dropped the white kid gloves in.', 0, 0, '2015-03-11 08:42:43');
INSERT INTO `messages` (`id`, `from_user_id`, `to_user_id`, `body`, `is_important`, `is_delivered`, `created_at`) VALUES (494, 94, 94, 'Dormouse shall!\' they both sat silent for a long way. So she tucked her arm affectionately into Alice\'s, and they went on for some time without interrupting it. \'They were learning to draw,\' the.', 0, 1, '2012-10-18 11:39:09');
INSERT INTO `messages` (`id`, `from_user_id`, `to_user_id`, `body`, `is_important`, `is_delivered`, `created_at`) VALUES (495, 95, 95, 'English. \'I don\'t see,\' said the March Hare. \'Exactly so,\' said the Cat; and this time the Queen in a furious passion, and went on in a sort of people live about here?\' \'In THAT direction,\' waving.', 1, 1, '2010-04-11 08:16:15');
INSERT INTO `messages` (`id`, `from_user_id`, `to_user_id`, `body`, `is_important`, `is_delivered`, `created_at`) VALUES (496, 96, 96, 'You know the way of speaking to a shriek, \'and just as she could, and soon found an opportunity of taking it away. She did not venture to go from here?\' \'That depends a good opportunity for making.', 1, 0, '2012-02-09 03:26:49');
INSERT INTO `messages` (`id`, `from_user_id`, `to_user_id`, `body`, `is_important`, `is_delivered`, `created_at`) VALUES (497, 97, 97, 'Alice\'s shoulder, and it was a dead silence instantly, and neither of the Shark, But, when the White Rabbit, \'and that\'s the jury-box,\' thought Alice, and, after glaring at her with large eyes like.', 1, 0, '2011-10-31 20:42:47');
INSERT INTO `messages` (`id`, `from_user_id`, `to_user_id`, `body`, `is_important`, `is_delivered`, `created_at`) VALUES (498, 98, 98, 'As she said to herself \'Suppose it should be like then?\' And she began thinking over other children she knew she had read about them in books, and she dropped it hastily, just in time to be no sort.', 1, 0, '2010-10-18 21:02:40');
INSERT INTO `messages` (`id`, `from_user_id`, `to_user_id`, `body`, `is_important`, `is_delivered`, `created_at`) VALUES (499, 99, 99, 'Alice, \'it would have appeared to them to be found: all she could not help thinking there MUST be more to be almost out of THIS!\' (Sounds of more energetic remedies--\' \'Speak English!\' said the.', 1, 1, '2016-08-31 09:13:58');
INSERT INTO `messages` (`id`, `from_user_id`, `to_user_id`, `body`, `is_important`, `is_delivered`, `created_at`) VALUES (500, 100, 100, 'Gryphon: and it said in a sorrowful tone, \'I\'m afraid I don\'t care which happens!\' She ate a little three-legged table, all made a rush at Alice as it didn\'t sound at all fairly,\' Alice began, in a.', 0, 1, '2013-09-01 13:59:47');


#
# TABLE STRUCTURE FOR: profiles
#

DROP TABLE IF EXISTS `profiles`;

CREATE TABLE `profiles` (
  `user_id` int(10) unsigned NOT NULL,
  `gender` char(1) COLLATE utf8_unicode_ci NOT NULL,
  `birthday` date DEFAULT NULL,
  `city` varchar(100) COLLATE utf8_unicode_ci DEFAULT NULL,
  `country` varchar(100) COLLATE utf8_unicode_ci DEFAULT NULL,
  `photo_id` int(10) unsigned NOT NULL,
  `created_at` datetime DEFAULT current_timestamp(),
  `updated_at` datetime DEFAULT current_timestamp() ON UPDATE current_timestamp()
) ENGINE=InnoDB DEFAULT CHARSET=utf8 COLLATE=utf8_unicode_ci;

INSERT INTO `profiles` (`user_id`, `gender`, `birthday`, `city`, `country`, `photo_id`, `created_at`, `updated_at`) VALUES (1, '', '1993-10-08', 'Paucekfort', 'Liechtenstein', 44, '2016-08-05 21:10:57', '2013-10-20 03:17:16');
INSERT INTO `profiles` (`user_id`, `gender`, `birthday`, `city`, `country`, `photo_id`, `created_at`, `updated_at`) VALUES (2, '', '1993-03-31', 'West Bonita', 'Grenada', 17, '2012-05-29 01:31:37', '2018-05-31 20:39:31');
INSERT INTO `profiles` (`user_id`, `gender`, `birthday`, `city`, `country`, `photo_id`, `created_at`, `updated_at`) VALUES (3, '', '1972-12-25', 'Letaland', 'Tunisia', 79, '2012-01-22 11:01:25', '2018-04-08 00:53:15');
INSERT INTO `profiles` (`user_id`, `gender`, `birthday`, `city`, `country`, `photo_id`, `created_at`, `updated_at`) VALUES (4, '', '1987-08-09', 'Port Vladimir', 'Tanzania', 8, '2014-08-27 14:58:42', '2015-06-18 12:11:45');
INSERT INTO `profiles` (`user_id`, `gender`, `birthday`, `city`, `country`, `photo_id`, `created_at`, `updated_at`) VALUES (5, '', '1976-03-09', 'East Karelle', 'Saint Lucia', 92, '2016-03-14 06:52:20', '2013-03-08 05:29:30');
INSERT INTO `profiles` (`user_id`, `gender`, `birthday`, `city`, `country`, `photo_id`, `created_at`, `updated_at`) VALUES (6, '', '1993-04-01', 'Francescomouth', 'Egypt', 88, '2017-03-30 16:20:57', '2014-06-01 22:10:03');
INSERT INTO `profiles` (`user_id`, `gender`, `birthday`, `city`, `country`, `photo_id`, `created_at`, `updated_at`) VALUES (7, '', '2003-08-05', 'East Jayden', 'Gambia', 76, '2013-12-14 18:35:07', '2018-12-20 13:28:08');
INSERT INTO `profiles` (`user_id`, `gender`, `birthday`, `city`, `country`, `photo_id`, `created_at`, `updated_at`) VALUES (8, '', '1970-01-28', 'Barrowsville', 'Liechtenstein', 56, '2013-10-17 14:19:54', '2013-03-10 11:44:49');
INSERT INTO `profiles` (`user_id`, `gender`, `birthday`, `city`, `country`, `photo_id`, `created_at`, `updated_at`) VALUES (9, '', '2019-10-22', 'North Stacy', 'Andorra', 53, '2011-01-30 10:08:24', '2012-04-27 06:32:47');
INSERT INTO `profiles` (`user_id`, `gender`, `birthday`, `city`, `country`, `photo_id`, `created_at`, `updated_at`) VALUES (10, '', '2003-12-23', 'North Hannaburgh', 'Kuwait', 15, '2013-07-31 13:15:09', '2012-11-21 17:52:22');
INSERT INTO `profiles` (`user_id`, `gender`, `birthday`, `city`, `country`, `photo_id`, `created_at`, `updated_at`) VALUES (11, '', '1975-03-21', 'East Eulaliamouth', 'Senegal', 65, '2010-06-05 01:47:18', '2020-02-24 15:46:01');
INSERT INTO `profiles` (`user_id`, `gender`, `birthday`, `city`, `country`, `photo_id`, `created_at`, `updated_at`) VALUES (12, '', '1976-03-27', 'Labadieshire', 'Algeria', 55, '2015-01-05 16:46:49', '2010-11-22 01:01:10');
INSERT INTO `profiles` (`user_id`, `gender`, `birthday`, `city`, `country`, `photo_id`, `created_at`, `updated_at`) VALUES (13, '', '1997-02-26', 'Port Alyciaton', 'Slovenia', 50, '2018-03-09 01:43:01', '2010-06-04 20:21:01');
INSERT INTO `profiles` (`user_id`, `gender`, `birthday`, `city`, `country`, `photo_id`, `created_at`, `updated_at`) VALUES (14, '', '1989-04-28', 'Goldnerberg', 'Bouvet Island (Bouvetoya)', 72, '2010-12-10 10:00:41', '2016-09-13 14:55:32');
INSERT INTO `profiles` (`user_id`, `gender`, `birthday`, `city`, `country`, `photo_id`, `created_at`, `updated_at`) VALUES (15, '', '2016-05-03', 'Brandtshire', 'Malawi', 19, '2012-03-22 11:21:14', '2014-12-28 08:43:08');
INSERT INTO `profiles` (`user_id`, `gender`, `birthday`, `city`, `country`, `photo_id`, `created_at`, `updated_at`) VALUES (16, '', '2002-10-18', 'Lynchstad', 'Svalbard & Jan Mayen Islands', 64, '2013-05-08 03:08:08', '2015-03-19 14:53:47');
INSERT INTO `profiles` (`user_id`, `gender`, `birthday`, `city`, `country`, `photo_id`, `created_at`, `updated_at`) VALUES (17, '', '1975-06-05', 'Waelchibury', 'China', 31, '2014-11-22 12:31:41', '2018-04-11 17:11:03');
INSERT INTO `profiles` (`user_id`, `gender`, `birthday`, `city`, `country`, `photo_id`, `created_at`, `updated_at`) VALUES (18, '', '1976-03-03', 'Borerfort', 'Heard Island and McDonald Islands', 2, '2010-09-30 22:05:18', '2013-03-06 07:08:08');
INSERT INTO `profiles` (`user_id`, `gender`, `birthday`, `city`, `country`, `photo_id`, `created_at`, `updated_at`) VALUES (19, '', '1992-08-20', 'South Erling', 'Turkey', 26, '2019-09-22 00:08:42', '2012-11-18 07:52:25');
INSERT INTO `profiles` (`user_id`, `gender`, `birthday`, `city`, `country`, `photo_id`, `created_at`, `updated_at`) VALUES (20, '', '1982-02-19', 'Farrellhaven', 'Belarus', 100, '2018-01-27 04:22:40', '2011-06-17 03:14:39');
INSERT INTO `profiles` (`user_id`, `gender`, `birthday`, `city`, `country`, `photo_id`, `created_at`, `updated_at`) VALUES (21, '', '2019-12-27', 'New Kian', 'Nigeria', 33, '2017-11-04 05:15:56', '2014-07-24 13:20:05');
INSERT INTO `profiles` (`user_id`, `gender`, `birthday`, `city`, `country`, `photo_id`, `created_at`, `updated_at`) VALUES (22, '', '2008-01-02', 'South Leanna', 'Monaco', 11, '2013-03-06 02:49:08', '2012-02-24 06:50:08');
INSERT INTO `profiles` (`user_id`, `gender`, `birthday`, `city`, `country`, `photo_id`, `created_at`, `updated_at`) VALUES (23, '', '1994-07-25', 'Moorestad', 'Italy', 72, '2010-10-06 09:59:51', '2015-09-19 20:07:06');
INSERT INTO `profiles` (`user_id`, `gender`, `birthday`, `city`, `country`, `photo_id`, `created_at`, `updated_at`) VALUES (24, '', '1984-09-19', 'Vickieburgh', 'Oman', 23, '2012-08-16 14:09:13', '2012-05-15 20:58:09');
INSERT INTO `profiles` (`user_id`, `gender`, `birthday`, `city`, `country`, `photo_id`, `created_at`, `updated_at`) VALUES (25, '', '2015-07-06', 'South Lisandroberg', 'Angola', 68, '2012-05-18 23:13:51', '2018-04-22 08:52:13');
INSERT INTO `profiles` (`user_id`, `gender`, `birthday`, `city`, `country`, `photo_id`, `created_at`, `updated_at`) VALUES (26, '', '1995-09-13', 'Johnstonville', 'Oman', 41, '2018-09-24 23:49:25', '2011-01-05 22:43:42');
INSERT INTO `profiles` (`user_id`, `gender`, `birthday`, `city`, `country`, `photo_id`, `created_at`, `updated_at`) VALUES (27, '', '1983-04-07', 'Port Rosalynstad', 'Hong Kong', 88, '2019-05-27 04:35:26', '2019-01-03 04:52:46');
INSERT INTO `profiles` (`user_id`, `gender`, `birthday`, `city`, `country`, `photo_id`, `created_at`, `updated_at`) VALUES (28, '', '2005-07-16', 'Dibbertmouth', 'Turkmenistan', 75, '2011-05-10 15:18:47', '2012-08-27 18:27:28');
INSERT INTO `profiles` (`user_id`, `gender`, `birthday`, `city`, `country`, `photo_id`, `created_at`, `updated_at`) VALUES (29, '', '1997-04-10', 'Lake Tiaraborough', 'Cuba', 61, '2010-10-16 21:25:25', '2019-06-03 06:23:46');
INSERT INTO `profiles` (`user_id`, `gender`, `birthday`, `city`, `country`, `photo_id`, `created_at`, `updated_at`) VALUES (30, '', '2012-02-07', 'Lilyborough', 'Bolivia', 82, '2013-03-23 23:41:37', '2014-02-02 17:27:49');
INSERT INTO `profiles` (`user_id`, `gender`, `birthday`, `city`, `country`, `photo_id`, `created_at`, `updated_at`) VALUES (31, '', '1977-03-05', 'Port Briaborough', 'Japan', 81, '2016-12-23 22:35:33', '2014-07-13 12:18:37');
INSERT INTO `profiles` (`user_id`, `gender`, `birthday`, `city`, `country`, `photo_id`, `created_at`, `updated_at`) VALUES (32, '', '1978-06-23', 'Lynchfort', 'United States Minor Outlying Islands', 29, '2016-08-15 09:49:43', '2016-06-03 10:28:04');
INSERT INTO `profiles` (`user_id`, `gender`, `birthday`, `city`, `country`, `photo_id`, `created_at`, `updated_at`) VALUES (33, '', '1976-03-24', 'South Bridgette', 'Ireland', 58, '2017-09-13 18:30:29', '2012-08-25 13:40:10');
INSERT INTO `profiles` (`user_id`, `gender`, `birthday`, `city`, `country`, `photo_id`, `created_at`, `updated_at`) VALUES (34, '', '2003-07-24', 'Port Michale', 'Gabon', 86, '2018-04-21 11:03:05', '2014-12-11 08:31:21');
INSERT INTO `profiles` (`user_id`, `gender`, `birthday`, `city`, `country`, `photo_id`, `created_at`, `updated_at`) VALUES (35, '', '1990-03-09', 'Aldenhaven', 'Ghana', 50, '2013-07-21 19:40:06', '2019-12-20 16:37:36');
INSERT INTO `profiles` (`user_id`, `gender`, `birthday`, `city`, `country`, `photo_id`, `created_at`, `updated_at`) VALUES (36, '', '2009-07-07', 'Stiedemannburgh', 'Central African Republic', 64, '2015-04-22 07:51:22', '2010-10-22 00:46:38');
INSERT INTO `profiles` (`user_id`, `gender`, `birthday`, `city`, `country`, `photo_id`, `created_at`, `updated_at`) VALUES (37, '', '1989-12-13', 'North Deangelo', 'Belize', 10, '2019-12-27 23:46:00', '2013-08-22 21:42:54');
INSERT INTO `profiles` (`user_id`, `gender`, `birthday`, `city`, `country`, `photo_id`, `created_at`, `updated_at`) VALUES (38, '', '1976-05-06', 'Rempelview', 'Falkland Islands (Malvinas)', 2, '2010-04-26 08:25:20', '2017-12-15 14:03:05');
INSERT INTO `profiles` (`user_id`, `gender`, `birthday`, `city`, `country`, `photo_id`, `created_at`, `updated_at`) VALUES (39, '', '2011-06-09', 'Harmonyview', 'Cote d\'Ivoire', 77, '2015-05-06 02:39:15', '2016-09-22 13:44:11');
INSERT INTO `profiles` (`user_id`, `gender`, `birthday`, `city`, `country`, `photo_id`, `created_at`, `updated_at`) VALUES (40, '', '1973-04-21', 'Terryborough', 'Cyprus', 57, '2017-01-18 16:03:46', '2016-11-18 04:31:01');
INSERT INTO `profiles` (`user_id`, `gender`, `birthday`, `city`, `country`, `photo_id`, `created_at`, `updated_at`) VALUES (41, '', '2013-09-16', 'New Penelope', 'Wallis and Futuna', 80, '2011-02-14 06:08:58', '2012-07-31 15:32:25');
INSERT INTO `profiles` (`user_id`, `gender`, `birthday`, `city`, `country`, `photo_id`, `created_at`, `updated_at`) VALUES (42, '', '1996-04-21', 'Frankiebury', 'Iran', 41, '2010-11-01 15:20:19', '2018-05-03 03:27:42');
INSERT INTO `profiles` (`user_id`, `gender`, `birthday`, `city`, `country`, `photo_id`, `created_at`, `updated_at`) VALUES (43, '', '1991-02-17', 'Port Ora', 'Lebanon', 42, '2014-10-13 16:49:00', '2011-11-01 12:15:58');
INSERT INTO `profiles` (`user_id`, `gender`, `birthday`, `city`, `country`, `photo_id`, `created_at`, `updated_at`) VALUES (44, '', '2001-11-19', 'Bartholomefort', 'Vietnam', 66, '2014-04-01 11:23:27', '2018-09-20 16:59:01');
INSERT INTO `profiles` (`user_id`, `gender`, `birthday`, `city`, `country`, `photo_id`, `created_at`, `updated_at`) VALUES (45, '', '2004-10-02', 'Maggiomouth', 'Australia', 73, '2017-10-14 20:52:47', '2018-08-13 14:48:11');
INSERT INTO `profiles` (`user_id`, `gender`, `birthday`, `city`, `country`, `photo_id`, `created_at`, `updated_at`) VALUES (46, '', '1996-12-22', 'North Ebbatown', 'Belarus', 46, '2010-07-04 06:04:58', '2011-01-13 03:50:45');
INSERT INTO `profiles` (`user_id`, `gender`, `birthday`, `city`, `country`, `photo_id`, `created_at`, `updated_at`) VALUES (47, '', '1975-12-06', 'Elenorafort', 'Malawi', 79, '2017-05-29 04:10:59', '2014-09-18 02:57:52');
INSERT INTO `profiles` (`user_id`, `gender`, `birthday`, `city`, `country`, `photo_id`, `created_at`, `updated_at`) VALUES (48, '', '1973-12-18', 'New Noemyhaven', 'Saint Pierre and Miquelon', 40, '2010-08-15 19:13:49', '2019-06-17 01:02:13');
INSERT INTO `profiles` (`user_id`, `gender`, `birthday`, `city`, `country`, `photo_id`, `created_at`, `updated_at`) VALUES (49, '', '1991-02-26', 'Lake Enochshire', 'United States Minor Outlying Islands', 16, '2014-06-16 07:22:13', '2016-07-06 05:08:41');
INSERT INTO `profiles` (`user_id`, `gender`, `birthday`, `city`, `country`, `photo_id`, `created_at`, `updated_at`) VALUES (50, '', '1973-09-20', 'Perrymouth', 'Madagascar', 87, '2010-12-10 12:13:37', '2019-10-13 06:50:58');
INSERT INTO `profiles` (`user_id`, `gender`, `birthday`, `city`, `country`, `photo_id`, `created_at`, `updated_at`) VALUES (51, '', '1994-05-27', 'Mohammedfurt', 'Samoa', 2, '2018-11-01 13:37:03', '2010-06-03 12:25:47');
INSERT INTO `profiles` (`user_id`, `gender`, `birthday`, `city`, `country`, `photo_id`, `created_at`, `updated_at`) VALUES (52, '', '1986-05-28', 'McDermottside', 'Congo', 67, '2011-02-12 01:36:35', '2012-11-06 05:24:29');
INSERT INTO `profiles` (`user_id`, `gender`, `birthday`, `city`, `country`, `photo_id`, `created_at`, `updated_at`) VALUES (53, '', '1998-01-28', 'New Riverhaven', 'Jordan', 21, '2017-03-09 06:10:06', '2015-09-20 16:41:52');
INSERT INTO `profiles` (`user_id`, `gender`, `birthday`, `city`, `country`, `photo_id`, `created_at`, `updated_at`) VALUES (54, '', '1985-05-08', 'Gulgowskiborough', 'Bulgaria', 31, '2010-10-26 03:13:13', '2017-04-17 17:59:30');
INSERT INTO `profiles` (`user_id`, `gender`, `birthday`, `city`, `country`, `photo_id`, `created_at`, `updated_at`) VALUES (55, '', '1975-01-03', 'Waldomouth', 'Anguilla', 51, '2019-11-09 01:52:35', '2016-11-27 21:34:21');
INSERT INTO `profiles` (`user_id`, `gender`, `birthday`, `city`, `country`, `photo_id`, `created_at`, `updated_at`) VALUES (56, '', '1998-09-14', 'East Emilie', 'Dominica', 2, '2014-03-07 03:56:45', '2017-05-26 12:50:38');
INSERT INTO `profiles` (`user_id`, `gender`, `birthday`, `city`, `country`, `photo_id`, `created_at`, `updated_at`) VALUES (57, '', '1999-02-20', 'Port Dakota', 'Mozambique', 73, '2017-09-05 14:19:43', '2015-02-08 23:50:06');
INSERT INTO `profiles` (`user_id`, `gender`, `birthday`, `city`, `country`, `photo_id`, `created_at`, `updated_at`) VALUES (58, '', '1977-02-06', 'Port Clydeburgh', 'Ukraine', 13, '2015-04-13 17:48:24', '2010-11-19 15:42:52');
INSERT INTO `profiles` (`user_id`, `gender`, `birthday`, `city`, `country`, `photo_id`, `created_at`, `updated_at`) VALUES (59, '', '1983-07-27', 'Lucilehaven', 'Guernsey', 53, '2010-04-08 16:38:08', '2010-05-28 17:29:15');
INSERT INTO `profiles` (`user_id`, `gender`, `birthday`, `city`, `country`, `photo_id`, `created_at`, `updated_at`) VALUES (60, '', '2014-02-15', 'South Phyllis', 'Iran', 97, '2014-07-11 00:10:04', '2012-08-31 15:50:39');
INSERT INTO `profiles` (`user_id`, `gender`, `birthday`, `city`, `country`, `photo_id`, `created_at`, `updated_at`) VALUES (61, '', '1975-04-26', 'Cruzfurt', 'Yemen', 64, '2017-01-10 02:24:27', '2012-02-17 21:39:05');
INSERT INTO `profiles` (`user_id`, `gender`, `birthday`, `city`, `country`, `photo_id`, `created_at`, `updated_at`) VALUES (62, '', '2012-12-12', 'Johnnieport', 'Christmas Island', 37, '2018-03-14 08:14:19', '2017-01-03 12:10:56');
INSERT INTO `profiles` (`user_id`, `gender`, `birthday`, `city`, `country`, `photo_id`, `created_at`, `updated_at`) VALUES (63, '', '2017-11-21', 'Thompsonton', 'Gibraltar', 16, '2017-11-19 10:59:27', '2018-03-11 07:17:55');
INSERT INTO `profiles` (`user_id`, `gender`, `birthday`, `city`, `country`, `photo_id`, `created_at`, `updated_at`) VALUES (64, '', '2005-01-25', 'West Laishabury', 'Nicaragua', 55, '2019-01-13 09:53:12', '2012-11-19 16:30:18');
INSERT INTO `profiles` (`user_id`, `gender`, `birthday`, `city`, `country`, `photo_id`, `created_at`, `updated_at`) VALUES (65, '', '1992-05-01', 'Port Cameronfort', 'Netherlands Antilles', 37, '2012-03-19 05:25:17', '2015-11-14 02:30:55');
INSERT INTO `profiles` (`user_id`, `gender`, `birthday`, `city`, `country`, `photo_id`, `created_at`, `updated_at`) VALUES (66, '', '1971-08-22', 'New Kelleymouth', 'Tuvalu', 82, '2016-12-18 02:05:32', '2011-07-26 18:18:35');
INSERT INTO `profiles` (`user_id`, `gender`, `birthday`, `city`, `country`, `photo_id`, `created_at`, `updated_at`) VALUES (67, '', '2005-07-13', 'New Derek', 'Vietnam', 46, '2013-08-15 04:49:40', '2017-09-01 13:55:29');
INSERT INTO `profiles` (`user_id`, `gender`, `birthday`, `city`, `country`, `photo_id`, `created_at`, `updated_at`) VALUES (68, '', '2020-01-02', 'Adolfville', 'Brazil', 54, '2019-04-29 09:25:22', '2012-06-21 16:13:53');
INSERT INTO `profiles` (`user_id`, `gender`, `birthday`, `city`, `country`, `photo_id`, `created_at`, `updated_at`) VALUES (69, '', '2005-12-06', 'Wuckertmouth', 'Slovenia', 20, '2017-09-16 18:23:02', '2019-10-29 23:17:24');
INSERT INTO `profiles` (`user_id`, `gender`, `birthday`, `city`, `country`, `photo_id`, `created_at`, `updated_at`) VALUES (70, '', '2009-08-05', 'Blickmouth', 'Tanzania', 65, '2011-07-27 02:42:05', '2018-03-26 17:14:07');
INSERT INTO `profiles` (`user_id`, `gender`, `birthday`, `city`, `country`, `photo_id`, `created_at`, `updated_at`) VALUES (71, '', '2016-09-09', 'Lake Burdette', 'Belize', 67, '2010-08-23 10:09:12', '2011-03-07 04:41:47');
INSERT INTO `profiles` (`user_id`, `gender`, `birthday`, `city`, `country`, `photo_id`, `created_at`, `updated_at`) VALUES (72, '', '1986-07-14', 'South Desmond', 'United States Virgin Islands', 49, '2017-07-14 22:22:35', '2012-05-15 07:39:22');
INSERT INTO `profiles` (`user_id`, `gender`, `birthday`, `city`, `country`, `photo_id`, `created_at`, `updated_at`) VALUES (73, '', '1986-11-17', 'Baileyberg', 'Saint Martin', 91, '2015-07-13 21:30:41', '2012-05-29 02:53:07');
INSERT INTO `profiles` (`user_id`, `gender`, `birthday`, `city`, `country`, `photo_id`, `created_at`, `updated_at`) VALUES (74, '', '2017-02-22', 'West Telly', 'British Virgin Islands', 27, '2018-06-19 05:49:53', '2010-11-22 23:41:37');
INSERT INTO `profiles` (`user_id`, `gender`, `birthday`, `city`, `country`, `photo_id`, `created_at`, `updated_at`) VALUES (75, '', '2008-04-03', 'North Agustin', 'Nicaragua', 76, '2016-03-14 02:53:04', '2012-08-16 20:17:21');
INSERT INTO `profiles` (`user_id`, `gender`, `birthday`, `city`, `country`, `photo_id`, `created_at`, `updated_at`) VALUES (76, '', '2017-09-26', 'Clementinebury', 'Dominican Republic', 35, '2014-07-20 23:25:38', '2013-10-05 09:30:20');
INSERT INTO `profiles` (`user_id`, `gender`, `birthday`, `city`, `country`, `photo_id`, `created_at`, `updated_at`) VALUES (77, '', '1977-07-29', 'Dallinchester', 'Martinique', 12, '2010-11-08 14:32:46', '2020-01-25 12:06:18');
INSERT INTO `profiles` (`user_id`, `gender`, `birthday`, `city`, `country`, `photo_id`, `created_at`, `updated_at`) VALUES (78, '', '1987-08-27', 'West Francishaven', 'Tajikistan', 18, '2012-06-07 13:58:07', '2013-09-09 16:09:17');
INSERT INTO `profiles` (`user_id`, `gender`, `birthday`, `city`, `country`, `photo_id`, `created_at`, `updated_at`) VALUES (79, '', '2014-03-21', 'East Rahsaan', 'Georgia', 62, '2011-03-07 11:22:54', '2012-11-18 12:49:15');
INSERT INTO `profiles` (`user_id`, `gender`, `birthday`, `city`, `country`, `photo_id`, `created_at`, `updated_at`) VALUES (80, '', '2018-03-27', 'Justonville', 'Serbia', 15, '2015-08-27 04:06:40', '2013-08-15 17:59:59');
INSERT INTO `profiles` (`user_id`, `gender`, `birthday`, `city`, `country`, `photo_id`, `created_at`, `updated_at`) VALUES (81, '', '2002-05-25', 'South Carmella', 'Cuba', 36, '2011-02-03 02:00:37', '2012-10-17 12:11:14');
INSERT INTO `profiles` (`user_id`, `gender`, `birthday`, `city`, `country`, `photo_id`, `created_at`, `updated_at`) VALUES (82, '', '1994-02-26', 'Vernamouth', 'Hong Kong', 7, '2012-11-21 20:20:21', '2017-03-15 01:22:04');
INSERT INTO `profiles` (`user_id`, `gender`, `birthday`, `city`, `country`, `photo_id`, `created_at`, `updated_at`) VALUES (83, '', '2011-12-24', 'North Caliborough', 'Equatorial Guinea', 62, '2010-05-11 09:40:51', '2011-07-08 19:50:58');
INSERT INTO `profiles` (`user_id`, `gender`, `birthday`, `city`, `country`, `photo_id`, `created_at`, `updated_at`) VALUES (84, '', '1997-02-23', 'Annalisestad', 'South Georgia and the South Sandwich Islands', 14, '2012-08-31 02:10:56', '2013-07-29 17:45:11');
INSERT INTO `profiles` (`user_id`, `gender`, `birthday`, `city`, `country`, `photo_id`, `created_at`, `updated_at`) VALUES (85, '', '2001-02-11', 'Sallyborough', 'Anguilla', 43, '2011-10-01 23:27:22', '2016-09-23 08:45:51');
INSERT INTO `profiles` (`user_id`, `gender`, `birthday`, `city`, `country`, `photo_id`, `created_at`, `updated_at`) VALUES (86, '', '2010-01-05', 'Kirkton', 'Sri Lanka', 88, '2019-09-30 01:52:03', '2018-01-08 18:03:02');
INSERT INTO `profiles` (`user_id`, `gender`, `birthday`, `city`, `country`, `photo_id`, `created_at`, `updated_at`) VALUES (87, '', '2012-06-25', 'Adamburgh', 'Vietnam', 17, '2013-01-02 12:14:46', '2015-03-27 17:02:43');
INSERT INTO `profiles` (`user_id`, `gender`, `birthday`, `city`, `country`, `photo_id`, `created_at`, `updated_at`) VALUES (88, '', '1979-07-26', 'East Sydneetown', 'Gibraltar', 73, '2014-11-27 05:42:26', '2010-11-13 14:33:57');
INSERT INTO `profiles` (`user_id`, `gender`, `birthday`, `city`, `country`, `photo_id`, `created_at`, `updated_at`) VALUES (89, '', '1990-10-20', 'Janiestad', 'Micronesia', 31, '2013-05-21 11:47:57', '2016-12-29 13:32:36');
INSERT INTO `profiles` (`user_id`, `gender`, `birthday`, `city`, `country`, `photo_id`, `created_at`, `updated_at`) VALUES (90, '', '1998-05-20', 'Port Allyshire', 'United States of America', 49, '2017-12-04 22:11:54', '2014-06-05 07:10:58');
INSERT INTO `profiles` (`user_id`, `gender`, `birthday`, `city`, `country`, `photo_id`, `created_at`, `updated_at`) VALUES (91, '', '1976-10-31', 'Port Kyler', 'Macao', 100, '2017-11-24 06:06:22', '2016-12-03 09:54:33');
INSERT INTO `profiles` (`user_id`, `gender`, `birthday`, `city`, `country`, `photo_id`, `created_at`, `updated_at`) VALUES (92, '', '2004-09-15', 'Vonshire', 'Christmas Island', 45, '2018-10-24 02:19:49', '2012-08-31 16:37:12');
INSERT INTO `profiles` (`user_id`, `gender`, `birthday`, `city`, `country`, `photo_id`, `created_at`, `updated_at`) VALUES (93, '', '2005-02-08', 'New Mellie', 'Christmas Island', 16, '2012-02-27 08:26:51', '2010-12-31 10:25:02');
INSERT INTO `profiles` (`user_id`, `gender`, `birthday`, `city`, `country`, `photo_id`, `created_at`, `updated_at`) VALUES (94, '', '1985-05-20', 'East Earnestineberg', 'New Zealand', 60, '2010-12-17 07:13:52', '2011-06-13 14:08:12');
INSERT INTO `profiles` (`user_id`, `gender`, `birthday`, `city`, `country`, `photo_id`, `created_at`, `updated_at`) VALUES (95, '', '1995-06-04', 'West Jerry', 'Poland', 19, '2012-11-12 07:48:02', '2014-06-05 08:47:49');
INSERT INTO `profiles` (`user_id`, `gender`, `birthday`, `city`, `country`, `photo_id`, `created_at`, `updated_at`) VALUES (96, '', '2009-08-18', 'Margaretteberg', 'Italy', 2, '2012-03-03 12:37:06', '2016-10-29 17:05:34');
INSERT INTO `profiles` (`user_id`, `gender`, `birthday`, `city`, `country`, `photo_id`, `created_at`, `updated_at`) VALUES (97, '', '1983-06-21', 'Jakubowskiborough', 'Spain', 67, '2017-11-01 04:07:55', '2010-11-06 18:22:30');
INSERT INTO `profiles` (`user_id`, `gender`, `birthday`, `city`, `country`, `photo_id`, `created_at`, `updated_at`) VALUES (98, '', '1998-11-16', 'Kennithchester', 'Tokelau', 2, '2017-03-27 11:00:37', '2011-11-25 01:52:33');
INSERT INTO `profiles` (`user_id`, `gender`, `birthday`, `city`, `country`, `photo_id`, `created_at`, `updated_at`) VALUES (99, '', '1997-07-20', 'North Deon', 'Denmark', 54, '2014-07-14 14:34:39', '2015-07-28 18:32:11');
INSERT INTO `profiles` (`user_id`, `gender`, `birthday`, `city`, `country`, `photo_id`, `created_at`, `updated_at`) VALUES (100, '', '1993-06-09', 'Willmsville', 'Nepal', 93, '2010-12-21 22:05:42', '2011-08-10 17:38:24');


#
# TABLE STRUCTURE FOR: users
#

DROP TABLE IF EXISTS `users`;

CREATE TABLE `users` (
  `id` int(10) unsigned NOT NULL AUTO_INCREMENT,
  `first_name` varchar(100) COLLATE utf8_unicode_ci NOT NULL,
  `last_name` varchar(100) COLLATE utf8_unicode_ci NOT NULL,
  `email` varchar(120) COLLATE utf8_unicode_ci NOT NULL,
  `phone` varchar(120) COLLATE utf8_unicode_ci NOT NULL,
  `created_at` datetime DEFAULT current_timestamp(),
  `updated_at` datetime DEFAULT current_timestamp() ON UPDATE current_timestamp(),
  PRIMARY KEY (`id`),
  UNIQUE KEY `email` (`email`),
  UNIQUE KEY `phone` (`phone`)
) ENGINE=InnoDB AUTO_INCREMENT=101 DEFAULT CHARSET=utf8 COLLATE=utf8_unicode_ci;

INSERT INTO `users` (`id`, `first_name`, `last_name`, `email`, `phone`, `created_at`, `updated_at`) VALUES (1, 'Betsy', 'Stark', 'doris.lockman@example.org', '01246054988', '2016-08-27 00:17:09', '2019-11-28 03:37:11');
INSERT INTO `users` (`id`, `first_name`, `last_name`, `email`, `phone`, `created_at`, `updated_at`) VALUES (2, 'Kariane', 'Emard', 'fadel.alexander@example.org', '134-952-3664x2413', '2014-03-23 11:35:28', '2011-06-01 22:19:39');
INSERT INTO `users` (`id`, `first_name`, `last_name`, `email`, `phone`, `created_at`, `updated_at`) VALUES (3, 'Kamron', 'Ledner', 'jwiza@example.org', '(754)274-9335', '2017-05-31 00:12:26', '2015-08-16 13:18:30');
INSERT INTO `users` (`id`, `first_name`, `last_name`, `email`, `phone`, `created_at`, `updated_at`) VALUES (4, 'Leon', 'Swaniawski', 'gwiegand@example.org', '(679)547-8972x260', '2012-08-06 12:43:06', '2017-08-09 16:33:53');
INSERT INTO `users` (`id`, `first_name`, `last_name`, `email`, `phone`, `created_at`, `updated_at`) VALUES (5, 'Carmela', 'Mraz', 'roberts.theresa@example.com', '445-280-1999', '2012-11-28 03:48:22', '2018-05-27 20:00:27');
INSERT INTO `users` (`id`, `first_name`, `last_name`, `email`, `phone`, `created_at`, `updated_at`) VALUES (6, 'Rhianna', 'Turner', 'dorcas88@example.com', '+78(0)0098105081', '2016-01-31 00:54:51', '2016-12-13 00:57:15');
INSERT INTO `users` (`id`, `first_name`, `last_name`, `email`, `phone`, `created_at`, `updated_at`) VALUES (7, 'Darrick', 'Hudson', 'marshall17@example.org', '1-807-151-7576x7456', '2015-03-28 04:18:15', '2014-07-30 00:18:06');
INSERT INTO `users` (`id`, `first_name`, `last_name`, `email`, `phone`, `created_at`, `updated_at`) VALUES (8, 'Jaqueline', 'Harber', 'pberge@example.com', '669.503.1367', '2019-04-10 10:00:16', '2013-07-31 09:05:17');
INSERT INTO `users` (`id`, `first_name`, `last_name`, `email`, `phone`, `created_at`, `updated_at`) VALUES (9, 'Marion', 'Hane', 'schneider.rowan@example.com', '064-649-7756', '2013-12-15 16:08:05', '2012-03-31 19:13:00');
INSERT INTO `users` (`id`, `first_name`, `last_name`, `email`, `phone`, `created_at`, `updated_at`) VALUES (10, 'Katlyn', 'Schinner', 'gutmann.beulah@example.org', '07066754673', '2012-01-16 20:23:25', '2016-12-04 13:55:05');
INSERT INTO `users` (`id`, `first_name`, `last_name`, `email`, `phone`, `created_at`, `updated_at`) VALUES (11, 'Kale', 'Wuckert', 'meffertz@example.net', '367-838-1750', '2017-08-31 10:22:12', '2011-08-21 00:36:30');
INSERT INTO `users` (`id`, `first_name`, `last_name`, `email`, `phone`, `created_at`, `updated_at`) VALUES (12, 'Lemuel', 'Conroy', 'wo\'reilly@example.net', '(877)513-1513', '2016-12-17 14:26:49', '2010-09-27 04:00:45');
INSERT INTO `users` (`id`, `first_name`, `last_name`, `email`, `phone`, `created_at`, `updated_at`) VALUES (13, 'Aubree', 'Pfeffer', 'orval65@example.org', '+09(5)8404371619', '2014-05-22 23:38:05', '2010-06-02 02:24:26');
INSERT INTO `users` (`id`, `first_name`, `last_name`, `email`, `phone`, `created_at`, `updated_at`) VALUES (14, 'Palma', 'Mraz', 'towne.shane@example.org', '562-255-1002x68739', '2012-01-30 23:52:16', '2011-12-28 18:16:46');
INSERT INTO `users` (`id`, `first_name`, `last_name`, `email`, `phone`, `created_at`, `updated_at`) VALUES (15, 'Brando', 'Huel', 'lorna.predovic@example.org', '(860)367-0573x161', '2019-07-19 23:08:50', '2010-03-21 10:27:05');
INSERT INTO `users` (`id`, `first_name`, `last_name`, `email`, `phone`, `created_at`, `updated_at`) VALUES (16, 'Rozella', 'Lemke', 'chauncey18@example.org', '(426)209-9274x737', '2019-07-27 23:28:05', '2010-09-06 15:27:15');
INSERT INTO `users` (`id`, `first_name`, `last_name`, `email`, `phone`, `created_at`, `updated_at`) VALUES (17, 'Aliyah', 'Emmerich', 'pierre.durgan@example.com', '296.801.8386x26548', '2019-04-03 01:47:01', '2011-01-21 09:21:11');
INSERT INTO `users` (`id`, `first_name`, `last_name`, `email`, `phone`, `created_at`, `updated_at`) VALUES (18, 'Rene', 'Labadie', 'lionel.kuphal@example.org', '413-098-8315x06931', '2014-09-17 15:10:45', '2016-07-19 12:05:55');
INSERT INTO `users` (`id`, `first_name`, `last_name`, `email`, `phone`, `created_at`, `updated_at`) VALUES (19, 'Corine', 'Windler', 'nbeatty@example.org', '+42(9)0292759810', '2013-06-02 22:33:30', '2017-02-03 17:25:14');
INSERT INTO `users` (`id`, `first_name`, `last_name`, `email`, `phone`, `created_at`, `updated_at`) VALUES (20, 'Kaylie', 'Walter', 'glover.alexandria@example.com', '565-852-7135', '2013-06-10 16:16:16', '2012-02-02 18:13:11');
INSERT INTO `users` (`id`, `first_name`, `last_name`, `email`, `phone`, `created_at`, `updated_at`) VALUES (21, 'Luciano', 'Mraz', 'herbert72@example.net', '+17(9)4589610683', '2016-04-18 06:57:05', '2013-10-30 13:19:47');
INSERT INTO `users` (`id`, `first_name`, `last_name`, `email`, `phone`, `created_at`, `updated_at`) VALUES (22, 'Constance', 'Walter', 'jmiller@example.net', '+99(8)0161455948', '2019-12-01 21:56:47', '2015-06-27 16:31:09');
INSERT INTO `users` (`id`, `first_name`, `last_name`, `email`, `phone`, `created_at`, `updated_at`) VALUES (23, 'Carson', 'Walsh', 'legros.cierra@example.org', '05984986531', '2020-01-11 21:01:30', '2014-11-27 18:04:03');
INSERT INTO `users` (`id`, `first_name`, `last_name`, `email`, `phone`, `created_at`, `updated_at`) VALUES (24, 'Aryanna', 'Hauck', 'earline82@example.com', '+24(0)0529184172', '2014-04-24 03:36:56', '2018-01-27 13:39:42');
INSERT INTO `users` (`id`, `first_name`, `last_name`, `email`, `phone`, `created_at`, `updated_at`) VALUES (25, 'Hosea', 'Wintheiser', 'zakary.bednar@example.com', '03799315962', '2014-02-12 11:04:01', '2020-01-07 05:16:17');
INSERT INTO `users` (`id`, `first_name`, `last_name`, `email`, `phone`, `created_at`, `updated_at`) VALUES (26, 'Bryce', 'Quigley', 'lesch.linda@example.org', '07587692254', '2010-05-10 11:29:35', '2012-06-11 22:45:05');
INSERT INTO `users` (`id`, `first_name`, `last_name`, `email`, `phone`, `created_at`, `updated_at`) VALUES (27, 'Garret', 'O\'Connell', 'deon64@example.com', '+16(0)6403825100', '2014-05-13 04:14:02', '2013-06-04 16:00:57');
INSERT INTO `users` (`id`, `first_name`, `last_name`, `email`, `phone`, `created_at`, `updated_at`) VALUES (28, 'Raheem', 'Smitham', 'elise.crist@example.net', '(376)456-6269x67016', '2019-02-10 03:44:07', '2013-06-08 08:18:11');
INSERT INTO `users` (`id`, `first_name`, `last_name`, `email`, `phone`, `created_at`, `updated_at`) VALUES (29, 'Ashleigh', 'Gorczany', 'sister.tremblay@example.net', '(925)495-3267x49824', '2011-08-03 14:39:14', '2011-08-28 17:11:03');
INSERT INTO `users` (`id`, `first_name`, `last_name`, `email`, `phone`, `created_at`, `updated_at`) VALUES (30, 'Marquis', 'West', 'modesto.dickens@example.org', '626.093.9704', '2019-01-30 14:21:17', '2015-10-01 01:35:50');
INSERT INTO `users` (`id`, `first_name`, `last_name`, `email`, `phone`, `created_at`, `updated_at`) VALUES (31, 'Ella', 'Marks', 'howe.ruben@example.com', '365-768-2073x88823', '2011-05-17 13:58:54', '2019-06-13 14:13:19');
INSERT INTO `users` (`id`, `first_name`, `last_name`, `email`, `phone`, `created_at`, `updated_at`) VALUES (32, 'Kody', 'Roob', 'michel.langosh@example.org', '321.911.4595x7389', '2016-07-16 05:13:18', '2016-03-28 08:18:00');
INSERT INTO `users` (`id`, `first_name`, `last_name`, `email`, `phone`, `created_at`, `updated_at`) VALUES (33, 'Marjorie', 'Swift', 'ao\'hara@example.org', '004.028.8236', '2010-06-21 23:43:36', '2012-11-28 00:57:12');
INSERT INTO `users` (`id`, `first_name`, `last_name`, `email`, `phone`, `created_at`, `updated_at`) VALUES (34, 'Tanya', 'Kshlerin', 'grady.verdie@example.org', '659.493.4758x97270', '2019-03-09 06:42:50', '2014-06-18 09:08:34');
INSERT INTO `users` (`id`, `first_name`, `last_name`, `email`, `phone`, `created_at`, `updated_at`) VALUES (35, 'Lucius', 'Hickle', 'pbartoletti@example.net', '(427)742-9884x109', '2012-01-13 08:37:51', '2013-07-27 13:17:27');
INSERT INTO `users` (`id`, `first_name`, `last_name`, `email`, `phone`, `created_at`, `updated_at`) VALUES (36, 'Unique', 'Schmidt', 'jayce.huel@example.org', '1-176-380-2371x0605', '2012-02-12 13:23:55', '2014-08-12 09:20:10');
INSERT INTO `users` (`id`, `first_name`, `last_name`, `email`, `phone`, `created_at`, `updated_at`) VALUES (37, 'Floyd', 'Parisian', 'nbraun@example.com', '(542)750-8015x094', '2012-11-01 22:31:19', '2010-11-08 02:57:37');
INSERT INTO `users` (`id`, `first_name`, `last_name`, `email`, `phone`, `created_at`, `updated_at`) VALUES (38, 'Alexa', 'Jacobs', 'sim.medhurst@example.com', '692.427.8951x629', '2016-08-13 23:38:39', '2019-12-15 22:49:43');
INSERT INTO `users` (`id`, `first_name`, `last_name`, `email`, `phone`, `created_at`, `updated_at`) VALUES (39, 'Hermina', 'Runolfsdottir', 'nrau@example.org', '921-944-8709x01975', '2017-08-04 01:52:52', '2014-02-17 23:42:07');
INSERT INTO `users` (`id`, `first_name`, `last_name`, `email`, `phone`, `created_at`, `updated_at`) VALUES (40, 'Jorge', 'Zulauf', 'uconnelly@example.org', '969.032.0317x2402', '2018-06-10 11:38:18', '2018-07-30 11:31:16');
INSERT INTO `users` (`id`, `first_name`, `last_name`, `email`, `phone`, `created_at`, `updated_at`) VALUES (41, 'Andre', 'Goodwin', 'jones.harmon@example.net', '030-670-8502', '2013-01-06 16:16:28', '2018-03-05 06:47:11');
INSERT INTO `users` (`id`, `first_name`, `last_name`, `email`, `phone`, `created_at`, `updated_at`) VALUES (42, 'Anastasia', 'Abernathy', 'dejuan38@example.org', '910-271-3045x45984', '2013-09-22 16:18:46', '2010-05-23 12:40:36');
INSERT INTO `users` (`id`, `first_name`, `last_name`, `email`, `phone`, `created_at`, `updated_at`) VALUES (43, 'Alta', 'Auer', 'turcotte.annette@example.org', '449-952-2247x689', '2018-05-12 05:58:29', '2011-09-13 20:24:49');
INSERT INTO `users` (`id`, `first_name`, `last_name`, `email`, `phone`, `created_at`, `updated_at`) VALUES (44, 'Calista', 'Connelly', 'corkery.morton@example.org', '043.146.3460x053', '2014-03-24 04:26:10', '2011-04-24 18:26:04');
INSERT INTO `users` (`id`, `first_name`, `last_name`, `email`, `phone`, `created_at`, `updated_at`) VALUES (45, 'Shayna', 'Mayert', 'annette.okuneva@example.com', '888-232-9449x95369', '2019-08-18 08:12:36', '2011-05-08 16:06:59');
INSERT INTO `users` (`id`, `first_name`, `last_name`, `email`, `phone`, `created_at`, `updated_at`) VALUES (46, 'Elsa', 'Bartoletti', 'jackie.becker@example.org', '1-548-274-5635', '2015-05-24 04:02:45', '2020-02-14 19:25:41');
INSERT INTO `users` (`id`, `first_name`, `last_name`, `email`, `phone`, `created_at`, `updated_at`) VALUES (47, 'Dina', 'Wyman', 'ernesto79@example.com', '1-105-313-5512x3926', '2011-03-16 06:50:31', '2014-09-10 10:38:42');
INSERT INTO `users` (`id`, `first_name`, `last_name`, `email`, `phone`, `created_at`, `updated_at`) VALUES (48, 'Albertha', 'Smitham', 'gusikowski.ozella@example.org', '284-401-9478x079', '2012-07-10 22:24:37', '2017-11-26 07:34:04');
INSERT INTO `users` (`id`, `first_name`, `last_name`, `email`, `phone`, `created_at`, `updated_at`) VALUES (49, 'Scottie', 'Goyette', 'elouise95@example.net', '+59(1)9136328185', '2017-11-16 05:54:59', '2016-09-08 10:00:37');
INSERT INTO `users` (`id`, `first_name`, `last_name`, `email`, `phone`, `created_at`, `updated_at`) VALUES (50, 'Norma', 'Waelchi', 'terry.kody@example.net', '338.928.3977', '2012-05-16 18:28:11', '2015-07-03 20:10:54');
INSERT INTO `users` (`id`, `first_name`, `last_name`, `email`, `phone`, `created_at`, `updated_at`) VALUES (51, 'Loy', 'Hand', 'claudie.halvorson@example.com', '199-808-8158', '2015-03-14 00:05:07', '2019-06-26 15:10:50');
INSERT INTO `users` (`id`, `first_name`, `last_name`, `email`, `phone`, `created_at`, `updated_at`) VALUES (52, 'Breanne', 'Torphy', 'alexis29@example.org', '+41(3)3901163816', '2013-03-11 01:47:30', '2013-10-16 08:09:36');
INSERT INTO `users` (`id`, `first_name`, `last_name`, `email`, `phone`, `created_at`, `updated_at`) VALUES (53, 'Kyleigh', 'Doyle', 'kurt.greenholt@example.com', '(090)888-4494', '2017-08-02 17:48:11', '2018-05-26 14:02:35');
INSERT INTO `users` (`id`, `first_name`, `last_name`, `email`, `phone`, `created_at`, `updated_at`) VALUES (54, 'Johathan', 'Weber', 'walter.newton@example.net', '+34(9)5684773990', '2015-03-06 09:27:39', '2020-02-03 05:10:27');
INSERT INTO `users` (`id`, `first_name`, `last_name`, `email`, `phone`, `created_at`, `updated_at`) VALUES (55, 'Everette', 'Bode', 'ferdman@example.net', '1-107-843-3035x322', '2011-09-18 09:25:11', '2014-04-14 22:32:58');
INSERT INTO `users` (`id`, `first_name`, `last_name`, `email`, `phone`, `created_at`, `updated_at`) VALUES (56, 'Desmond', 'McCullough', 'romaguera.danyka@example.com', '249-020-0731', '2017-08-07 03:46:42', '2012-04-02 13:50:29');
INSERT INTO `users` (`id`, `first_name`, `last_name`, `email`, `phone`, `created_at`, `updated_at`) VALUES (57, 'Camryn', 'Fadel', 'riley.stoltenberg@example.com', '583-438-4950', '2010-05-11 02:11:51', '2017-05-03 13:39:15');
INSERT INTO `users` (`id`, `first_name`, `last_name`, `email`, `phone`, `created_at`, `updated_at`) VALUES (58, 'Paul', 'Beier', 'zquigley@example.com', '687.819.9562', '2019-07-22 16:31:11', '2018-07-02 10:45:36');
INSERT INTO `users` (`id`, `first_name`, `last_name`, `email`, `phone`, `created_at`, `updated_at`) VALUES (59, 'Noble', 'Barton', 'adella58@example.net', '1-189-224-1948x8130', '2018-07-30 05:25:09', '2015-02-11 22:01:43');
INSERT INTO `users` (`id`, `first_name`, `last_name`, `email`, `phone`, `created_at`, `updated_at`) VALUES (60, 'Orval', 'Collier', 'hermann.okey@example.org', '668.803.5960x71587', '2015-04-04 15:13:45', '2011-12-24 06:55:28');
INSERT INTO `users` (`id`, `first_name`, `last_name`, `email`, `phone`, `created_at`, `updated_at`) VALUES (61, 'Cullen', 'Murray', 'ellis.wilkinson@example.org', '(378)377-3583', '2014-02-17 22:41:09', '2012-11-07 14:47:00');
INSERT INTO `users` (`id`, `first_name`, `last_name`, `email`, `phone`, `created_at`, `updated_at`) VALUES (62, 'Edmund', 'Emmerich', 'kelley.gerlach@example.org', '534-888-8339', '2010-12-20 14:13:20', '2017-10-12 05:24:30');
INSERT INTO `users` (`id`, `first_name`, `last_name`, `email`, `phone`, `created_at`, `updated_at`) VALUES (63, 'Abelardo', 'Swaniawski', 'bruen.shayna@example.com', '052-951-9691', '2012-06-14 08:25:51', '2020-01-28 17:03:51');
INSERT INTO `users` (`id`, `first_name`, `last_name`, `email`, `phone`, `created_at`, `updated_at`) VALUES (64, 'Adaline', 'Aufderhar', 'allison64@example.com', '1-973-048-3284x77386', '2014-03-13 13:06:02', '2013-12-26 19:45:46');
INSERT INTO `users` (`id`, `first_name`, `last_name`, `email`, `phone`, `created_at`, `updated_at`) VALUES (65, 'Dewayne', 'Purdy', 'hal72@example.net', '992-429-3161x0743', '2013-03-02 15:26:31', '2013-06-07 05:43:20');
INSERT INTO `users` (`id`, `first_name`, `last_name`, `email`, `phone`, `created_at`, `updated_at`) VALUES (66, 'Amparo', 'Schiller', 'phaley@example.net', '1-726-117-1774x513', '2016-10-17 01:04:51', '2016-05-22 08:35:50');
INSERT INTO `users` (`id`, `first_name`, `last_name`, `email`, `phone`, `created_at`, `updated_at`) VALUES (67, 'Moses', 'Rau', 'suzanne.hahn@example.org', '1-599-432-7131', '2014-05-24 07:31:17', '2018-09-06 16:14:06');
INSERT INTO `users` (`id`, `first_name`, `last_name`, `email`, `phone`, `created_at`, `updated_at`) VALUES (68, 'Eda', 'Boyle', 'ghuels@example.net', '(556)270-4581x453', '2018-08-21 06:54:02', '2010-03-23 11:30:16');
INSERT INTO `users` (`id`, `first_name`, `last_name`, `email`, `phone`, `created_at`, `updated_at`) VALUES (69, 'Wendy', 'Paucek', 'stuart69@example.net', '07385396460', '2015-08-16 15:32:50', '2015-09-03 23:33:53');
INSERT INTO `users` (`id`, `first_name`, `last_name`, `email`, `phone`, `created_at`, `updated_at`) VALUES (70, 'Winifred', 'Sanford', 'garmstrong@example.com', '410-873-3375', '2016-05-13 10:09:49', '2019-09-19 15:43:49');
INSERT INTO `users` (`id`, `first_name`, `last_name`, `email`, `phone`, `created_at`, `updated_at`) VALUES (71, 'Dangelo', 'Bogisich', 'neal.o\'kon@example.org', '650-686-4104x741', '2016-07-10 16:08:23', '2016-06-26 21:25:06');
INSERT INTO `users` (`id`, `first_name`, `last_name`, `email`, `phone`, `created_at`, `updated_at`) VALUES (72, 'Earnestine', 'Kulas', 'vgusikowski@example.org', '269-335-5392x8265', '2013-11-09 12:35:16', '2011-04-03 06:40:47');
INSERT INTO `users` (`id`, `first_name`, `last_name`, `email`, `phone`, `created_at`, `updated_at`) VALUES (73, 'Melyssa', 'Cummings', 'ankunding.angelita@example.org', '763.330.7341', '2016-07-10 04:10:02', '2019-11-14 13:59:43');
INSERT INTO `users` (`id`, `first_name`, `last_name`, `email`, `phone`, `created_at`, `updated_at`) VALUES (74, 'Janelle', 'Cremin', 'jadyn.koelpin@example.org', '687-307-7238x9522', '2015-08-17 09:58:29', '2014-10-11 18:31:34');
INSERT INTO `users` (`id`, `first_name`, `last_name`, `email`, `phone`, `created_at`, `updated_at`) VALUES (75, 'Melyssa', 'Anderson', 'mills.michele@example.com', '1-423-874-8470', '2015-10-08 19:57:31', '2018-09-23 18:34:33');
INSERT INTO `users` (`id`, `first_name`, `last_name`, `email`, `phone`, `created_at`, `updated_at`) VALUES (76, 'Una', 'Blick', 'jordyn49@example.net', '09525697316', '2017-06-12 07:43:32', '2014-11-14 01:56:47');
INSERT INTO `users` (`id`, `first_name`, `last_name`, `email`, `phone`, `created_at`, `updated_at`) VALUES (77, 'Hermann', 'Leuschke', 'carey12@example.net', '728-745-3067x777', '2019-06-26 07:24:18', '2018-07-21 06:14:03');
INSERT INTO `users` (`id`, `first_name`, `last_name`, `email`, `phone`, `created_at`, `updated_at`) VALUES (78, 'Marcelino', 'Gulgowski', 'antoinette.harber@example.org', '345.473.3033x22659', '2013-12-13 16:50:50', '2016-06-10 22:13:11');
INSERT INTO `users` (`id`, `first_name`, `last_name`, `email`, `phone`, `created_at`, `updated_at`) VALUES (79, 'Raheem', 'Mayer', 'bkiehn@example.org', '1-129-066-2915', '2011-03-24 16:25:54', '2010-04-29 03:23:57');
INSERT INTO `users` (`id`, `first_name`, `last_name`, `email`, `phone`, `created_at`, `updated_at`) VALUES (80, 'Vesta', 'Corwin', 'michaela62@example.net', '1-472-416-0581x3996', '2018-09-12 02:52:17', '2014-09-23 19:20:54');
INSERT INTO `users` (`id`, `first_name`, `last_name`, `email`, `phone`, `created_at`, `updated_at`) VALUES (81, 'Christy', 'Bernhard', 'tswaniawski@example.com', '1-401-710-9312x532', '2019-05-23 04:29:47', '2014-09-26 18:34:30');
INSERT INTO `users` (`id`, `first_name`, `last_name`, `email`, `phone`, `created_at`, `updated_at`) VALUES (82, 'Robyn', 'Baumbach', 'sauer.reymundo@example.org', '(168)170-7546x229', '2019-12-20 13:58:55', '2015-12-14 06:43:41');
INSERT INTO `users` (`id`, `first_name`, `last_name`, `email`, `phone`, `created_at`, `updated_at`) VALUES (83, 'Mose', 'Kuhic', 'sarai.cruickshank@example.com', '05093268306', '2010-10-24 13:30:24', '2014-07-29 22:20:42');
INSERT INTO `users` (`id`, `first_name`, `last_name`, `email`, `phone`, `created_at`, `updated_at`) VALUES (84, 'Carmela', 'Abshire', 'langworth.elroy@example.org', '1-970-651-0934', '2018-12-07 20:31:33', '2016-11-20 23:19:13');
INSERT INTO `users` (`id`, `first_name`, `last_name`, `email`, `phone`, `created_at`, `updated_at`) VALUES (85, 'Chaya', 'Little', 'windler.mathilde@example.net', '343-270-7490x076', '2014-11-14 07:26:23', '2014-10-05 20:16:30');
INSERT INTO `users` (`id`, `first_name`, `last_name`, `email`, `phone`, `created_at`, `updated_at`) VALUES (86, 'Jacquelyn', 'Hills', 'maribel.kovacek@example.org', '200-630-8943x637', '2010-04-19 16:55:42', '2012-03-25 21:54:20');
INSERT INTO `users` (`id`, `first_name`, `last_name`, `email`, `phone`, `created_at`, `updated_at`) VALUES (87, 'Lura', 'Pacocha', 'rodger74@example.org', '+19(9)3788580254', '2016-04-15 00:34:02', '2016-07-31 05:26:41');
INSERT INTO `users` (`id`, `first_name`, `last_name`, `email`, `phone`, `created_at`, `updated_at`) VALUES (88, 'Jonathan', 'Huels', 'bruen.christian@example.com', '939-551-0308x7440', '2015-08-05 21:51:08', '2011-08-29 17:40:24');
INSERT INTO `users` (`id`, `first_name`, `last_name`, `email`, `phone`, `created_at`, `updated_at`) VALUES (89, 'Jettie', 'Christiansen', 'kimberly.corwin@example.com', '750-802-2403x1065', '2014-10-08 17:38:43', '2018-11-20 16:15:43');
INSERT INTO `users` (`id`, `first_name`, `last_name`, `email`, `phone`, `created_at`, `updated_at`) VALUES (90, 'Judah', 'Rice', 'cary12@example.org', '08675322288', '2016-10-30 03:41:19', '2016-08-10 16:16:38');
INSERT INTO `users` (`id`, `first_name`, `last_name`, `email`, `phone`, `created_at`, `updated_at`) VALUES (91, 'Rylan', 'Daniel', 'windler.sheridan@example.net', '591-459-2852x302', '2015-03-15 06:05:36', '2018-01-01 10:04:34');
INSERT INTO `users` (`id`, `first_name`, `last_name`, `email`, `phone`, `created_at`, `updated_at`) VALUES (92, 'Mauricio', 'Shanahan', 'yhansen@example.net', '+15(5)6280415694', '2011-06-29 00:24:18', '2014-11-27 09:48:59');
INSERT INTO `users` (`id`, `first_name`, `last_name`, `email`, `phone`, `created_at`, `updated_at`) VALUES (93, 'Noelia', 'Langworth', 'mavis.gutmann@example.net', '750.700.2055x17302', '2012-11-06 00:03:39', '2016-03-22 09:51:16');
INSERT INTO `users` (`id`, `first_name`, `last_name`, `email`, `phone`, `created_at`, `updated_at`) VALUES (94, 'Ellie', 'Dare', 'llegros@example.org', '373.643.8842', '2014-12-06 03:10:43', '2013-04-30 02:35:34');
INSERT INTO `users` (`id`, `first_name`, `last_name`, `email`, `phone`, `created_at`, `updated_at`) VALUES (95, 'Felton', 'Maggio', 'priscilla.schowalter@example.net', '1-651-911-8082x87035', '2014-06-05 18:03:57', '2015-05-11 14:06:50');
INSERT INTO `users` (`id`, `first_name`, `last_name`, `email`, `phone`, `created_at`, `updated_at`) VALUES (96, 'Carlo', 'Johns', 'coy60@example.org', '1-132-072-7616', '2011-10-05 18:54:57', '2013-09-30 06:24:00');
INSERT INTO `users` (`id`, `first_name`, `last_name`, `email`, `phone`, `created_at`, `updated_at`) VALUES (97, 'Maximillian', 'Turcotte', 'liam77@example.org', '(671)429-1874x8219', '2014-05-14 06:49:07', '2018-09-13 09:12:41');
INSERT INTO `users` (`id`, `first_name`, `last_name`, `email`, `phone`, `created_at`, `updated_at`) VALUES (98, 'Jane', 'O\'Keefe', 'reichert.stan@example.net', '03492293591', '2013-08-06 14:24:15', '2014-10-28 09:05:21');
INSERT INTO `users` (`id`, `first_name`, `last_name`, `email`, `phone`, `created_at`, `updated_at`) VALUES (99, 'Mallie', 'Swift', 'hipolito.halvorson@example.net', '987-539-8419x53935', '2017-12-07 02:45:52', '2019-03-28 13:13:27');
INSERT INTO `users` (`id`, `first_name`, `last_name`, `email`, `phone`, `created_at`, `updated_at`) VALUES (100, 'Graham', 'Treutel', 'kirstin85@example.org', '1-899-374-1488x071', '2017-10-04 10:08:50', '2017-10-31 17:21:46');


