-- MySQL dump 10.13  Distrib 8.0.19, for Linux (x86_64)
--
-- Host: localhost    Database: vk6
-- ------------------------------------------------------
-- Server version	8.0.19

/*!40101 SET @OLD_CHARACTER_SET_CLIENT=@@CHARACTER_SET_CLIENT */;
/*!40101 SET @OLD_CHARACTER_SET_RESULTS=@@CHARACTER_SET_RESULTS */;
/*!40101 SET @OLD_COLLATION_CONNECTION=@@COLLATION_CONNECTION */;
/*!50503 SET NAMES utf8mb4 */;
/*!40103 SET @OLD_TIME_ZONE=@@TIME_ZONE */;
/*!40103 SET TIME_ZONE='+00:00' */;
/*!40014 SET @OLD_UNIQUE_CHECKS=@@UNIQUE_CHECKS, UNIQUE_CHECKS=0 */;
/*!40014 SET @OLD_FOREIGN_KEY_CHECKS=@@FOREIGN_KEY_CHECKS, FOREIGN_KEY_CHECKS=0 */;
/*!40101 SET @OLD_SQL_MODE=@@SQL_MODE, SQL_MODE='NO_AUTO_VALUE_ON_ZERO' */;
/*!40111 SET @OLD_SQL_NOTES=@@SQL_NOTES, SQL_NOTES=0 */;

--
-- Table structure for table `communities`
--

DROP TABLE IF EXISTS `communities`;
/*!40101 SET @saved_cs_client     = @@character_set_client */;
/*!50503 SET character_set_client = utf8mb4 */;
CREATE TABLE `communities` (
  `id` int unsigned NOT NULL AUTO_INCREMENT,
  `name` varchar(150) CHARACTER SET utf8 COLLATE utf8_unicode_ci NOT NULL,
  `media_id` int unsigned DEFAULT NULL,
  `motto` varchar(255) CHARACTER SET utf8 COLLATE utf8_unicode_ci DEFAULT NULL,
  `info` text CHARACTER SET utf8 COLLATE utf8_unicode_ci,
  `created_at` datetime DEFAULT CURRENT_TIMESTAMP,
  PRIMARY KEY (`id`),
  UNIQUE KEY `name` (`name`)
) ENGINE=InnoDB AUTO_INCREMENT=51 DEFAULT CHARSET=utf8 COLLATE=utf8_unicode_ci;
/*!40101 SET character_set_client = @saved_cs_client */;

--
-- Dumping data for table `communities`
--

LOCK TABLES `communities` WRITE;
/*!40000 ALTER TABLE `communities` DISABLE KEYS */;
INSERT INTO `communities` VALUES (1,'eveniet',1,'Enter your motto please','Enter your info please','2010-03-26 00:08:08'),(2,'sint',10,'Enter your motto please','Enter your info please','2012-07-29 15:45:04'),(3,'magni',5,'Enter your motto please','Enter your info please','2011-11-14 21:49:39'),(4,'voluptas',15,'Enter your motto please','Enter your info please','2015-12-29 23:51:43'),(5,'laborum',1,'Enter your motto please','Enter your info please','2014-07-24 16:24:12'),(6,'iure',18,'Enter your motto please','Enter your info please','2012-11-18 11:39:08'),(7,'quas',8,'Enter your motto please','Enter your info please','2011-10-05 18:47:24'),(8,'ducimus',3,'Enter your motto please','Enter your info please','2018-04-07 23:58:35'),(9,'perferendis',14,'Enter your motto please','Enter your info please','2016-04-28 17:43:19'),(10,'qui',18,'Enter your motto please','Enter your info please','2017-06-06 08:07:10'),(11,'officia',9,'Enter your motto please','Enter your info please','2014-05-22 01:47:31'),(12,'consectetur',9,'Enter your motto please','Enter your info please','2017-03-09 03:50:43'),(13,'in',19,'Enter your motto please','Enter your info please','2010-06-28 07:40:42'),(14,'maiores',7,'Enter your motto please','Enter your info please','2016-01-07 16:14:21'),(15,'animi',18,'Enter your motto please','Enter your info please','2013-03-21 10:21:49'),(16,'et',6,'Enter your motto please','Enter your info please','2013-02-06 09:35:08'),(17,'delectus',18,'Enter your motto please','Enter your info please','2010-04-28 18:37:31'),(18,'sit',11,'Enter your motto please','Enter your info please','2018-01-10 17:35:07'),(19,'natus',2,'Enter your motto please','Enter your info please','2014-11-06 12:58:26'),(20,'minus',15,'Enter your motto please','Enter your info please','2015-07-25 11:29:18');
/*!40000 ALTER TABLE `communities` ENABLE KEYS */;
UNLOCK TABLES;

--
-- Table structure for table `communities_users`
--

DROP TABLE IF EXISTS `communities_users`;
/*!40101 SET @saved_cs_client     = @@character_set_client */;
/*!50503 SET character_set_client = utf8mb4 */;
CREATE TABLE `communities_users` (
  `community_id` int unsigned NOT NULL,
  `user_id` int unsigned NOT NULL,
  PRIMARY KEY (`community_id`,`user_id`)
) ENGINE=InnoDB DEFAULT CHARSET=utf8 COLLATE=utf8_unicode_ci;
/*!40101 SET character_set_client = @saved_cs_client */;

--
-- Dumping data for table `communities_users`
--

LOCK TABLES `communities_users` WRITE;
/*!40000 ALTER TABLE `communities_users` DISABLE KEYS */;
INSERT INTO `communities_users` VALUES (1,4),(1,23),(1,24),(1,39),(1,47),(2,52),(2,55),(2,59),(2,69),(2,97),(3,4),(3,29),(3,52),(3,66),(3,68),(3,74),(3,88),(3,97),(4,24),(4,65),(4,73),(4,80),(5,5),(5,53),(5,64),(5,80),(5,81),(5,100),(6,1),(6,86),(6,99),(7,13),(7,17),(7,20),(7,49),(7,62),(7,93),(8,52),(8,64),(8,93),(8,99),(9,9),(9,28),(9,42),(9,65),(9,67),(9,76),(9,93),(10,1),(10,66),(10,84),(10,85),(11,21),(11,28),(11,41),(11,89),(12,7),(12,68),(12,75),(12,92),(13,17),(13,21),(13,44),(13,92),(14,10),(14,16),(14,41),(14,58),(14,60),(14,68),(15,12),(15,22),(15,47),(15,69),(15,71),(15,76),(16,13),(16,27),(16,28),(16,60),(16,77),(17,17),(17,33),(17,57),(17,61),(18,35),(18,44),(18,72),(19,5),(19,8),(19,57),(19,91),(19,93),(20,17),(20,26),(20,34),(20,60),(20,62),(20,79),(20,84);
/*!40000 ALTER TABLE `communities_users` ENABLE KEYS */;
UNLOCK TABLES;

--
-- Table structure for table `friendship`
--

DROP TABLE IF EXISTS `friendship`;
/*!40101 SET @saved_cs_client     = @@character_set_client */;
/*!50503 SET character_set_client = utf8mb4 */;
CREATE TABLE `friendship` (
  `user_id` int unsigned NOT NULL,
  `friend_id` int unsigned NOT NULL,
  `status_id` int unsigned NOT NULL,
  `requested_at` datetime DEFAULT CURRENT_TIMESTAMP,
  `confirmed_at` datetime DEFAULT NULL,
  PRIMARY KEY (`user_id`,`friend_id`)
) ENGINE=InnoDB DEFAULT CHARSET=utf8 COLLATE=utf8_unicode_ci;
/*!40101 SET character_set_client = @saved_cs_client */;

--
-- Dumping data for table `friendship`
--

LOCK TABLES `friendship` WRITE;
/*!40000 ALTER TABLE `friendship` DISABLE KEYS */;
INSERT INTO `friendship` VALUES (1,31,2,'2011-03-01 20:56:19','2020-02-04 22:37:10'),(2,8,2,'2013-09-23 22:41:43','2018-12-29 13:44:15'),(2,63,2,'2010-06-28 06:23:24','2014-04-16 16:34:31'),(2,75,3,'2018-02-13 11:29:28','2016-06-14 15:03:26'),(2,86,3,'2010-05-07 13:44:57','2013-05-05 18:33:13'),(2,92,2,'2016-11-21 06:46:28','2012-03-25 19:30:06'),(4,3,1,'2013-05-14 08:53:35','2016-02-17 18:22:11'),(4,11,2,'2016-05-11 10:05:16','2010-06-08 13:21:28'),(4,12,1,'2010-04-09 20:04:20','2012-01-04 13:47:15'),(4,28,1,'2018-01-05 21:04:42','2012-06-05 17:37:58'),(6,40,2,'2016-11-27 20:36:38','2016-09-01 05:18:26'),(8,33,2,'2015-06-26 00:39:13','2012-06-15 19:42:05'),(9,54,2,'2015-07-18 20:21:37','2019-12-20 03:05:34'),(9,69,1,'2019-10-01 10:45:04','2011-07-14 14:05:02'),(10,71,3,'2016-01-06 02:20:09','2015-09-15 10:27:27'),(10,78,1,'2016-12-15 01:37:41','2014-05-05 15:45:02'),(12,8,2,'2010-02-28 23:21:25','2014-01-04 03:19:44'),(14,48,3,'2014-11-22 07:54:08','2011-12-21 08:11:34'),(14,54,3,'2016-11-04 10:10:29','2020-01-16 01:00:36'),(15,72,1,'2014-10-20 03:32:05','2017-09-24 10:30:55'),(16,26,2,'2014-02-28 23:08:32','2018-11-16 18:45:59'),(16,75,3,'2015-08-30 11:35:54','2012-02-18 16:14:15'),(17,44,2,'2012-03-08 03:23:47','2011-06-01 19:58:46'),(18,47,2,'2013-01-25 04:21:04','2017-12-18 23:02:15'),(19,28,2,'2019-08-12 15:32:10','2010-04-04 08:48:29'),(19,57,3,'2017-09-01 16:43:12','2019-06-07 06:13:10'),(19,86,1,'2011-04-10 11:59:08','2016-09-04 05:33:23'),(20,67,1,'2015-05-01 20:05:12','2019-09-17 19:08:04'),(20,69,3,'2015-06-04 01:17:31','2011-06-13 19:05:19'),(21,77,2,'2017-02-05 10:18:07','2014-07-25 11:45:40'),(23,4,3,'2017-02-16 10:34:42','2012-10-20 22:07:20'),(23,13,2,'2013-01-31 23:03:05','2018-04-13 19:30:09'),(25,65,3,'2017-10-25 03:44:57','2017-04-18 17:36:47'),(27,51,3,'2015-01-27 04:27:00','2018-08-02 04:00:28'),(27,73,1,'2010-03-20 13:16:30','2010-03-08 22:05:48'),(28,4,3,'2015-10-07 03:10:22','2016-08-14 01:25:09'),(28,12,1,'2019-06-13 13:03:02','2017-10-07 18:46:50'),(28,44,1,'2010-07-12 17:24:56','2013-07-14 21:33:29'),(30,60,2,'2019-02-27 08:18:21','2014-04-22 08:32:48'),(30,79,1,'2015-05-20 12:24:26','2010-09-02 22:27:25'),(31,74,1,'2016-03-09 04:23:25','2013-10-13 12:34:44'),(32,98,1,'2012-09-09 07:31:00','2018-05-30 11:07:31'),(35,63,3,'2011-12-19 20:33:33','2018-04-14 14:12:28'),(36,45,3,'2010-12-04 21:25:15','2013-07-29 01:29:19'),(36,84,1,'2016-09-22 15:15:35','2011-12-11 09:30:14'),(39,100,3,'2014-05-27 16:07:09','2010-08-06 16:58:48'),(40,67,3,'2011-12-01 15:02:35','2010-08-15 17:53:25'),(40,75,3,'2016-05-29 19:04:14','2016-04-08 16:44:05'),(44,57,3,'2019-07-30 15:15:02','2013-03-13 06:49:05'),(46,51,1,'2013-02-16 07:50:15','2013-10-17 00:57:46'),(46,94,2,'2017-03-09 05:17:43','2019-07-28 17:47:19'),(47,23,1,'2014-09-09 08:36:48','2016-03-12 05:22:12'),(48,50,1,'2015-01-04 03:53:22','2018-12-05 12:14:14'),(48,70,1,'2017-05-28 23:38:31','2017-03-12 10:24:52'),(50,98,2,'2014-01-15 20:52:57','2012-06-02 04:13:05'),(51,60,1,'2014-07-06 19:40:36','2012-05-25 01:00:50'),(52,76,3,'2018-04-28 01:50:59','2016-12-13 17:08:17'),(53,35,3,'2017-02-10 01:24:36','2013-12-24 03:01:33'),(53,43,2,'2012-02-20 15:09:46','2011-05-27 09:13:13'),(53,92,3,'2016-06-21 20:28:47','2010-10-15 22:58:35'),(55,99,2,'2011-02-08 04:52:21','2014-10-29 16:28:50'),(56,88,2,'2018-11-21 21:26:00','2017-10-11 01:37:50'),(58,57,3,'2011-10-12 17:56:53','2014-11-12 02:40:48'),(60,48,2,'2018-06-25 07:23:56','2018-11-13 16:42:36'),(61,49,1,'2011-04-20 06:35:10','2020-01-17 10:26:48'),(62,63,1,'2016-01-09 10:23:35','2013-02-15 23:59:49'),(63,28,2,'2010-11-15 12:23:31','2016-05-24 13:59:25'),(63,65,3,'2017-05-07 17:26:31','2012-12-18 19:37:28'),(66,100,1,'2015-09-17 17:35:51','2010-04-02 03:29:14'),(67,8,2,'2017-07-23 12:27:13','2012-11-21 14:25:21'),(67,51,2,'2012-06-11 12:37:41','2015-01-28 12:17:42'),(67,56,1,'2013-09-18 20:16:34','2017-07-17 20:34:47'),(72,3,3,'2017-02-25 00:54:10','2013-09-04 20:12:29'),(74,3,1,'2015-09-21 06:41:28','2017-05-22 08:50:27'),(74,8,2,'2014-01-19 08:34:23','2019-12-31 21:01:04'),(74,17,2,'2013-04-05 16:10:57','2017-09-14 21:05:13'),(75,6,3,'2019-02-24 07:57:52','2016-12-02 08:29:38'),(76,59,1,'2010-04-01 22:06:17','2010-12-23 14:53:03'),(76,61,2,'2020-02-26 17:08:39','2013-06-20 21:51:35'),(76,77,2,'2010-09-22 14:31:17','2016-02-09 00:39:13'),(76,97,1,'2018-07-08 15:39:48','2015-08-10 03:36:15'),(77,12,3,'2015-12-22 12:28:13','2012-04-19 20:34:26'),(77,19,1,'2019-08-22 03:50:18','2019-03-28 21:57:20'),(78,22,1,'2011-04-02 12:21:55','2016-08-30 02:03:20'),(78,53,2,'2012-04-20 05:06:14','2016-06-20 05:00:12'),(81,62,2,'2013-01-20 20:56:19','2015-10-07 07:04:34'),(82,8,2,'2017-04-29 09:12:25','2016-05-23 19:07:46'),(82,89,3,'2019-11-13 09:53:53','2017-08-19 04:41:19'),(83,31,2,'2018-04-11 23:05:12','2014-06-02 09:47:20'),(83,34,2,'2015-03-30 15:51:57','2011-03-16 15:38:50'),(84,14,3,'2014-01-06 04:55:18','2013-01-14 13:19:36'),(86,7,3,'2018-04-27 16:28:13','2015-07-10 15:37:03'),(92,91,3,'2015-04-02 23:24:53','2017-05-03 04:40:53'),(94,29,1,'2012-04-12 11:42:30','2016-12-18 06:54:02'),(94,58,1,'2016-12-28 05:44:24','2016-09-16 08:12:22'),(95,81,2,'2016-04-02 02:51:45','2014-07-23 07:27:04'),(96,56,3,'2018-05-16 22:07:18','2014-05-16 21:36:47'),(97,39,1,'2010-05-01 03:20:56','2016-02-23 16:50:07'),(98,23,3,'2017-12-07 06:17:29','2011-08-10 12:26:38'),(100,90,3,'2011-08-30 05:55:00','2019-09-02 16:57:01');
/*!40000 ALTER TABLE `friendship` ENABLE KEYS */;
UNLOCK TABLES;

--
-- Table structure for table `friendship_statuses`
--

DROP TABLE IF EXISTS `friendship_statuses`;
/*!40101 SET @saved_cs_client     = @@character_set_client */;
/*!50503 SET character_set_client = utf8mb4 */;
CREATE TABLE `friendship_statuses` (
  `id` int unsigned NOT NULL AUTO_INCREMENT,
  `name` varchar(150) CHARACTER SET utf8 COLLATE utf8_unicode_ci NOT NULL,
  `created_at` datetime DEFAULT CURRENT_TIMESTAMP,
  PRIMARY KEY (`id`),
  UNIQUE KEY `name` (`name`)
) ENGINE=InnoDB AUTO_INCREMENT=4 DEFAULT CHARSET=utf8 COLLATE=utf8_unicode_ci;
/*!40101 SET character_set_client = @saved_cs_client */;

--
-- Dumping data for table `friendship_statuses`
--

LOCK TABLES `friendship_statuses` WRITE;
/*!40000 ALTER TABLE `friendship_statuses` DISABLE KEYS */;
INSERT INTO `friendship_statuses` VALUES (1,'Requested','2020-02-29 14:07:35'),(2,'Confirmed','2020-02-29 14:07:35'),(3,'Rejected','2020-02-29 14:07:35');
/*!40000 ALTER TABLE `friendship_statuses` ENABLE KEYS */;
UNLOCK TABLES;

--
-- Table structure for table `likes`
--

DROP TABLE IF EXISTS `likes`;
/*!40101 SET @saved_cs_client     = @@character_set_client */;
/*!50503 SET character_set_client = utf8mb4 */;
CREATE TABLE `likes` (
  `id` int unsigned NOT NULL AUTO_INCREMENT,
  `user_id` int unsigned NOT NULL,
  `target_id` int unsigned NOT NULL,
  `target_type_id` int unsigned NOT NULL,
  `created_at` datetime DEFAULT CURRENT_TIMESTAMP,
  PRIMARY KEY (`id`)
) ENGINE=InnoDB AUTO_INCREMENT=501 DEFAULT CHARSET=utf8mb4 COLLATE=utf8mb4_0900_ai_ci;
/*!40101 SET character_set_client = @saved_cs_client */;

--
-- Dumping data for table `likes`
--

LOCK TABLES `likes` WRITE;
/*!40000 ALTER TABLE `likes` DISABLE KEYS */;
INSERT INTO `likes` VALUES (1,57,72,4,'2020-03-05 17:52:20'),(2,22,45,3,'2020-03-05 17:52:20'),(3,69,62,4,'2020-03-05 17:52:20'),(4,17,81,3,'2020-03-05 17:52:20'),(5,33,97,4,'2020-03-05 17:52:20'),(6,41,46,1,'2020-03-05 17:52:20'),(7,85,11,1,'2020-03-05 17:52:20'),(8,72,55,3,'2020-03-05 17:52:20'),(9,30,71,3,'2020-03-05 17:52:20'),(10,18,92,1,'2020-03-05 17:52:20'),(11,41,93,2,'2020-03-05 17:52:20'),(12,39,64,4,'2020-03-05 17:52:20'),(13,7,35,3,'2020-03-05 17:52:20'),(14,64,56,4,'2020-03-05 17:52:20'),(15,73,1,4,'2020-03-05 17:52:20'),(16,14,21,3,'2020-03-05 17:52:20'),(17,42,28,1,'2020-03-05 17:52:20'),(18,79,58,3,'2020-03-05 17:52:20'),(19,84,65,3,'2020-03-05 17:52:20'),(20,64,3,1,'2020-03-05 17:52:20'),(21,8,69,1,'2020-03-05 17:52:20'),(22,91,97,1,'2020-03-05 17:52:20'),(23,65,90,3,'2020-03-05 17:52:20'),(24,97,23,2,'2020-03-05 17:52:20'),(25,58,13,4,'2020-03-05 17:52:20'),(26,16,5,4,'2020-03-05 17:52:20'),(27,74,37,3,'2020-03-05 17:52:20'),(28,87,57,1,'2020-03-05 17:52:20'),(29,47,64,4,'2020-03-05 17:52:20'),(30,5,86,1,'2020-03-05 17:52:20'),(31,14,24,4,'2020-03-05 17:52:20'),(32,26,92,4,'2020-03-05 17:52:20'),(33,19,59,2,'2020-03-05 17:52:20'),(34,5,16,3,'2020-03-05 17:52:20'),(35,72,68,1,'2020-03-05 17:52:20'),(36,9,75,2,'2020-03-05 17:52:20'),(37,15,30,1,'2020-03-05 17:52:20'),(38,32,45,2,'2020-03-05 17:52:20'),(39,13,77,2,'2020-03-05 17:52:20'),(40,92,24,2,'2020-03-05 17:52:20'),(41,45,93,2,'2020-03-05 17:52:20'),(42,76,87,1,'2020-03-05 17:52:20'),(43,65,8,2,'2020-03-05 17:52:20'),(44,95,45,2,'2020-03-05 17:52:20'),(45,55,60,2,'2020-03-05 17:52:20'),(46,87,34,1,'2020-03-05 17:52:20'),(47,42,84,4,'2020-03-05 17:52:20'),(48,10,72,2,'2020-03-05 17:52:20'),(49,34,78,4,'2020-03-05 17:52:20'),(50,11,88,1,'2020-03-05 17:52:20'),(51,57,72,4,'2020-03-05 17:52:20'),(52,34,100,4,'2020-03-05 17:52:20'),(53,79,5,4,'2020-03-05 17:52:20'),(54,35,3,1,'2020-03-05 17:52:20'),(55,49,11,1,'2020-03-05 17:52:20'),(56,87,25,3,'2020-03-05 17:52:20'),(57,31,71,3,'2020-03-05 17:52:20'),(58,3,22,1,'2020-03-05 17:52:20'),(59,40,98,3,'2020-03-05 17:52:20'),(60,44,18,3,'2020-03-05 17:52:20'),(61,23,47,3,'2020-03-05 17:52:20'),(62,99,90,3,'2020-03-05 17:52:20'),(63,94,11,3,'2020-03-05 17:52:20'),(64,28,23,2,'2020-03-05 17:52:20'),(65,90,51,4,'2020-03-05 17:52:20'),(66,82,49,4,'2020-03-05 17:52:20'),(67,32,72,3,'2020-03-05 17:52:20'),(68,98,2,1,'2020-03-05 17:52:20'),(69,69,1,4,'2020-03-05 17:52:20'),(70,76,93,2,'2020-03-05 17:52:20'),(71,1,97,4,'2020-03-05 17:52:20'),(72,6,92,2,'2020-03-05 17:52:20'),(73,21,85,3,'2020-03-05 17:52:20'),(74,62,17,4,'2020-03-05 17:52:20'),(75,46,30,1,'2020-03-05 17:52:20'),(76,64,88,2,'2020-03-05 17:52:20'),(77,68,1,1,'2020-03-05 17:52:20'),(78,4,16,3,'2020-03-05 17:52:20'),(79,74,77,3,'2020-03-05 17:52:20'),(80,74,89,1,'2020-03-05 17:52:20'),(81,34,10,2,'2020-03-05 17:52:20'),(82,96,44,2,'2020-03-05 17:52:20'),(83,20,10,4,'2020-03-05 17:52:20'),(84,12,94,2,'2020-03-05 17:52:20'),(85,84,18,2,'2020-03-05 17:52:20'),(86,38,75,3,'2020-03-05 17:52:20'),(87,69,66,2,'2020-03-05 17:52:20'),(88,31,77,4,'2020-03-05 17:52:20'),(89,13,100,3,'2020-03-05 17:52:20'),(90,4,37,3,'2020-03-05 17:52:20'),(91,41,95,3,'2020-03-05 17:52:20'),(92,72,5,1,'2020-03-05 17:52:20'),(93,30,23,1,'2020-03-05 17:52:20'),(94,40,35,3,'2020-03-05 17:52:20'),(95,71,88,1,'2020-03-05 17:52:20'),(96,62,35,4,'2020-03-05 17:52:20'),(97,35,11,2,'2020-03-05 17:52:20'),(98,6,85,1,'2020-03-05 17:52:20'),(99,77,67,1,'2020-03-05 17:52:20'),(100,15,65,4,'2020-03-05 17:52:20'),(101,5,84,1,'2020-03-05 17:52:20'),(102,60,92,4,'2020-03-05 17:52:20'),(103,15,40,3,'2020-03-05 17:52:20'),(104,45,66,4,'2020-03-05 17:52:20'),(105,67,56,4,'2020-03-05 17:52:20'),(106,29,6,2,'2020-03-05 17:52:20'),(107,87,13,1,'2020-03-05 17:52:20'),(108,65,24,1,'2020-03-05 17:52:20'),(109,37,19,4,'2020-03-05 17:52:20'),(110,57,38,1,'2020-03-05 17:52:20'),(111,67,85,1,'2020-03-05 17:52:20'),(112,71,78,4,'2020-03-05 17:52:20'),(113,50,17,2,'2020-03-05 17:52:20'),(114,19,95,1,'2020-03-05 17:52:20'),(115,88,97,1,'2020-03-05 17:52:20'),(116,1,51,2,'2020-03-05 17:52:20'),(117,91,7,3,'2020-03-05 17:52:20'),(118,87,51,4,'2020-03-05 17:52:20'),(119,9,68,1,'2020-03-05 17:52:20'),(120,62,69,3,'2020-03-05 17:52:20'),(121,94,87,3,'2020-03-05 17:52:20'),(122,99,37,4,'2020-03-05 17:52:20'),(123,24,61,2,'2020-03-05 17:52:20'),(124,66,40,4,'2020-03-05 17:52:20'),(125,83,12,1,'2020-03-05 17:52:20'),(126,25,89,3,'2020-03-05 17:52:20'),(127,73,59,3,'2020-03-05 17:52:20'),(128,97,62,1,'2020-03-05 17:52:20'),(129,3,62,4,'2020-03-05 17:52:20'),(130,13,64,4,'2020-03-05 17:52:20'),(131,20,53,1,'2020-03-05 17:52:20'),(132,61,91,3,'2020-03-05 17:52:20'),(133,86,15,1,'2020-03-05 17:52:20'),(134,25,82,2,'2020-03-05 17:52:20'),(135,38,76,3,'2020-03-05 17:52:20'),(136,7,32,2,'2020-03-05 17:52:20'),(137,96,64,2,'2020-03-05 17:52:20'),(138,60,7,3,'2020-03-05 17:52:20'),(139,54,2,3,'2020-03-05 17:52:20'),(140,48,85,4,'2020-03-05 17:52:20'),(141,56,32,4,'2020-03-05 17:52:20'),(142,69,63,1,'2020-03-05 17:52:20'),(143,58,61,2,'2020-03-05 17:52:20'),(144,72,65,1,'2020-03-05 17:52:20'),(145,43,93,2,'2020-03-05 17:52:20'),(146,3,4,1,'2020-03-05 17:52:20'),(147,42,78,3,'2020-03-05 17:52:20'),(148,82,21,3,'2020-03-05 17:52:20'),(149,27,59,1,'2020-03-05 17:52:20'),(150,88,1,2,'2020-03-05 17:52:20'),(151,99,75,4,'2020-03-05 17:52:20'),(152,53,39,2,'2020-03-05 17:52:20'),(153,63,4,2,'2020-03-05 17:52:20'),(154,53,64,3,'2020-03-05 17:52:20'),(155,9,62,4,'2020-03-05 17:52:20'),(156,31,4,2,'2020-03-05 17:52:20'),(157,22,27,3,'2020-03-05 17:52:20'),(158,58,88,3,'2020-03-05 17:52:20'),(159,57,93,4,'2020-03-05 17:52:20'),(160,88,57,1,'2020-03-05 17:52:20'),(161,30,87,2,'2020-03-05 17:52:20'),(162,72,21,4,'2020-03-05 17:52:20'),(163,75,10,1,'2020-03-05 17:52:20'),(164,92,86,3,'2020-03-05 17:52:20'),(165,18,24,3,'2020-03-05 17:52:20'),(166,53,71,4,'2020-03-05 17:52:20'),(167,52,83,3,'2020-03-05 17:52:20'),(168,30,84,2,'2020-03-05 17:52:20'),(169,92,74,4,'2020-03-05 17:52:20'),(170,34,96,4,'2020-03-05 17:52:20'),(171,95,46,2,'2020-03-05 17:52:20'),(172,77,58,3,'2020-03-05 17:52:20'),(173,1,38,4,'2020-03-05 17:52:20'),(174,34,100,4,'2020-03-05 17:52:20'),(175,78,3,4,'2020-03-05 17:52:20'),(176,94,26,2,'2020-03-05 17:52:20'),(177,68,89,2,'2020-03-05 17:52:20'),(178,49,12,1,'2020-03-05 17:52:20'),(179,40,53,2,'2020-03-05 17:52:20'),(180,67,99,4,'2020-03-05 17:52:20'),(181,62,34,4,'2020-03-05 17:52:20'),(182,10,3,4,'2020-03-05 17:52:20'),(183,18,34,1,'2020-03-05 17:52:20'),(184,63,77,4,'2020-03-05 17:52:20'),(185,50,58,2,'2020-03-05 17:52:20'),(186,35,47,2,'2020-03-05 17:52:20'),(187,5,36,3,'2020-03-05 17:52:20'),(188,10,57,3,'2020-03-05 17:52:20'),(189,14,99,2,'2020-03-05 17:52:20'),(190,54,18,2,'2020-03-05 17:52:20'),(191,85,41,3,'2020-03-05 17:52:20'),(192,29,94,4,'2020-03-05 17:52:20'),(193,33,15,3,'2020-03-05 17:52:20'),(194,24,98,1,'2020-03-05 17:52:20'),(195,100,42,1,'2020-03-05 17:52:20'),(196,31,19,1,'2020-03-05 17:52:20'),(197,55,65,3,'2020-03-05 17:52:20'),(198,10,65,4,'2020-03-05 17:52:20'),(199,81,20,3,'2020-03-05 17:52:20'),(200,14,6,4,'2020-03-05 17:52:20'),(201,8,85,4,'2020-03-05 17:52:20'),(202,42,11,2,'2020-03-05 17:52:20'),(203,17,93,1,'2020-03-05 17:52:20'),(204,85,86,3,'2020-03-05 17:52:20'),(205,8,20,4,'2020-03-05 17:52:20'),(206,26,98,1,'2020-03-05 17:52:20'),(207,59,61,2,'2020-03-05 17:52:20'),(208,68,47,2,'2020-03-05 17:52:20'),(209,14,75,2,'2020-03-05 17:52:20'),(210,32,65,2,'2020-03-05 17:52:20'),(211,50,61,3,'2020-03-05 17:52:20'),(212,87,72,4,'2020-03-05 17:52:20'),(213,75,82,4,'2020-03-05 17:52:20'),(214,66,82,1,'2020-03-05 17:52:20'),(215,19,56,1,'2020-03-05 17:52:20'),(216,46,59,3,'2020-03-05 17:52:20'),(217,3,46,1,'2020-03-05 17:52:20'),(218,65,65,2,'2020-03-05 17:52:20'),(219,34,94,3,'2020-03-05 17:52:20'),(220,48,42,3,'2020-03-05 17:52:20'),(221,1,8,2,'2020-03-05 17:52:20'),(222,59,84,2,'2020-03-05 17:52:20'),(223,62,80,1,'2020-03-05 17:52:20'),(224,22,73,4,'2020-03-05 17:52:20'),(225,72,63,4,'2020-03-05 17:52:20'),(226,4,24,1,'2020-03-05 17:52:20'),(227,62,91,3,'2020-03-05 17:52:20'),(228,55,78,1,'2020-03-05 17:52:20'),(229,88,67,3,'2020-03-05 17:52:20'),(230,50,37,2,'2020-03-05 17:52:20'),(231,71,44,1,'2020-03-05 17:52:20'),(232,2,88,2,'2020-03-05 17:52:20'),(233,12,55,2,'2020-03-05 17:52:20'),(234,17,75,1,'2020-03-05 17:52:20'),(235,91,85,2,'2020-03-05 17:52:20'),(236,95,25,2,'2020-03-05 17:52:20'),(237,23,93,4,'2020-03-05 17:52:20'),(238,11,59,3,'2020-03-05 17:52:20'),(239,28,56,4,'2020-03-05 17:52:20'),(240,10,63,4,'2020-03-05 17:52:20'),(241,28,87,3,'2020-03-05 17:52:20'),(242,3,57,3,'2020-03-05 17:52:20'),(243,96,58,1,'2020-03-05 17:52:20'),(244,39,86,1,'2020-03-05 17:52:20'),(245,9,2,4,'2020-03-05 17:52:20'),(246,19,37,2,'2020-03-05 17:52:20'),(247,35,84,1,'2020-03-05 17:52:20'),(248,31,3,1,'2020-03-05 17:52:20'),(249,94,10,3,'2020-03-05 17:52:20'),(250,100,2,1,'2020-03-05 17:52:20'),(251,33,39,4,'2020-03-05 17:52:20'),(252,75,79,3,'2020-03-05 17:52:20'),(253,13,54,2,'2020-03-05 17:52:20'),(254,97,86,2,'2020-03-05 17:52:20'),(255,41,87,1,'2020-03-05 17:52:20'),(256,85,97,2,'2020-03-05 17:52:20'),(257,50,65,3,'2020-03-05 17:52:20'),(258,75,54,2,'2020-03-05 17:52:20'),(259,52,30,4,'2020-03-05 17:52:20'),(260,86,43,3,'2020-03-05 17:52:20'),(261,54,100,2,'2020-03-05 17:52:20'),(262,86,17,2,'2020-03-05 17:52:20'),(263,91,70,3,'2020-03-05 17:52:20'),(264,63,89,3,'2020-03-05 17:52:20'),(265,7,71,2,'2020-03-05 17:52:20'),(266,55,72,4,'2020-03-05 17:52:20'),(267,57,1,2,'2020-03-05 17:52:20'),(268,63,14,4,'2020-03-05 17:52:20'),(269,53,29,4,'2020-03-05 17:52:20'),(270,34,16,4,'2020-03-05 17:52:20'),(271,48,1,3,'2020-03-05 17:52:20'),(272,7,49,1,'2020-03-05 17:52:20'),(273,63,50,3,'2020-03-05 17:52:20'),(274,40,26,1,'2020-03-05 17:52:20'),(275,61,83,2,'2020-03-05 17:52:20'),(276,11,58,3,'2020-03-05 17:52:20'),(277,99,29,2,'2020-03-05 17:52:20'),(278,62,59,1,'2020-03-05 17:52:20'),(279,69,18,4,'2020-03-05 17:52:20'),(280,53,21,2,'2020-03-05 17:52:20'),(281,58,57,1,'2020-03-05 17:52:20'),(282,88,2,2,'2020-03-05 17:52:20'),(283,25,88,3,'2020-03-05 17:52:20'),(284,41,24,4,'2020-03-05 17:52:20'),(285,6,44,4,'2020-03-05 17:52:20'),(286,65,28,2,'2020-03-05 17:52:20'),(287,30,20,1,'2020-03-05 17:52:20'),(288,92,27,3,'2020-03-05 17:52:20'),(289,10,76,2,'2020-03-05 17:52:20'),(290,19,46,3,'2020-03-05 17:52:20'),(291,21,88,4,'2020-03-05 17:52:20'),(292,28,5,2,'2020-03-05 17:52:20'),(293,87,14,1,'2020-03-05 17:52:20'),(294,91,36,1,'2020-03-05 17:52:20'),(295,26,9,3,'2020-03-05 17:52:20'),(296,7,32,2,'2020-03-05 17:52:20'),(297,5,3,1,'2020-03-05 17:52:20'),(298,96,75,4,'2020-03-05 17:52:20'),(299,13,1,3,'2020-03-05 17:52:20'),(300,28,39,1,'2020-03-05 17:52:20'),(301,31,27,2,'2020-03-05 17:52:20'),(302,21,82,2,'2020-03-05 17:52:20'),(303,88,97,1,'2020-03-05 17:52:20'),(304,25,55,4,'2020-03-05 17:52:20'),(305,32,60,1,'2020-03-05 17:52:20'),(306,46,13,2,'2020-03-05 17:52:20'),(307,93,86,2,'2020-03-05 17:52:20'),(308,92,9,3,'2020-03-05 17:52:20'),(309,16,73,1,'2020-03-05 17:52:20'),(310,65,72,3,'2020-03-05 17:52:20'),(311,20,97,1,'2020-03-05 17:52:20'),(312,23,47,3,'2020-03-05 17:52:20'),(313,75,87,1,'2020-03-05 17:52:20'),(314,79,71,1,'2020-03-05 17:52:20'),(315,73,10,2,'2020-03-05 17:52:20'),(316,37,84,1,'2020-03-05 17:52:20'),(317,90,22,2,'2020-03-05 17:52:20'),(318,44,92,2,'2020-03-05 17:52:20'),(319,65,38,4,'2020-03-05 17:52:20'),(320,59,12,4,'2020-03-05 17:52:20'),(321,64,79,1,'2020-03-05 17:52:20'),(322,79,86,4,'2020-03-05 17:52:20'),(323,91,86,3,'2020-03-05 17:52:20'),(324,30,75,4,'2020-03-05 17:52:20'),(325,93,16,4,'2020-03-05 17:52:20'),(326,45,29,1,'2020-03-05 17:52:20'),(327,54,45,3,'2020-03-05 17:52:20'),(328,80,9,1,'2020-03-05 17:52:20'),(329,90,39,1,'2020-03-05 17:52:20'),(330,99,26,2,'2020-03-05 17:52:20'),(331,89,43,2,'2020-03-05 17:52:20'),(332,12,14,2,'2020-03-05 17:52:20'),(333,34,64,1,'2020-03-05 17:52:20'),(334,95,20,1,'2020-03-05 17:52:20'),(335,25,73,4,'2020-03-05 17:52:20'),(336,19,32,1,'2020-03-05 17:52:20'),(337,22,97,1,'2020-03-05 17:52:20'),(338,9,82,4,'2020-03-05 17:52:20'),(339,67,89,2,'2020-03-05 17:52:20'),(340,38,65,1,'2020-03-05 17:52:20'),(341,57,53,4,'2020-03-05 17:52:20'),(342,9,64,4,'2020-03-05 17:52:20'),(343,72,79,4,'2020-03-05 17:52:20'),(344,68,97,4,'2020-03-05 17:52:20'),(345,2,75,3,'2020-03-05 17:52:20'),(346,20,92,1,'2020-03-05 17:52:20'),(347,25,24,2,'2020-03-05 17:52:20'),(348,40,71,2,'2020-03-05 17:52:20'),(349,56,80,2,'2020-03-05 17:52:20'),(350,16,85,4,'2020-03-05 17:52:20'),(351,25,98,1,'2020-03-05 17:52:20'),(352,68,1,1,'2020-03-05 17:52:20'),(353,7,27,1,'2020-03-05 17:52:20'),(354,95,30,3,'2020-03-05 17:52:20'),(355,24,30,4,'2020-03-05 17:52:20'),(356,97,54,4,'2020-03-05 17:52:20'),(357,21,74,1,'2020-03-05 17:52:20'),(358,8,22,4,'2020-03-05 17:52:20'),(359,64,61,1,'2020-03-05 17:52:20'),(360,77,47,1,'2020-03-05 17:52:20'),(361,84,4,3,'2020-03-05 17:52:20'),(362,31,49,2,'2020-03-05 17:52:20'),(363,98,45,2,'2020-03-05 17:52:20'),(364,2,27,2,'2020-03-05 17:52:20'),(365,68,50,2,'2020-03-05 17:52:20'),(366,70,16,3,'2020-03-05 17:52:20'),(367,1,94,3,'2020-03-05 17:52:20'),(368,57,82,2,'2020-03-05 17:52:20'),(369,42,97,3,'2020-03-05 17:52:20'),(370,95,4,2,'2020-03-05 17:52:20'),(371,48,46,4,'2020-03-05 17:52:20'),(372,75,26,1,'2020-03-05 17:52:20'),(373,53,46,3,'2020-03-05 17:52:20'),(374,6,22,4,'2020-03-05 17:52:20'),(375,88,69,4,'2020-03-05 17:52:20'),(376,82,78,2,'2020-03-05 17:52:20'),(377,84,86,4,'2020-03-05 17:52:20'),(378,34,32,3,'2020-03-05 17:52:20'),(379,4,38,4,'2020-03-05 17:52:20'),(380,80,63,3,'2020-03-05 17:52:20'),(381,76,61,3,'2020-03-05 17:52:20'),(382,91,29,3,'2020-03-05 17:52:20'),(383,69,30,2,'2020-03-05 17:52:20'),(384,22,84,3,'2020-03-05 17:52:20'),(385,3,64,1,'2020-03-05 17:52:20'),(386,46,7,4,'2020-03-05 17:52:20'),(387,62,21,1,'2020-03-05 17:52:20'),(388,19,44,3,'2020-03-05 17:52:20'),(389,77,2,3,'2020-03-05 17:52:20'),(390,70,22,1,'2020-03-05 17:52:20'),(391,47,25,4,'2020-03-05 17:52:20'),(392,45,72,2,'2020-03-05 17:52:20'),(393,10,75,2,'2020-03-05 17:52:20'),(394,96,44,2,'2020-03-05 17:52:20'),(395,40,97,3,'2020-03-05 17:52:20'),(396,26,41,1,'2020-03-05 17:52:20'),(397,97,15,4,'2020-03-05 17:52:20'),(398,56,40,2,'2020-03-05 17:52:20'),(399,29,57,4,'2020-03-05 17:52:20'),(400,7,48,1,'2020-03-05 17:52:20'),(401,54,11,4,'2020-03-05 17:52:20'),(402,17,15,1,'2020-03-05 17:52:20'),(403,77,9,1,'2020-03-05 17:52:20'),(404,40,61,4,'2020-03-05 17:52:20'),(405,28,91,3,'2020-03-05 17:52:20'),(406,89,27,3,'2020-03-05 17:52:20'),(407,61,97,1,'2020-03-05 17:52:20'),(408,24,9,3,'2020-03-05 17:52:20'),(409,34,53,3,'2020-03-05 17:52:20'),(410,62,15,4,'2020-03-05 17:52:20'),(411,5,52,2,'2020-03-05 17:52:20'),(412,79,50,1,'2020-03-05 17:52:20'),(413,28,91,3,'2020-03-05 17:52:20'),(414,76,70,1,'2020-03-05 17:52:20'),(415,89,88,3,'2020-03-05 17:52:20'),(416,83,8,4,'2020-03-05 17:52:20'),(417,32,84,1,'2020-03-05 17:52:20'),(418,67,61,1,'2020-03-05 17:52:20'),(419,37,74,3,'2020-03-05 17:52:20'),(420,72,83,4,'2020-03-05 17:52:20'),(421,34,79,4,'2020-03-05 17:52:20'),(422,24,43,2,'2020-03-05 17:52:20'),(423,85,96,1,'2020-03-05 17:52:20'),(424,34,95,3,'2020-03-05 17:52:20'),(425,80,80,3,'2020-03-05 17:52:20'),(426,65,40,1,'2020-03-05 17:52:20'),(427,96,69,3,'2020-03-05 17:52:20'),(428,87,59,2,'2020-03-05 17:52:20'),(429,79,2,3,'2020-03-05 17:52:20'),(430,44,8,1,'2020-03-05 17:52:20'),(431,21,75,1,'2020-03-05 17:52:20'),(432,47,91,1,'2020-03-05 17:52:20'),(433,84,84,3,'2020-03-05 17:52:20'),(434,87,31,4,'2020-03-05 17:52:20'),(435,81,21,3,'2020-03-05 17:52:20'),(436,43,31,2,'2020-03-05 17:52:20'),(437,34,94,3,'2020-03-05 17:52:20'),(438,58,84,2,'2020-03-05 17:52:20'),(439,76,41,4,'2020-03-05 17:52:20'),(440,63,83,2,'2020-03-05 17:52:20'),(441,84,37,2,'2020-03-05 17:52:20'),(442,53,67,4,'2020-03-05 17:52:20'),(443,77,55,2,'2020-03-05 17:52:20'),(444,58,54,4,'2020-03-05 17:52:20'),(445,12,76,2,'2020-03-05 17:52:20'),(446,95,39,1,'2020-03-05 17:52:20'),(447,33,32,3,'2020-03-05 17:52:20'),(448,23,20,2,'2020-03-05 17:52:20'),(449,7,35,3,'2020-03-05 17:52:20'),(450,50,99,2,'2020-03-05 17:52:20'),(451,9,22,4,'2020-03-05 17:52:20'),(452,43,69,1,'2020-03-05 17:52:20'),(453,64,77,4,'2020-03-05 17:52:20'),(454,35,96,3,'2020-03-05 17:52:20'),(455,69,30,2,'2020-03-05 17:52:20'),(456,32,27,2,'2020-03-05 17:52:20'),(457,97,77,4,'2020-03-05 17:52:20'),(458,45,36,2,'2020-03-05 17:52:20'),(459,28,97,4,'2020-03-05 17:52:20'),(460,6,33,2,'2020-03-05 17:52:20'),(461,23,82,2,'2020-03-05 17:52:20'),(462,54,49,4,'2020-03-05 17:52:20'),(463,65,78,4,'2020-03-05 17:52:20'),(464,29,67,2,'2020-03-05 17:52:20'),(465,42,65,4,'2020-03-05 17:52:20'),(466,85,38,2,'2020-03-05 17:52:20'),(467,59,88,3,'2020-03-05 17:52:20'),(468,61,9,3,'2020-03-05 17:52:20'),(469,74,89,1,'2020-03-05 17:52:20'),(470,42,42,4,'2020-03-05 17:52:20'),(471,100,42,1,'2020-03-05 17:52:20'),(472,17,61,3,'2020-03-05 17:52:20'),(473,80,43,3,'2020-03-05 17:52:20'),(474,37,64,1,'2020-03-05 17:52:20'),(475,60,68,3,'2020-03-05 17:52:20'),(476,87,61,2,'2020-03-05 17:52:20'),(477,29,17,4,'2020-03-05 17:52:20'),(478,45,24,4,'2020-03-05 17:52:20'),(479,57,25,3,'2020-03-05 17:52:20'),(480,4,52,2,'2020-03-05 17:52:20'),(481,74,32,2,'2020-03-05 17:52:20'),(482,82,4,3,'2020-03-05 17:52:20'),(483,49,27,4,'2020-03-05 17:52:20'),(484,58,24,2,'2020-03-05 17:52:20'),(485,65,83,1,'2020-03-05 17:52:20'),(486,47,75,2,'2020-03-05 17:52:20'),(487,46,27,4,'2020-03-05 17:52:20'),(488,4,29,2,'2020-03-05 17:52:20'),(489,66,40,4,'2020-03-05 17:52:20'),(490,76,82,4,'2020-03-05 17:52:20'),(491,63,70,3,'2020-03-05 17:52:20'),(492,94,85,2,'2020-03-05 17:52:20'),(493,68,3,1,'2020-03-05 17:52:20'),(494,48,7,4,'2020-03-05 17:52:20'),(495,26,62,2,'2020-03-05 17:52:20'),(496,61,17,1,'2020-03-05 17:52:20'),(497,56,76,1,'2020-03-05 17:52:20'),(498,33,26,2,'2020-03-05 17:52:20'),(499,74,78,3,'2020-03-05 17:52:20'),(500,9,40,3,'2020-03-05 17:52:20');
/*!40000 ALTER TABLE `likes` ENABLE KEYS */;
UNLOCK TABLES;

--
-- Table structure for table `media`
--

DROP TABLE IF EXISTS `media`;
/*!40101 SET @saved_cs_client     = @@character_set_client */;
/*!50503 SET character_set_client = utf8mb4 */;
CREATE TABLE `media` (
  `id` int unsigned NOT NULL AUTO_INCREMENT,
  `media_type_id` int unsigned NOT NULL,
  `user_id` int unsigned NOT NULL,
  `filename` varchar(255) CHARACTER SET utf8 COLLATE utf8_unicode_ci NOT NULL,
  `size` int NOT NULL,
  `metadata` json DEFAULT NULL,
  `created_at` datetime DEFAULT CURRENT_TIMESTAMP,
  `updated_at` datetime DEFAULT CURRENT_TIMESTAMP ON UPDATE CURRENT_TIMESTAMP,
  PRIMARY KEY (`id`)
) ENGINE=InnoDB AUTO_INCREMENT=101 DEFAULT CHARSET=utf8 COLLATE=utf8_unicode_ci;
/*!40101 SET character_set_client = @saved_cs_client */;

--
-- Dumping data for table `media`
--

LOCK TABLES `media` WRITE;
/*!40000 ALTER TABLE `media` DISABLE KEYS */;
INSERT INTO `media` VALUES (1,1,5,'https://dropbox/vk/file_cum',12,'{\"owner\": \"Carmela Mraz\"}','2018-06-25 13:42:39','2020-02-29 13:52:05'),(2,2,21,'https://dropbox/vk/file_dolor',620973,'{\"owner\": \"Luciano Mraz\"}','2014-05-31 06:29:57','2020-02-29 13:52:05'),(3,2,91,'https://dropbox/vk/file_qui',43874634,'{\"owner\": \"Rylan Daniel\"}','2015-05-15 14:24:48','2020-02-29 13:52:05'),(4,2,89,'https://dropbox/vk/file_ipsum',746127664,'{\"owner\": \"Jettie Christiansen\"}','2010-09-09 08:08:20','2020-02-29 13:52:05'),(5,2,75,'https://dropbox/vk/file_praesentium',976807,'{\"owner\": \"Melyssa Anderson\"}','2012-04-26 01:02:26','2020-02-29 13:52:05'),(6,3,5,'https://dropbox/vk/file_at',552,'{\"owner\": \"Carmela Mraz\"}','2010-12-17 03:48:22','2020-02-29 13:52:05'),(7,2,100,'https://dropbox/vk/file_sit',310801,'{\"owner\": \"Graham Treutel\"}','2012-05-09 20:10:33','2020-02-29 13:52:05'),(8,1,84,'https://dropbox/vk/file_eius',7,'{\"owner\": \"Carmela Abshire\"}','2019-04-05 20:20:41','2020-02-29 13:52:05'),(9,2,20,'https://dropbox/vk/file_eum',27079,'{\"owner\": \"Kaylie Walter\"}','2010-09-04 07:36:28','2020-02-29 13:52:05'),(10,3,50,'https://dropbox/vk/file_accusamus',98571,'{\"owner\": \"Norma Waelchi\"}','2013-03-11 15:51:29','2020-02-29 13:52:05'),(11,1,86,'https://dropbox/vk/file_asperiores',47841646,'{\"owner\": \"Jacquelyn Hills\"}','2016-02-12 00:41:05','2020-02-29 13:52:05'),(12,2,80,'https://dropbox/vk/file_atque',2247,'{\"owner\": \"Vesta Corwin\"}','2018-09-14 16:53:01','2020-02-29 13:52:05'),(13,2,42,'https://dropbox/vk/file_sequi',413008691,'{\"owner\": \"Anastasia Abernathy\"}','2016-03-23 23:01:42','2020-02-29 13:52:05'),(14,2,69,'https://dropbox/vk/file_maxime',8728711,'{\"owner\": \"Wendy Paucek\"}','2018-06-16 22:41:55','2020-02-29 13:52:05'),(15,2,19,'https://dropbox/vk/file_culpa',26042,'{\"owner\": \"Corine Windler\"}','2018-11-05 01:18:58','2020-02-29 13:52:05'),(16,2,87,'https://dropbox/vk/file_architecto',5,'{\"owner\": \"Lura Pacocha\"}','2014-02-06 12:09:46','2020-02-29 13:52:05'),(17,2,76,'https://dropbox/vk/file_aut',23692154,'{\"owner\": \"Una Blick\"}','2013-06-14 06:23:02','2020-02-29 13:52:05'),(18,3,19,'https://dropbox/vk/file_vel',40,'{\"owner\": \"Corine Windler\"}','2014-09-12 05:41:03','2020-02-29 13:52:05'),(19,3,65,'https://dropbox/vk/file_tempora',3838756,'{\"owner\": \"Dewayne Purdy\"}','2016-07-18 14:43:01','2020-02-29 13:52:05'),(20,2,70,'https://dropbox/vk/file_et',1354,'{\"owner\": \"Winifred Sanford\"}','2016-06-25 06:42:23','2020-02-29 13:52:05'),(21,3,54,'https://dropbox/vk/file_tempore',3041457,'{\"owner\": \"Johathan Weber\"}','2014-10-19 17:30:26','2020-02-29 13:52:05'),(22,1,61,'https://dropbox/vk/file_facere',166,'{\"owner\": \"Cullen Murray\"}','2011-09-15 13:37:25','2020-02-29 13:52:05'),(23,1,41,'https://dropbox/vk/file_dolore',774,'{\"owner\": \"Andre Goodwin\"}','2015-11-28 00:39:01','2020-02-29 13:52:05'),(24,2,23,'https://dropbox/vk/file_autem',949331697,'{\"owner\": \"Carson Walsh\"}','2013-02-06 18:05:31','2020-02-29 13:52:05'),(25,2,93,'https://dropbox/vk/file_natus',939147040,'{\"owner\": \"Noelia Langworth\"}','2014-05-19 05:42:45','2020-02-29 13:52:05'),(26,2,92,'https://dropbox/vk/file_sint',155973,'{\"owner\": \"Mauricio Shanahan\"}','2013-06-14 02:22:33','2020-02-29 13:52:05'),(27,2,83,'https://dropbox/vk/file_aliquam',30150025,'{\"owner\": \"Mose Kuhic\"}','2011-11-06 02:14:08','2020-02-29 13:52:05'),(28,2,39,'https://dropbox/vk/file_modi',1992,'{\"owner\": \"Hermina Runolfsdottir\"}','2014-03-25 08:27:47','2020-02-29 13:52:05'),(29,2,46,'https://dropbox/vk/file_ad',8999,'{\"owner\": \"Elsa Bartoletti\"}','2012-03-02 20:48:09','2020-02-29 13:52:05'),(30,1,11,'https://dropbox/vk/file_omnis',15874385,'{\"owner\": \"Kale Wuckert\"}','2010-09-14 09:07:03','2020-02-29 13:52:05'),(31,2,17,'https://dropbox/vk/file_quia',3467,'{\"owner\": \"Aliyah Emmerich\"}','2013-12-19 08:23:24','2020-02-29 13:52:05'),(32,3,54,'https://dropbox/vk/file_est',9130994,'{\"owner\": \"Johathan Weber\"}','2013-04-24 18:41:30','2020-02-29 13:52:05'),(33,1,15,'https://dropbox/vk/file_provident',0,'{\"owner\": \"Brando Huel\"}','2012-06-20 10:45:32','2020-02-29 13:52:05'),(34,1,12,'https://dropbox/vk/file_minus',494187,'{\"owner\": \"Lemuel Conroy\"}','2017-12-06 04:07:19','2020-02-29 13:52:05'),(35,1,16,'https://dropbox/vk/file_eveniet',1524850,'{\"owner\": \"Rozella Lemke\"}','2015-02-16 11:35:29','2020-02-29 13:52:05'),(36,3,43,'https://dropbox/vk/file_non',53322527,'{\"owner\": \"Alta Auer\"}','2015-10-15 11:55:46','2020-02-29 13:52:05'),(37,1,68,'https://dropbox/vk/file_corporis',563610783,'{\"owner\": \"Eda Boyle\"}','2017-02-05 11:42:04','2020-02-29 13:52:05'),(38,1,8,'https://dropbox/vk/file_quis',28351,'{\"owner\": \"Jaqueline Harber\"}','2017-10-06 07:36:13','2020-02-29 13:52:05'),(39,2,35,'https://dropbox/vk/file_incidunt',70152834,'{\"owner\": \"Lucius Hickle\"}','2017-03-21 16:06:39','2020-02-29 13:52:05'),(40,1,54,'https://dropbox/vk/file_temporibus',525,'{\"owner\": \"Johathan Weber\"}','2017-05-22 13:53:07','2020-02-29 13:52:05'),(41,3,61,'https://dropbox/vk/file_rem',948494,'{\"owner\": \"Cullen Murray\"}','2010-11-13 13:33:27','2020-02-29 13:52:05'),(42,3,45,'https://dropbox/vk/file_veritatis',40,'{\"owner\": \"Shayna Mayert\"}','2016-02-13 16:56:51','2020-02-29 13:52:05'),(43,3,41,'https://dropbox/vk/file_vero',1028455,'{\"owner\": \"Andre Goodwin\"}','2013-03-19 10:52:21','2020-02-29 13:52:05'),(44,3,67,'https://dropbox/vk/file_amet',5,'{\"owner\": \"Moses Rau\"}','2017-02-03 06:28:16','2020-02-29 13:52:05'),(45,2,14,'https://dropbox/vk/file_blanditiis',626638,'{\"owner\": \"Palma Mraz\"}','2011-06-05 22:39:00','2020-02-29 13:52:05'),(46,2,69,'https://dropbox/vk/file_fugit',43,'{\"owner\": \"Wendy Paucek\"}','2017-08-06 06:32:32','2020-02-29 13:52:05'),(47,1,1,'https://dropbox/vk/file_ullam',8,'{\"owner\": \"Betsy Stark\"}','2013-03-08 12:26:48','2020-02-29 13:52:05'),(48,1,98,'https://dropbox/vk/file_ratione',82,'{\"owner\": \"Jane O\'Keefe\"}','2017-05-08 09:51:34','2020-02-29 13:52:05'),(49,1,87,'https://dropbox/vk/file_placeat',5612823,'{\"owner\": \"Lura Pacocha\"}','2013-08-22 18:40:23','2020-02-29 13:52:05'),(50,2,41,'https://dropbox/vk/file_deserunt',154,'{\"owner\": \"Andre Goodwin\"}','2017-05-26 09:35:04','2020-02-29 13:52:05'),(51,3,41,'https://dropbox/vk/file_fuga',935245,'{\"owner\": \"Andre Goodwin\"}','2012-09-07 09:20:16','2020-02-29 13:52:05'),(52,3,84,'https://dropbox/vk/file_quidem',9673,'{\"owner\": \"Carmela Abshire\"}','2012-04-24 12:49:29','2020-02-29 13:52:05'),(53,2,94,'https://dropbox/vk/file_debitis',66,'{\"owner\": \"Ellie Dare\"}','2014-04-17 19:56:05','2020-02-29 13:52:05'),(54,2,19,'https://dropbox/vk/file_exercitationem',9916137,'{\"owner\": \"Corine Windler\"}','2015-09-01 16:00:01','2020-02-29 13:52:05'),(55,2,13,'https://dropbox/vk/file_expedita',1,'{\"owner\": \"Aubree Pfeffer\"}','2019-04-22 10:21:05','2020-02-29 13:52:05'),(56,1,8,'https://dropbox/vk/file_ab',0,'{\"owner\": \"Jaqueline Harber\"}','2019-11-26 04:42:01','2020-02-29 13:52:05'),(57,3,99,'https://dropbox/vk/file_voluptatibus',2209,'{\"owner\": \"Mallie Swift\"}','2015-08-29 11:42:06','2020-02-29 13:52:05'),(58,2,69,'https://dropbox/vk/file_quaerat',4,'{\"owner\": \"Wendy Paucek\"}','2012-07-02 04:25:59','2020-02-29 13:52:05'),(59,2,49,'https://dropbox/vk/file_repudiandae',0,'{\"owner\": \"Scottie Goyette\"}','2020-01-13 11:47:19','2020-02-29 13:52:05'),(60,2,38,'https://dropbox/vk/file_laborum',85,'{\"owner\": \"Alexa Jacobs\"}','2019-08-14 15:33:07','2020-02-29 13:52:05'),(61,3,41,'https://dropbox/vk/file_commodi',76,'{\"owner\": \"Andre Goodwin\"}','2017-06-27 18:45:36','2020-02-29 13:52:05'),(62,2,91,'https://dropbox/vk/file_dolorem',3,'{\"owner\": \"Rylan Daniel\"}','2013-08-15 10:27:11','2020-02-29 13:52:05'),(63,1,33,'https://dropbox/vk/file_dignissimos',6413955,'{\"owner\": \"Marjorie Swift\"}','2012-06-13 06:32:19','2020-02-29 13:52:05'),(64,2,91,'https://dropbox/vk/file_officiis',25,'{\"owner\": \"Rylan Daniel\"}','2013-12-21 09:20:41','2020-02-29 13:52:05'),(65,1,54,'https://dropbox/vk/file_ut',832898,'{\"owner\": \"Johathan Weber\"}','2011-02-17 19:03:12','2020-02-29 13:52:05'),(66,1,98,'https://dropbox/vk/file_sed',6,'{\"owner\": \"Jane O\'Keefe\"}','2012-10-24 17:00:26','2020-02-29 13:52:05'),(67,2,25,'https://dropbox/vk/file_molestiae',789,'{\"owner\": \"Hosea Wintheiser\"}','2019-03-03 08:19:29','2020-02-29 13:52:05'),(68,1,32,'https://dropbox/vk/file_quod',61920127,'{\"owner\": \"Kody Roob\"}','2019-10-27 14:21:26','2020-02-29 13:52:05'),(69,3,83,'https://dropbox/vk/file_sunt',8956,'{\"owner\": \"Mose Kuhic\"}','2013-03-03 14:21:33','2020-02-29 13:52:05'),(70,1,20,'https://dropbox/vk/file_cumque',33,'{\"owner\": \"Kaylie Walter\"}','2016-07-12 14:41:12','2020-02-29 13:52:05'),(71,1,49,'https://dropbox/vk/file_quae',643816,'{\"owner\": \"Scottie Goyette\"}','2017-05-17 05:49:01','2020-02-29 13:52:05'),(72,1,85,'https://dropbox/vk/file_illum',931378,'{\"owner\": \"Chaya Little\"}','2016-01-17 03:27:40','2020-02-29 13:52:05'),(73,1,78,'https://dropbox/vk/file_recusandae',21975,'{\"owner\": \"Marcelino Gulgowski\"}','2013-12-28 00:26:57','2020-02-29 13:52:05'),(74,2,36,'https://dropbox/vk/file_dicta',164262064,'{\"owner\": \"Unique Schmidt\"}','2017-02-07 18:51:58','2020-02-29 13:52:05'),(75,3,44,'https://dropbox/vk/file_in',4,'{\"owner\": \"Calista Connelly\"}','2012-03-05 07:00:22','2020-02-29 13:52:05'),(76,2,13,'https://dropbox/vk/file_voluptatem',901515211,'{\"owner\": \"Aubree Pfeffer\"}','2011-10-16 17:36:52','2020-02-29 13:52:05'),(77,2,30,'https://dropbox/vk/file_deleniti',696898,'{\"owner\": \"Marquis West\"}','2016-03-09 04:25:13','2020-02-29 13:52:05'),(78,2,11,'https://dropbox/vk/file_ea',85765,'{\"owner\": \"Kale Wuckert\"}','2019-03-05 16:35:46','2020-02-29 13:52:05'),(79,2,66,'https://dropbox/vk/file_esse',941724826,'{\"owner\": \"Amparo Schiller\"}','2019-09-20 13:10:43','2020-02-29 13:52:05'),(80,2,94,'https://dropbox/vk/file_distinctio',4,'{\"owner\": \"Ellie Dare\"}','2015-11-04 14:44:24','2020-02-29 13:52:05'),(81,2,71,'https://dropbox/vk/file_consequatur',11298749,'{\"owner\": \"Dangelo Bogisich\"}','2019-01-14 14:27:53','2020-02-29 13:52:05'),(82,3,74,'https://dropbox/vk/file_fugiat',6986782,'{\"owner\": \"Janelle Cremin\"}','2013-01-02 09:19:44','2020-02-29 13:52:05'),(83,2,58,'https://dropbox/vk/file_quo',28,'{\"owner\": \"Paul Beier\"}','2019-10-05 08:55:16','2020-02-29 13:52:05'),(84,1,67,'https://dropbox/vk/file_voluptas',968476,'{\"owner\": \"Moses Rau\"}','2012-12-26 04:58:30','2020-02-29 13:52:05'),(85,2,60,'https://dropbox/vk/file_velit',0,'{\"owner\": \"Orval Collier\"}','2019-03-03 06:57:40','2020-02-29 13:52:05'),(86,2,100,'https://dropbox/vk/file_odit',260,'{\"owner\": \"Graham Treutel\"}','2019-11-06 12:02:40','2020-02-29 13:52:05'),(87,3,20,'https://dropbox/vk/file_reiciendis',4,'{\"owner\": \"Kaylie Walter\"}','2011-05-24 01:30:37','2020-02-29 13:52:05'),(88,3,98,'https://dropbox/vk/file_vitae',0,'{\"owner\": \"Jane O\'Keefe\"}','2014-03-20 09:36:06','2020-02-29 13:52:05'),(89,1,28,'https://dropbox/vk/file_impedit',464,'{\"owner\": \"Raheem Smitham\"}','2015-11-21 14:55:42','2020-02-29 13:52:05'),(90,3,47,'https://dropbox/vk/file_quam',4,'{\"owner\": \"Dina Wyman\"}','2012-03-18 10:56:01','2020-02-29 13:52:05'),(91,1,49,'https://dropbox/vk/file_numquam',85134,'{\"owner\": \"Scottie Goyette\"}','2011-09-30 01:36:01','2020-02-29 13:52:05'),(92,3,3,'https://dropbox/vk/file_similique',65331438,'{\"owner\": \"Kamron Ledner\"}','2013-01-08 16:29:04','2020-02-29 13:52:05'),(93,2,69,'https://dropbox/vk/file_itaque',6693746,'{\"owner\": \"Wendy Paucek\"}','2017-09-02 18:14:17','2020-02-29 13:52:05'),(94,2,34,'https://dropbox/vk/file_delectus',99512631,'{\"owner\": \"Tanya Kshlerin\"}','2011-11-30 21:30:55','2020-02-29 13:52:05'),(95,3,62,'https://dropbox/vk/file_necessitatibus',91775237,'{\"owner\": \"Edmund Emmerich\"}','2016-09-16 20:20:53','2020-02-29 13:52:05'),(96,2,9,'https://dropbox/vk/file_porro',931790224,'{\"owner\": \"Marion Hane\"}','2017-05-18 04:07:14','2020-02-29 13:52:05'),(97,1,58,'https://dropbox/vk/file_animi',6,'{\"owner\": \"Paul Beier\"}','2014-09-08 05:29:57','2020-02-29 13:52:05'),(98,1,64,'https://dropbox/vk/file_labore',3,'{\"owner\": \"Adaline Aufderhar\"}','2015-02-17 08:10:59','2020-02-29 13:52:05'),(99,2,44,'https://dropbox/vk/file_assumenda',2,'{\"owner\": \"Calista Connelly\"}','2014-12-20 12:21:24','2020-02-29 13:52:05'),(100,3,28,'https://dropbox/vk/file_nesciunt',8656332,'{\"owner\": \"Raheem Smitham\"}','2017-07-08 09:04:02','2020-02-29 13:52:05');
/*!40000 ALTER TABLE `media` ENABLE KEYS */;
UNLOCK TABLES;

--
-- Table structure for table `media_types`
--

DROP TABLE IF EXISTS `media_types`;
/*!40101 SET @saved_cs_client     = @@character_set_client */;
/*!50503 SET character_set_client = utf8mb4 */;
CREATE TABLE `media_types` (
  `id` int unsigned NOT NULL AUTO_INCREMENT,
  `name` varchar(255) CHARACTER SET utf8 COLLATE utf8_unicode_ci NOT NULL,
  `created_at` datetime DEFAULT CURRENT_TIMESTAMP,
  PRIMARY KEY (`id`),
  UNIQUE KEY `name` (`name`)
) ENGINE=InnoDB AUTO_INCREMENT=4 DEFAULT CHARSET=utf8 COLLATE=utf8_unicode_ci;
/*!40101 SET character_set_client = @saved_cs_client */;

--
-- Dumping data for table `media_types`
--

LOCK TABLES `media_types` WRITE;
/*!40000 ALTER TABLE `media_types` DISABLE KEYS */;
INSERT INTO `media_types` VALUES (1,'photo','2020-02-29 13:49:23'),(2,'video','2020-02-29 13:49:23'),(3,'audio','2020-02-29 13:49:23');
/*!40000 ALTER TABLE `media_types` ENABLE KEYS */;
UNLOCK TABLES;

--
-- Table structure for table `messages`
--

DROP TABLE IF EXISTS `messages`;
/*!40101 SET @saved_cs_client     = @@character_set_client */;
/*!50503 SET character_set_client = utf8mb4 */;
CREATE TABLE `messages` (
  `id` int unsigned NOT NULL AUTO_INCREMENT,
  `from_user_id` int unsigned NOT NULL,
  `to_user_id` int unsigned NOT NULL,
  `body` text CHARACTER SET utf8 COLLATE utf8_unicode_ci NOT NULL,
  `is_important` tinyint(1) DEFAULT NULL,
  `is_delivered` tinyint(1) DEFAULT NULL,
  `created_at` datetime DEFAULT CURRENT_TIMESTAMP,
  `read_at` datetime DEFAULT NULL,
  `edited_at` datetime DEFAULT NULL,
  PRIMARY KEY (`id`)
) ENGINE=InnoDB AUTO_INCREMENT=501 DEFAULT CHARSET=utf8 COLLATE=utf8_unicode_ci;
/*!40101 SET character_set_client = @saved_cs_client */;

--
-- Dumping data for table `messages`
--

LOCK TABLES `messages` WRITE;
/*!40000 ALTER TABLE `messages` DISABLE KEYS */;
INSERT INTO `messages` VALUES (1,5,52,'But her sister was reading, but it did not answer, so Alice ventured to remark. \'Tut, tut, child!\' said the Duchess. An invitation from the shock of being upset, and their curls got entangled.',1,0,'2012-12-16 17:31:56','2020-02-29 22:59:29','2020-02-29 22:59:35'),(2,44,64,'TWO little shrieks, and more puzzled, but she had found her head in the long hall, and wander about among those beds of bright flowers and the words have got in as well,\' the Hatter hurriedly left.',1,1,'2012-01-13 07:56:40','2020-02-29 22:59:29','2020-02-29 22:59:35'),(3,87,43,'When the pie was all about, and called out, \'Sit down, all of them even when they liked, and left off when they had any dispute with the Dormouse. \'Write that down,\' the King said to herself, (not.',0,0,'2011-08-20 20:39:41','2020-02-29 22:59:29','2020-02-29 22:59:35'),(4,55,45,'Caterpillar took the hookah out of the treat. When the Mouse had changed his mind, and was just going to turn round on its axis--\' \'Talking of axes,\' said the Cat said, waving its tail about in a.',0,0,'2014-05-10 14:26:21','2020-02-29 22:59:29','2020-02-29 22:59:35'),(5,59,59,'This of course, Alice could think of nothing else to say \"HOW DOTH THE LITTLE BUSY BEE,\" but it was only too glad to find her in an encouraging opening for a great deal of thought, and it put more.',0,1,'2010-12-02 02:38:43','2020-02-29 22:59:29','2020-02-29 22:59:35'),(6,18,14,'Hatter. \'I deny it!\' said the Pigeon; \'but I haven\'t had a bone in his turn; and both footmen, Alice noticed, had powdered hair that WOULD always get into that beautiful garden--how IS that to be.',0,1,'2019-04-02 10:48:44','2020-02-29 22:59:29','2020-02-29 22:59:35'),(7,12,21,'And yet you incessantly stand on your shoes and stockings for you now, dears? I\'m sure I don\'t believe there\'s an atom of meaning in it,\' but none of them even when they had to ask them what the.',0,0,'2018-06-23 19:33:26','2020-02-29 22:59:29','2020-02-29 22:59:35'),(8,66,65,'WAS a narrow escape!\' said Alice, and she told her sister, who was trembling down to look through into the way out of THIS!\' (Sounds of more broken glass.) \'Now tell me, Pat, what\'s that in about.',0,0,'2014-08-25 19:04:15','2020-02-29 22:59:29','2020-02-29 22:59:35'),(9,30,52,'Hatter, with an important air, \'are you all ready? This is the same thing, you know.\' \'And what are YOUR shoes done with?\' said the King, \'that saves a world of trouble, you know, with oh, such long.',0,1,'2019-05-05 01:55:19','2020-02-29 22:59:29','2020-02-29 22:59:35'),(10,71,97,'I think.\' And she kept fanning herself all the time when I was sent for.\' \'You ought to have lessons to learn! No, I\'ve made up my mind about it; if I\'m not Ada,\' she said, \'and see whether it\'s.',0,0,'2015-10-16 15:05:08','2020-02-29 22:59:29','2020-02-29 22:59:35'),(11,74,78,'I\'m sure I have to beat time when I grow up, I\'ll write one--but I\'m grown up now,\' she said, \'for her hair goes in such a thing before, and he hurried off. Alice thought to herself, rather sharply;.',0,1,'2015-10-22 05:28:37','2020-02-29 22:59:29','2020-02-29 22:59:35'),(12,66,94,'He says it kills all the jurors had a head could be NO mistake about it: it was looking for it, he was obliged to write with one eye; but to get to,\' said the Hatter. \'You MUST remember,\' remarked.',0,1,'2017-07-30 05:39:24','2020-02-29 22:59:29','2020-02-29 22:59:35'),(13,73,84,'King, and he checked himself suddenly: the others all joined in chorus, \'Yes, please do!\' but the tops of the lefthand bit of the Lobster Quadrille, that she never knew whether it was very nearly.',1,0,'2018-04-12 17:34:25','2020-02-29 22:59:29','2020-02-29 22:59:35'),(14,99,44,'The March Hare went on. \'We had the door opened inwards, and Alice\'s elbow was pressed so closely against her foot, that there was no use denying it. I suppose I ought to be nothing but.',0,1,'2018-12-17 04:58:04','2020-02-29 22:59:29','2020-02-29 22:59:35'),(15,20,67,'Alice would not join the dance? Will you, won\'t you, won\'t you, won\'t you, won\'t you join the dance?\"\' \'Thank you, sir, for your interesting story,\' but she was as much use in waiting by the Hatter,.',1,1,'2010-08-22 14:33:46','2020-02-29 22:59:29','2020-02-29 22:59:35'),(16,75,74,'Caterpillar. Alice thought she might as well wait, as she could do, lying down on one of them say, \'Look out now, Five! Don\'t go splashing paint over me like that!\' \'I couldn\'t afford to learn it.\'.',1,1,'2010-05-21 16:55:52','2020-02-29 22:59:29','2020-02-29 22:59:35'),(17,45,3,'Caterpillar. \'Is that all?\' said the King: \'however, it may kiss my hand if it makes me grow smaller, I suppose.\' So she set the little golden key, and Alice\'s first thought was that you couldn\'t.',0,1,'2019-06-20 04:24:48','2020-02-29 22:59:29','2020-02-29 22:59:35'),(18,78,80,'I\'m perfectly sure I can\'t tell you just now what the next verse,\' the Gryphon went on in a melancholy tone: \'it doesn\'t seem to encourage the witness at all: he kept shifting from one of its little.',1,1,'2017-12-23 16:17:23','2020-02-29 22:59:29','2020-02-29 22:59:35'),(19,68,99,'Alice, who always took a minute or two sobs choked his voice. \'Same as if nothing had happened. \'How am I to do?\' said Alice. \'Call it what you mean,\' the March Hare interrupted, yawning. \'I\'m.',1,0,'2015-06-06 13:03:04','2020-02-29 22:59:29','2020-02-29 22:59:35'),(20,89,49,'I can\'t understand it myself to begin at HIS time of life. The King\'s argument was, that her idea of the room. The cook threw a frying-pan after her as she passed; it was only sobbing,\' she thought,.',0,1,'2014-02-18 21:34:17','2020-02-29 22:59:29','2020-02-29 22:59:35'),(21,76,33,'I know. Silence all round, if you were me?\' \'Well, perhaps you haven\'t found it very much,\' said Alice, surprised at her for a few minutes it puffed away without being seen, when she had read about.',1,1,'2013-10-30 07:52:06','2020-02-29 22:59:29','2020-02-29 22:59:35'),(22,37,84,'Majesty,\' he began, \'for bringing these in: but I can\'t remember,\' said the King, and he says it\'s so useful, it\'s worth a hundred pounds! He says it kills all the other side, the puppy made another.',1,1,'2014-03-30 10:47:19','2020-02-29 22:59:29','2020-02-29 22:59:35'),(23,11,1,'AT ALL. Soup does very well as if a fish came to ME, and told me he was going on shrinking rapidly: she soon made out that part.\' \'Well, at any rate I\'ll never go THERE again!\' said Alice loudly..',0,0,'2012-07-25 03:53:09','2020-02-29 22:59:29','2020-02-29 22:59:35'),(24,71,52,'Turtle sighed deeply, and drew the back of one flapper across his eyes. He looked at Alice. \'It must have been ill.\' \'So they were,\' said the Mock Turtle. Alice was beginning to see what was going.',1,1,'2012-04-14 01:02:42','2020-02-29 22:59:29','2020-02-29 22:59:35'),(25,46,75,'OF HEARTS. Alice was silent. The King and Queen of Hearts, she made out that it was written to nobody, which isn\'t usual, you know.\' \'And what an ignorant little girl she\'ll think me for asking! No,.',1,0,'2018-12-01 05:21:57','2020-02-29 22:59:29','2020-02-29 22:59:35'),(26,34,46,'Queen, who were lying round the rosetree; for, you see, so many out-of-the-way things had happened lately, that Alice could bear: she got back to finish his story. CHAPTER IV. The Rabbit Sends in a.',0,0,'2012-09-23 03:59:06','2020-02-29 22:59:29','2020-02-29 22:59:35'),(27,26,94,'Father William replied to his ear. Alice considered a little, \'From the Queen. \'Can you play croquet?\' The soldiers were silent, and looked along the passage into the jury-box, or they would die..',0,0,'2020-01-13 15:06:35','2020-02-29 22:59:29','2020-02-29 22:59:35'),(28,89,62,'Turtle.\' These words were followed by a very difficult question. However, at last in the air. This time there could be beheaded, and that is rather a handsome pig, I think.\' And she tried hard to.',0,0,'2015-09-07 10:33:05','2020-02-29 22:59:29','2020-02-29 22:59:35'),(29,42,24,'Dormouse crossed the court, by the hedge!\' then silence, and then the puppy jumped into the wood for fear of killing somebody, so managed to swallow a morsel of the players to be done, I wonder?\' As.',0,0,'2018-05-23 12:50:46','2020-02-29 22:59:29','2020-02-29 22:59:35'),(30,92,88,'For anything tougher than suet; Yet you turned a back-somersault in at the Lizard as she remembered trying to touch her. \'Poor little thing!\' said the Mock Turtle sighed deeply, and drew the back of.',0,1,'2011-08-06 06:56:34','2020-02-29 22:59:29','2020-02-29 22:59:35'),(31,64,54,'But the insolence of his head. But at any rate I\'ll never go THERE again!\' said Alice timidly. \'Would you like the Queen?\' said the Caterpillar seemed to quiver all over with fright. \'Oh, I BEG your.',0,1,'2012-05-03 23:42:05','2020-02-29 22:59:29','2020-02-29 22:59:35'),(32,79,34,'Gryphon. \'They can\'t have anything to put the hookah into its mouth and yawned once or twice, half hoping she might as well as she could not be denied, so she turned away. \'Come back!\' the.',1,1,'2019-03-26 13:06:31','2020-02-29 22:59:29','2020-02-29 22:59:35'),(33,29,46,'So Alice got up this morning, but I grow at a reasonable pace,\' said the Caterpillar. Alice said nothing; she had known them all her wonderful Adventures, till she had plenty of time as she went.',1,1,'2018-02-06 04:51:56','2020-02-29 22:59:29','2020-02-29 22:59:35'),(34,40,64,'As soon as the doubled-up soldiers were always getting up and down, and was a large pigeon had flown into her eyes; and once she remembered having seen such a curious dream!\' said Alice, whose.',0,0,'2016-07-24 20:02:59','2020-02-29 22:59:29','2020-02-29 22:59:35'),(35,98,99,'Heads below!\' (a loud crash)--\'Now, who did that?--It was Bill, I fancy--Who\'s to go and take it away!\' There was a bright idea came into Alice\'s shoulder as he found it advisable--\"\' \'Found WHAT?\'.',1,1,'2012-03-11 15:31:05','2020-02-29 22:59:29','2020-02-29 22:59:35'),(36,100,100,'CHAPTER V. Advice from a bottle marked \'poison,\' so Alice ventured to ask. \'Suppose we change the subject of conversation. While she was now the right distance--but then I wonder who will put on her.',1,1,'2014-09-26 08:39:17','2020-02-29 22:59:29','2020-02-29 22:59:35'),(37,2,8,'VERY tired of being such a thing before, and she went to school in the wood,\' continued the King. \'It began with the strange creatures of her little sister\'s dream. The long grass rustled at her.',1,1,'2015-10-16 11:15:18','2020-02-29 22:59:29','2020-02-29 22:59:35'),(38,36,54,'So she set to partners--\' \'--change lobsters, and retire in same order,\' continued the Gryphon. \'Turn a somersault in the same side of the window, and one foot to the Caterpillar, and the other.',1,1,'2017-03-14 04:49:34','2020-02-29 22:59:29','2020-02-29 22:59:35'),(39,63,53,'I think?\' \'I had NOT!\' cried the Mouse, in a low trembling voice, \'Let us get to twenty at that rate! However, the Multiplication Table doesn\'t signify: let\'s try the whole court was a table in the.',1,0,'2015-12-01 09:20:44','2020-02-29 22:59:29','2020-02-29 22:59:35'),(40,76,18,'It was so large a house, that she wanted much to know, but the Rabbit coming to look over their shoulders, that all the party went back to the jury. \'Not yet, not yet!\' the Rabbit was no more of it.',0,0,'2014-12-22 15:29:01','2020-02-29 22:59:29','2020-02-29 22:59:35'),(41,65,67,'I did: there\'s no meaning in them, after all. I needn\'t be so easily offended!\' \'You\'ll get used to come upon them THIS size: why, I should be raving mad--at least not so mad as it spoke. \'As wet as.',0,0,'2018-09-09 09:08:54','2020-02-29 22:59:29','2020-02-29 22:59:35'),(42,41,3,'Cheshire Cat,\' said Alice: \'allow me to introduce it.\' \'I don\'t much care where--\' said Alice. \'That\'s the reason and all would change to tinkling sheep-bells, and the moon, and memory, and.',0,1,'2013-10-31 11:18:12','2020-02-29 22:59:29','2020-02-29 22:59:35'),(43,91,47,'I\'ve fallen by this time). \'Don\'t grunt,\' said Alice; \'that\'s not at all the other players, and shouting \'Off with her friend. When she got back to the garden at once; but, alas for poor Alice! when.',0,1,'2018-04-02 18:52:58','2020-02-29 22:59:29','2020-02-29 22:59:35'),(44,60,60,'Then came a little now and then, \'we went to him,\' the Mock Turtle, \'Drive on, old fellow! Don\'t be all day about it!\' Last came a little house in it a minute or two she stood watching them, and.',1,0,'2013-10-03 16:13:11','2020-02-29 22:59:29','2020-02-29 22:59:35'),(45,19,16,'Hatter, \'I cut some more tea,\' the March Hare said to herself; \'his eyes are so VERY nearly at the place of the cattle in the sky. Twinkle, twinkle--\"\' Here the other side of the moment she quite.',0,1,'2016-04-19 14:57:11','2020-02-29 22:59:29','2020-02-29 22:59:35'),(46,20,51,'The Duchess took no notice of her knowledge. \'Just think of nothing else to say anything. \'Why,\' said the youth, \'one would hardly suppose That your eye was as much as she picked up a little.',1,0,'2017-12-02 00:26:01','2020-02-29 22:59:29','2020-02-29 22:59:35'),(47,94,18,'CAN I have to turn into a large cauldron which seemed to think that very few things indeed were really impossible. There seemed to be otherwise than what you had been running half an hour or so.',1,0,'2010-08-23 08:46:45','2020-02-29 22:59:29','2020-02-29 22:59:35'),(48,8,84,'I beg your pardon!\' cried Alice hastily, afraid that it would like the three gardeners at it, busily painting them red. Alice thought to herself. (Alice had been found and handed back to the waving.',1,0,'2010-11-02 09:50:22','2020-02-29 22:59:29','2020-02-29 22:59:35'),(49,98,34,'Ma!\' said the Caterpillar. \'Is that the meeting adjourn, for the next witness!\' said the Dodo. Then they all crowded round her head. \'If I eat one of the sea.\' \'I couldn\'t afford to learn it.\' said.',1,1,'2010-05-18 19:32:37','2020-02-29 22:59:29','2020-02-29 22:59:35'),(50,78,86,'White Rabbit, trotting slowly back to her: first, because the Duchess was sitting on the trumpet, and called out, \'Sit down, all of them didn\'t know that cats COULD grin.\' \'They all can,\' said the.',1,0,'2016-09-03 06:01:58','2020-02-29 22:59:29','2020-02-29 22:59:35'),(51,94,13,'I can kick a little!\' She drew her foot as far down the hall. After a minute or two. \'They couldn\'t have wanted it much,\' said the Caterpillar. \'Well, I can\'t see you?\' She was moving them about as.',1,1,'2017-11-28 20:39:46','2020-02-29 22:59:29','2020-02-29 22:59:35'),(52,82,71,'Duchess said to herself; \'his eyes are so VERY remarkable in that; nor did Alice think it would not join the dance? Will you, won\'t you, will you, won\'t you, will you join the dance? Will you, won\'t.',0,1,'2013-02-01 01:02:07','2020-02-29 22:59:29','2020-02-29 22:59:35'),(53,7,24,'Alice ventured to taste it, and on both sides at once. \'Give your evidence,\' said the Dormouse. \'Fourteenth of March, I think I should say \"With what porpoise?\"\' \'Don\'t you mean \"purpose\"?\' said.',1,0,'2016-11-05 20:19:08','2020-02-29 22:59:29','2020-02-29 22:59:35'),(54,98,18,'King, the Queen, and Alice, were in custody and under sentence of execution. Then the Queen never left off sneezing by this time.) \'You\'re nothing but the Dormouse turned out, and, by the English,.',1,1,'2020-02-03 22:58:09','2020-02-29 22:59:29','2020-02-29 22:59:35'),(55,97,28,'You see the earth takes twenty-four hours to turn round on its axis--\' \'Talking of axes,\' said the Mock Turtle to the voice of thunder, and people began running about in the after-time, be herself a.',0,0,'2016-04-09 14:54:29','2020-02-29 22:59:29','2020-02-29 22:59:35'),(56,51,69,'King; and the other side of WHAT?\' thought Alice; \'only, as it\'s asleep, I suppose you\'ll be telling me next that you never to lose YOUR temper!\' \'Hold your tongue, Ma!\' said the Hatter, and here.',1,1,'2013-02-10 08:42:09','2020-02-29 22:59:29','2020-02-29 22:59:35'),(57,90,42,'ME,\' but nevertheless she uncorked it and put back into the court, \'Bring me the list of the conversation. Alice replied, so eagerly that the Gryphon at the Footman\'s head: it just missed her. Alice.',1,0,'2016-06-26 03:10:22','2020-02-29 22:59:29','2020-02-29 22:59:35'),(58,39,71,'Alice, a good opportunity for repeating his remark, with variations. \'I shall do nothing of the ground.\' So she set to work very carefully, nibbling first at one corner of it: \'No room! No room!\'.',0,1,'2019-04-18 18:12:39','2020-02-29 22:59:29','2020-02-29 22:59:35'),(59,37,70,'He was an uncomfortably sharp chin. However, she got to the door, she found it very hard indeed to make out which were the verses on his knee, and the small ones choked and had just succeeded in.',0,1,'2012-02-06 04:58:39','2020-02-29 22:59:29','2020-02-29 22:59:35'),(60,41,94,'Gryphon, and, taking Alice by the end of trials, \"There was some attempts at applause, which was full of soup. \'There\'s certainly too much overcome to do such a capital one for catching mice you.',0,1,'2019-07-19 21:02:54','2020-02-29 22:59:29','2020-02-29 22:59:35'),(61,47,54,'White Rabbit hurried by--the frightened Mouse splashed his way through the doorway; \'and even if I shall have some fun now!\' thought Alice. The King looked anxiously over his shoulder with some.',0,1,'2011-03-26 17:27:11','2020-02-29 22:59:29','2020-02-29 22:59:35'),(62,26,66,'Dinn may be,\' said the Mock Turtle said: \'advance twice, set to work very diligently to write this down on her toes when they arrived, with a great deal to ME,\' said the Gryphon. \'The reason is,\'.',1,1,'2016-08-03 20:11:04','2020-02-29 22:59:29','2020-02-29 22:59:35'),(63,55,75,'And concluded the banquet--] \'What IS a Caucus-race?\' said Alice; \'it\'s laid for a minute or two, she made it out into the teapot. \'At any rate a book of rules for shutting people up like a snout.',1,1,'2016-09-15 00:16:21','2020-02-29 22:59:29','2020-02-29 22:59:35'),(64,11,30,'Caterpillar. This was not a mile high,\' said Alice. \'And ever since that,\' the Hatter and the Hatter said, turning to the jury. \'Not yet, not yet!\' the Rabbit asked. \'No, I give it up,\' Alice.',1,1,'2017-07-23 05:52:18','2020-02-29 22:59:29','2020-02-29 22:59:35'),(65,17,94,'Duchess: \'flamingoes and mustard both bite. And the Eaglet bent down its head to feel very uneasy: to be two people. \'But it\'s no use their putting their heads down! I am in the air: it puzzled her.',0,0,'2020-01-11 03:25:40','2020-02-29 22:59:29','2020-02-29 22:59:35'),(66,17,5,'Alice to herself, rather sharply; \'I advise you to get her head through the wood. \'It\'s the thing yourself, some winter day, I will prosecute YOU.--Come, I\'ll take no denial; We must have imitated.',0,1,'2018-05-15 19:28:13','2020-02-29 22:59:29','2020-02-29 22:59:35'),(67,70,37,'Queen shouted at the thought that it had been. But her sister sat still just as I do,\' said the Hatter. He had been looking over their heads. She felt very glad she had someone to listen to her. The.',1,0,'2013-01-26 21:28:32','2020-02-29 22:59:29','2020-02-29 22:59:35'),(68,75,63,'King, \'unless it was as long as you go on? It\'s by far the most interesting, and perhaps after all it might not escape again, and went down to her ear. \'You\'re thinking about something, my dear, I.',1,0,'2015-05-15 10:21:00','2020-02-29 22:59:29','2020-02-29 22:59:35'),(69,88,51,'Queen. \'Well, I shan\'t go, at any rate I\'ll never go THERE again!\' said Alice to herself. Imagine her surprise, when the Rabbit angrily. \'Here! Come and help me out of sight, he said to Alice, and.',0,1,'2013-10-03 14:36:36','2020-02-29 22:59:29','2020-02-29 22:59:35'),(70,90,96,'Rabbit came near her, about four inches deep and reaching half down the little golden key, and Alice\'s first thought was that you think I may as well as she did not look at them--\'I wish they\'d get.',1,1,'2014-01-30 01:01:57','2020-02-29 22:59:29','2020-02-29 22:59:35'),(71,9,56,'Alice loudly. \'The idea of having nothing to do: once or twice, and shook itself. Then it got down off the mushroom, and crawled away in the pool, and the choking of the e--e--evening, Beautiful,.',0,0,'2010-11-09 13:32:12','2020-02-29 22:59:29','2020-02-29 22:59:35'),(72,54,100,'Why, there\'s hardly room to open it; but, as the Lory positively refused to tell its age, there was a sound of a candle is blown out, for she had not gone far before they saw her, they hurried back.',0,1,'2011-01-13 06:34:48','2020-02-29 22:59:29','2020-02-29 22:59:35'),(73,37,86,'I should like it very much,\' said Alice, \'and if it makes me grow smaller, I can find out the verses on his slate with one finger for the hot day made her draw back in a great many more than three.\'.',1,1,'2018-10-23 17:19:54','2020-02-29 22:59:29','2020-02-29 22:59:35'),(74,19,38,'Alice very humbly: \'you had got its head impatiently, and walked a little hot tea upon its nose. The Dormouse again took a great hurry, muttering to himself as he wore his crown over the wig, (look.',0,0,'2014-07-30 23:30:56','2020-02-29 22:59:29','2020-02-29 22:59:35'),(75,30,35,'Shall I try the whole party at once crowded round her, about the games now.\' CHAPTER X. The Lobster Quadrille is!\' \'No, indeed,\' said Alice. \'That\'s very important,\' the King was the matter worse..',1,0,'2012-08-20 04:32:22','2020-02-29 22:59:29','2020-02-29 22:59:35'),(76,85,18,'Hardly knowing what she did, she picked up a little worried. \'Just about as curious as it was written to nobody, which isn\'t usual, you know.\' It was, no doubt: only Alice did not venture to go near.',1,1,'2013-08-30 07:44:46','2020-02-29 22:59:29','2020-02-29 22:59:35'),(77,35,21,'Majesty,\' he began. \'You\'re a very interesting dance to watch,\' said Alice, \'and if it thought that she was peering about anxiously among the trees, a little pattering of feet in a trembling voice,.',0,0,'2013-11-29 18:10:24','2020-02-29 22:59:29','2020-02-29 22:59:35'),(78,100,37,'OURS they had any dispute with the grin, which remained some time after the birds! Why, she\'ll eat a bat?\' when suddenly, thump! thump! down she came upon a time there were ten of them, and.',0,0,'2011-12-18 04:17:39','2020-02-29 22:59:29','2020-02-29 22:59:35'),(79,84,9,'SOMETHING interesting is sure to make herself useful, and looking at everything about her, to pass away the time. Alice had begun to think to herself, as well be at school at once.\' However, she got.',1,1,'2015-06-07 18:03:55','2020-02-29 22:59:29','2020-02-29 22:59:35'),(80,91,27,'CHAPTER XII. Alice\'s Evidence \'Here!\' cried Alice, quite forgetting her promise. \'Treacle,\' said a whiting before.\' \'I can see you\'re trying to make out exactly what they said. The executioner\'s.',0,0,'2014-12-03 06:15:01','2020-02-29 22:59:29','2020-02-29 22:59:35'),(81,61,23,'White Rabbit, jumping up and rubbed its eyes: then it watched the Queen was to eat some of YOUR adventures.\' \'I could tell you my history, and you\'ll understand why it is I hate cats and dogs.\' It.',0,1,'2018-09-26 11:14:30','2020-02-29 22:59:29','2020-02-29 22:59:35'),(82,34,100,'While the Owl and the White Rabbit, with a sudden leap out of the Mock Turtle replied; \'and then the other, trying every door, she walked sadly down the chimney!\' \'Oh! So Bill\'s got to do,\' said.',1,1,'2012-03-26 23:23:06','2020-02-29 22:59:29','2020-02-29 22:59:35'),(83,97,86,'Pigeon the opportunity of adding, \'You\'re looking for eggs, as it turned round and get ready for your interesting story,\' but she did it at all,\' said the Gryphon: and it set to work nibbling at the.',0,0,'2015-06-10 05:03:46','2020-02-29 22:59:29','2020-02-29 22:59:35'),(84,37,29,'THAT direction,\' the Cat went on, yawning and rubbing its eyes, \'Of course, of course; just what I used to say it over) \'--yes, that\'s about the reason and all would change to dull reality--the.',1,0,'2016-05-26 17:54:12','2020-02-29 22:59:29','2020-02-29 22:59:35'),(85,31,69,'A little bright-eyed terrier, you know, with oh, such long curly brown hair! And it\'ll fetch things when you have of putting things!\' \'It\'s a friend of mine--a Cheshire Cat,\' said Alice: \'three.',0,1,'2011-02-10 03:01:58','2020-02-29 22:59:29','2020-02-29 22:59:35'),(86,51,49,'Rabbit, and had to run back into the garden. Then she went on, \'and most of \'em do.\' \'I don\'t see,\' said the Mock Turtle, \'Drive on, old fellow! Don\'t be all day to day.\' This was quite pleased to.',1,0,'2015-10-31 07:06:31','2020-02-29 22:59:29','2020-02-29 22:59:35'),(87,91,9,'Alice remarked. \'Right, as usual,\' said the Mock Turtle angrily: \'really you are very dull!\' \'You ought to be a footman in livery came running out of the wood--(she considered him to you, Though.',0,1,'2013-07-06 21:12:02','2020-02-29 22:59:29','2020-02-29 22:59:35'),(88,71,26,'Off with his head!\' or \'Off with his whiskers!\' For some minutes it seemed quite natural to Alice for protection. \'You shan\'t be beheaded!\' said Alice, \'a great girl like you,\' (she might well say.',1,0,'2014-05-29 16:41:03','2020-02-29 22:59:29','2020-02-29 22:59:35'),(89,17,6,'Gryphon. \'How the creatures order one about, and make THEIR eyes bright and eager with many a strange tale, perhaps even with the next verse,\' the Gryphon repeated impatiently: \'it begins \"I passed.',0,0,'2014-06-08 19:20:25','2020-02-29 22:59:29','2020-02-29 22:59:35'),(90,81,83,'King said to live. \'I\'ve seen hatters before,\' she said this, she noticed that they could not remember ever having heard of such a dear quiet thing,\' Alice went timidly up to the puppy; whereupon.',0,0,'2019-11-17 20:15:43','2020-02-29 22:59:29','2020-02-29 22:59:35'),(91,74,22,'I hadn\'t mentioned Dinah!\' she said to herself, as well wait, as she had been for some way, and then at the end of the garden, where Alice could see, as they lay on the other birds tittered audibly..',1,0,'2019-10-17 07:58:37','2020-02-29 22:59:29','2020-02-29 22:59:35'),(92,84,55,'Dodo suddenly called out in a melancholy way, being quite unable to move. She soon got it out to her feet, for it to his son, \'I feared it might injure the brain; But, now that I\'m perfectly sure I.',1,0,'2012-06-06 19:11:52','2020-02-29 22:59:29','2020-02-29 22:59:35'),(93,22,44,'Gryphon. \'I mean, what makes them sour--and camomile that makes you forget to talk. I can\'t put it in her pocket, and pulled out a race-course, in a thick wood. \'The first thing I\'ve got to grow up.',0,1,'2012-04-21 07:11:27','2020-02-29 22:59:29','2020-02-29 22:59:35'),(94,53,32,'I\'ve been changed several times since then.\' \'What do you want to be?\' it asked. \'Oh, I\'m not Ada,\' she said, without even looking round. \'I\'ll fetch the executioner went off like an honest man.\'.',0,1,'2015-02-07 02:38:28','2020-02-29 22:59:29','2020-02-29 22:59:35'),(95,2,12,'I should like to have any pepper in that case I can listen all day about it!\' and he went on, \'\"--found it advisable to go through next walking about at the house, \"Let us both go to on the floor:.',0,1,'2016-07-03 13:21:08','2020-02-29 22:59:29','2020-02-29 22:59:35'),(96,52,26,'Lobster Quadrille The Mock Turtle\'s heavy sobs. Lastly, she pictured to herself \'Now I can remember feeling a little while, however, she waited for some time after the rest waited in silence. At.',0,1,'2020-02-22 07:19:06','2020-02-29 22:59:29','2020-02-29 22:59:35'),(97,75,95,'Mock Turtle sang this, very slowly and sadly:-- \'\"Will you walk a little sharp bark just over her head made her look up in a trembling voice:-- \'I passed by his face only, she would gather about her.',1,0,'2015-07-17 21:51:02','2020-02-29 22:59:29','2020-02-29 22:59:35'),(98,48,54,'I\'ll eat it,\' said the Dormouse, who was peeping anxiously into its face was quite surprised to find herself talking familiarly with them, as if it please your Majesty!\' the soldiers remaining.',0,0,'2010-06-06 22:01:41','2020-02-29 22:59:29','2020-02-29 22:59:35'),(99,26,67,'Either the well was very nearly in the common way. So they had to be otherwise.\"\' \'I think you could draw treacle out of a muchness\"--did you ever see such a new pair of the well, and noticed that.',0,0,'2015-05-11 21:20:47','2020-02-29 22:59:29','2020-02-29 22:59:35'),(100,59,93,'Just then she looked down into its mouth again, and said, \'It was a large caterpillar, that was lying on their backs was the same year for such dainties would not allow without knowing how old it.',1,0,'2014-07-13 13:10:57','2020-02-29 22:59:29','2020-02-29 22:59:35'),(101,86,52,'Alice rather unwillingly took the regular course.\' \'What was THAT like?\' said Alice. \'I\'ve read that in some book, but I hadn\'t quite finished my tea when I grow at a king,\' said Alice. \'Exactly.',0,1,'2018-06-14 02:57:46','2020-02-29 22:59:29','2020-02-29 22:59:35'),(102,3,57,'Alice, \'it\'ll never do to hold it. As soon as she leant against a buttercup to rest her chin upon Alice\'s shoulder, and it put the Lizard as she could. \'No,\' said the Cat, and vanished. Alice was.',0,0,'2019-07-26 20:08:59','2020-02-29 22:59:29','2020-02-29 22:59:35'),(103,74,99,'Dormouse crossed the court, arm-in-arm with the Lory, who at last came a little timidly: \'but it\'s no use denying it. I suppose I ought to eat or drink something or other; but the three gardeners at.',0,1,'2018-08-09 20:24:17','2020-02-29 22:59:29','2020-02-29 22:59:35'),(104,75,76,'Alice hastily replied; \'at least--at least I know is, something comes at me like a writing-desk?\' \'Come, we shall get on better.\' \'I\'d rather finish my tea,\' said the March Hare. Alice sighed.',1,0,'2019-12-15 15:08:25','2020-02-29 22:59:29','2020-02-29 22:59:35'),(105,54,42,'So she stood watching them, and considered a little, half expecting to see how he did it,) he did with the lobsters to the confused clamour of the lefthand bit of the crowd below, and there stood.',1,0,'2016-02-13 12:02:14','2020-02-29 22:59:29','2020-02-29 22:59:35'),(106,46,3,'King, going up to them she heard a little pattering of footsteps in the wind, and the White Rabbit was still in existence; \'and now for the pool rippling to the fifth bend, I think?\' \'I had NOT!\'.',0,0,'2010-03-27 11:12:25','2020-02-29 22:59:29','2020-02-29 22:59:35'),(107,77,77,'Alice thought to herself, for this time she heard a little pattering of feet in the air. \'--as far out to sea. So they had a VERY good opportunity for making her escape; so she went on. \'Would you.',0,1,'2017-05-27 22:12:17','2020-02-29 22:59:29','2020-02-29 22:59:35'),(108,54,38,'Alice had been broken to pieces. \'Please, then,\' said Alice, in a great hurry, muttering to himself in an offended tone, \'Hm! No accounting for tastes! Sing her \"Turtle Soup,\" will you, won\'t you.',0,1,'2016-05-09 14:56:35','2020-02-29 22:59:29','2020-02-29 22:59:35'),(109,28,27,'Hatter trembled so, that he had come back and see what I eat\" is the driest thing I ever was at in all directions, \'just like a sky-rocket!\' \'So you think you could keep it to speak with. Alice.',0,1,'2015-12-13 00:04:24','2020-02-29 22:59:29','2020-02-29 22:59:35'),(110,49,61,'King. \'Then it doesn\'t matter a bit,\' she thought of herself, \'I wish the creatures order one about, and shouting \'Off with his head!\"\' \'How dreadfully savage!\' exclaimed Alice. \'That\'s the judge,\'.',1,1,'2012-06-01 05:48:25','2020-02-29 22:59:29','2020-02-29 22:59:35'),(111,61,22,'I learn music.\' \'Ah! that accounts for it,\' said Alice. \'Did you say \"What a pity!\"?\' the Rabbit began. Alice thought decidedly uncivil. \'But perhaps he can\'t help that,\' said the Mock Turtle in the.',0,0,'2012-04-22 14:15:32','2020-02-29 22:59:29','2020-02-29 22:59:35'),(112,24,52,'Hatter, and here the conversation a little. \'\'Tis so,\' said Alice. \'Nothing WHATEVER?\' persisted the King. \'Nothing whatever,\' said Alice. \'Why?\' \'IT DOES THE BOOTS AND SHOES.\' the Gryphon.',1,0,'2010-04-28 07:27:35','2020-02-29 22:59:29','2020-02-29 22:59:35'),(113,91,95,'Lobster; I heard him declare, \"You have baked me too brown, I must have imitated somebody else\'s hand,\' said the King, \'and don\'t look at it!\' This speech caused a remarkable sensation among the.',1,1,'2017-09-15 07:27:20','2020-02-29 22:59:29','2020-02-29 22:59:35'),(114,5,37,'Quadrille is!\' \'No, indeed,\' said Alice. \'That\'s the reason they\'re called lessons,\' the Gryphon as if she had accidentally upset the milk-jug into his cup of tea, and looked anxiously round, to.',1,0,'2013-02-21 18:19:58','2020-02-29 22:59:29','2020-02-29 22:59:35'),(115,69,34,'Stop this moment, I tell you, you coward!\' and at once and put it in time,\' said the Gryphon, with a round face, and large eyes full of smoke from one minute to another! However, I\'ve got back to.',1,0,'2010-08-28 13:16:14','2020-02-29 22:59:29','2020-02-29 22:59:35'),(116,65,19,'I wonder what you\'re talking about,\' said Alice. \'Why not?\' said the King, \'that only makes the world she was a little wider. \'Come, it\'s pleased so far,\' said the Lory. Alice replied in a shrill,.',0,1,'2011-09-17 10:08:45','2020-02-29 22:59:29','2020-02-29 22:59:35'),(117,2,54,'Hatter continued, \'in this way:-- \"Up above the world she was trying to fix on one, the cook took the hookah out of breath, and said \'That\'s very curious.\' \'It\'s all about for it, he was gone, and,.',0,1,'2018-08-16 10:03:13','2020-02-29 22:59:29','2020-02-29 22:59:35'),(118,61,41,'King and the pool was getting so far off). \'Oh, my poor hands, how is it I can\'t take more.\' \'You mean you can\'t be civil, you\'d better finish the story for yourself.\' \'No, please go on!\' Alice said.',1,1,'2016-12-31 21:54:09','2020-02-29 22:59:29','2020-02-29 22:59:35'),(119,24,95,'Bill\'s got to the little passage: and THEN--she found herself safe in a more subdued tone, and added with a cart-horse, and expecting every moment to think that very few things indeed were really.',1,1,'2014-05-11 07:57:46','2020-02-29 22:59:29','2020-02-29 22:59:35'),(120,3,31,'Alice; but she ran with all their simple sorrows, and find a thing,\' said the Knave, \'I didn\'t know that you\'re mad?\' \'To begin with,\' said the Cat. \'--so long as you go to on the hearth and.',1,0,'2011-06-20 18:05:56','2020-02-29 22:59:29','2020-02-29 22:59:35'),(121,45,33,'I hate cats and dogs.\' It was the Duchess\'s knee, while plates and dishes crashed around it--once more the shriek of the jury wrote it down \'important,\' and some \'unimportant.\' Alice could hear the.',1,0,'2020-01-11 07:37:02','2020-02-29 22:59:29','2020-02-29 22:59:35'),(122,28,39,'Queen: so she went hunting about, and make out that part.\' \'Well, at any rate: go and live in that case I can guess that,\' she added in an encouraging tone. Alice looked at it uneasily, shaking it.',0,0,'2011-05-02 19:13:50','2020-02-29 22:59:29','2020-02-29 22:59:35'),(123,11,37,'And yet you incessantly stand on their hands and feet at the Queen, who had followed him into the air. This time there were no tears. \'If you\'re going to be, from one minute to another! However,.',1,0,'2012-12-31 04:09:24','2020-02-29 22:59:29','2020-02-29 22:59:35'),(124,53,54,'March Hare went \'Sh! sh!\' and the baby--the fire-irons came first; then followed a shower of little Alice herself, and once she remembered trying to invent something!\' \'I--I\'m a little nervous about.',1,0,'2016-05-27 21:20:31','2020-02-29 22:59:29','2020-02-29 22:59:35'),(125,8,79,'HERE.\' \'But then,\' thought Alice, and tried to say to itself \'The Duchess! The Duchess! Oh my dear Dinah! I wonder if I would talk on such a fall as this, I shall see it quite plainly through the.',1,1,'2011-03-04 21:43:06','2020-02-29 22:59:29','2020-02-29 22:59:35'),(126,69,7,'The Queen had ordered. They very soon had to run back into the garden door. Poor Alice! It was as long as it is.\' \'Then you may stand down,\' continued the Pigeon, but in a low voice, \'Why the fact.',1,0,'2010-11-25 19:47:54','2020-02-29 22:59:29','2020-02-29 22:59:35'),(127,30,26,'Duchess; \'and that\'s why. Pig!\' She said it to make ONE respectable person!\' Soon her eye fell upon a heap of sticks and dry leaves, and the moment she felt sure she would have appeared to them to.',1,0,'2017-07-06 13:31:39','2020-02-29 22:59:29','2020-02-29 22:59:35'),(128,39,17,'The Mouse looked at them with one eye, How the Owl had the best thing to eat her up in such confusion that she wanted much to know, but the cook had disappeared. \'Never mind!\' said the Caterpillar..',1,1,'2012-04-22 01:34:29','2020-02-29 22:59:29','2020-02-29 22:59:35'),(129,69,94,'She was looking for the accident of the room. The cook threw a frying-pan after her as she went on again:-- \'I didn\'t mean it!\' pleaded poor Alice. \'But you\'re so easily offended!\' \'You\'ll get used.',1,1,'2019-04-16 02:18:01','2020-02-29 22:59:29','2020-02-29 22:59:35'),(130,64,35,'Alice, \'it would be offended again. \'Mine is a very poor speaker,\' said the Mock Turtle replied in an encouraging tone. Alice looked all round her, calling out in a shrill, loud voice, and see what.',0,1,'2018-01-11 14:55:18','2020-02-29 22:59:29','2020-02-29 22:59:35'),(131,82,4,'Dodo had paused as if it makes me grow large again, for this time with great emphasis, looking hard at Alice for some time busily writing in his turn; and both footmen, Alice noticed, had powdered.',0,1,'2018-07-22 13:16:48','2020-02-29 22:59:29','2020-02-29 22:59:35'),(132,74,58,'She did not like the largest telescope that ever was! Good-bye, feet!\' (for when she went on eagerly. \'That\'s enough about lessons,\' the Gryphon in an angry tone, \'Why, Mary Ann, and be turned out.',0,1,'2018-09-10 09:56:09','2020-02-29 22:59:29','2020-02-29 22:59:35'),(133,68,65,'I wish you wouldn\'t have come here.\' Alice didn\'t think that very few things indeed were really impossible. There seemed to be said. At last the Caterpillar took the place of the Lobster Quadrille,.',0,0,'2010-03-28 05:43:37','2020-02-29 22:59:29','2020-02-29 22:59:35'),(134,20,4,'There ought to be Involved in this way! Stop this moment, I tell you!\' But she went back for a conversation. Alice replied, so eagerly that the way YOU manage?\' Alice asked. The Hatter shook his.',1,0,'2018-06-28 04:55:32','2020-02-29 22:59:29','2020-02-29 22:59:35'),(135,61,93,'I think I can creep under the table: she opened it, and kept doubling itself up very sulkily and crossed over to the three gardeners who were all ornamented with hearts. Next came an angry.',1,0,'2016-04-29 11:06:09','2020-02-29 22:59:29','2020-02-29 22:59:35'),(136,79,16,'The Knave of Hearts, and I had to leave it behind?\' She said this she looked at Two. Two began in a great deal too far off to the Knave. The Knave did so, and giving it something out of sight: then.',0,1,'2010-03-19 07:24:49','2020-02-29 22:59:29','2020-02-29 22:59:35'),(137,41,59,'Rabbit came up to Alice, flinging the baby violently up and leave the room, when her eye fell on a branch of a sea of green leaves that lay far below her. \'What CAN all that stuff,\' the Mock Turtle.',1,0,'2013-03-16 22:18:28','2020-02-29 22:59:29','2020-02-29 22:59:35'),(138,70,73,'King and the fall NEVER come to the Knave. The Knave did so, and giving it a violent shake at the Caterpillar\'s making such VERY short remarks, and she felt that it might happen any minute, \'and.',1,0,'2017-01-24 14:56:32','2020-02-29 22:59:29','2020-02-29 22:59:35'),(139,54,53,'Alice remarked. \'Oh, you foolish Alice!\' she answered herself. \'How can you learn lessons in the pictures of him), while the Mouse in the house opened, and a fall, and a sad tale!\' said the Hatter,.',0,1,'2016-05-10 08:17:24','2020-02-29 22:59:29','2020-02-29 22:59:35'),(140,99,37,'He looked anxiously round, to make personal remarks,\' Alice said to a day-school, too,\' said Alice; \'I can\'t help it,\' said Alice. \'That\'s the first minute or two to think this a very humble tone,.',1,1,'2018-04-19 07:50:06','2020-02-29 22:59:29','2020-02-29 22:59:35'),(141,89,31,'As there seemed to have wondered at this, but at any rate,\' said Alice: \'--where\'s the Duchess?\' \'Hush! Hush!\' said the Gryphon. \'We can do no more, whatever happens. What WILL become of me? They\'re.',0,1,'2010-04-20 01:37:31','2020-02-29 22:59:29','2020-02-29 22:59:35'),(142,88,45,'Alice thought she had been anxiously looking across the garden, where Alice could think of what work it would feel with all her coaxing. Hardly knowing what she was ever to get in?\' she repeated,.',0,0,'2011-05-04 21:53:47','2020-02-29 22:59:29','2020-02-29 22:59:35'),(143,62,73,'The soldiers were silent, and looked at the top of its mouth, and addressed her in a voice of the earth. Let me see: four times five is twelve, and four times six is thirteen, and four times six is.',1,0,'2016-11-15 19:49:25','2020-02-29 22:59:29','2020-02-29 22:59:35'),(144,78,72,'I haven\'t been invited yet.\' \'You\'ll see me there,\' said the King. The White Rabbit as he came, \'Oh! the Duchess, digging her sharp little chin. \'I\'ve a right to grow up again! Let me see: four.',0,1,'2014-08-31 20:11:07','2020-02-29 22:59:29','2020-02-29 22:59:35'),(145,27,16,'William\'s conduct at first she would keep, through all her knowledge of history, Alice had not got into the court, by the fire, stirring a large pool all round the refreshments!\' But there seemed to.',1,0,'2018-08-22 16:51:11','2020-02-29 22:59:29','2020-02-29 22:59:35'),(146,100,50,'Gryphon; and then all the rats and--oh dear!\' cried Alice, with a lobster as a partner!\' cried the Gryphon, \'she wants for to know your history, you know,\' said Alice, swallowing down her flamingo,.',0,1,'2018-12-23 05:17:17','2020-02-29 22:59:29','2020-02-29 22:59:35'),(147,49,95,'Soup! Beau--ootiful Soo--oop! Beau--ootiful Soo--oop! Beau--ootiful Soo--oop! Beau--ootiful Soo--oop! Beau--ootiful Soo--oop! Beau--ootiful Soo--oop! Beau--ootiful Soo--oop! Soo--oop of the window,.',1,1,'2019-07-26 03:17:36','2020-02-29 22:59:29','2020-02-29 22:59:35'),(148,26,45,'She had not as yet had any dispute with the other side. The further off from England the nearer is to give the hedgehog to, and, as the door with his whiskers!\' For some minutes it puffed away.',0,0,'2012-08-17 15:12:03','2020-02-29 22:59:29','2020-02-29 22:59:35'),(149,47,99,'Hatter began, in a shrill, loud voice, and see after some executions I have dropped them, I wonder?\' And here Alice began in a game of croquet she was ready to talk to.\' \'How are you getting on?\'.',0,1,'2014-11-14 15:33:29','2020-02-29 22:59:29','2020-02-29 22:59:35'),(150,55,75,'Alice, and, after waiting till she was quite tired and out of that is--\"Birds of a candle is blown out, for she was looking down with her friend. When she got used to call him Tortoise, if he would.',1,0,'2012-06-20 14:44:05','2020-02-29 22:59:29','2020-02-29 22:59:35'),(151,10,24,'She stretched herself up on tiptoe, and peeped over the wig, (look at the proposal. \'Then the Dormouse followed him: the March Hare moved into the jury-box, or they would go, and broke off a little.',0,0,'2014-05-12 05:12:14','2020-02-29 22:59:29','2020-02-29 22:59:35'),(152,89,74,'Alice to herself, (not in a minute, nurse! But I\'ve got to go nearer till she was up to the Mock Turtle angrily: \'really you are very dull!\' \'You ought to be a lesson to you never tasted an egg!\' \'I.',0,1,'2011-04-25 23:45:14','2020-02-29 22:59:29','2020-02-29 22:59:35'),(153,3,92,'I used to do:-- \'How doth the little--\"\' and she heard a little different. But if I\'m not the smallest notice of her knowledge. \'Just think of nothing else to do, and in despair she put them into a.',0,0,'2019-03-17 12:58:55','2020-02-29 22:59:29','2020-02-29 22:59:35'),(154,52,84,'And in she went. Once more she found this a good way off, and Alice rather unwillingly took the cauldron of soup off the subjects on his slate with one foot. \'Get up!\' said the Hatter. \'Does YOUR.',0,0,'2015-03-25 09:22:59','2020-02-29 22:59:29','2020-02-29 22:59:35'),(155,62,60,'Gryphon said to itself in a low voice, \'Why the fact is, you ARE a simpleton.\' Alice did not like to hear it say, as it spoke (it was Bill, the Lizard) could not remember ever having heard of one,\'.',1,0,'2014-12-11 21:40:44','2020-02-29 22:59:29','2020-02-29 22:59:35'),(156,11,77,'Alice could hear the name \'Alice!\' CHAPTER XII. Alice\'s Evidence \'Here!\' cried Alice, with a sigh: \'it\'s always tea-time, and we\'ve no time to hear his history. I must be kind to them,\' thought.',1,0,'2014-02-22 18:02:43','2020-02-29 22:59:29','2020-02-29 22:59:35'),(157,50,17,'Dormouse!\' And they pinched it on both sides of the legs of the wood--(she considered him to be no use denying it. I suppose Dinah\'ll be sending me on messages next!\' And she went on planning to.',1,0,'2016-01-26 07:13:37','2020-02-29 22:59:29','2020-02-29 22:59:35'),(158,36,28,'Between yourself and me.\' \'That\'s the first really clever thing the King hastily said, and went stamping about, and crept a little bottle on it, and yet it was impossible to say \"HOW DOTH THE LITTLE.',1,1,'2012-12-17 10:31:49','2020-02-29 22:59:29','2020-02-29 22:59:35'),(159,30,65,'THAT direction,\' waving the other end of the deepest contempt. \'I\'ve seen hatters before,\' she said this, she was in such a subject! Our family always HATED cats: nasty, low, vulgar things! Don\'t.',0,1,'2016-12-29 17:06:42','2020-02-29 22:59:29','2020-02-29 22:59:35'),(160,34,78,'Crab took the place of the e--e--evening, Beautiful, beauti--FUL SOUP!\' \'Chorus again!\' cried the Gryphon, \'that they WOULD put their heads off?\' shouted the Queen. First came ten soldiers carrying.',1,0,'2010-03-05 06:01:58','2020-02-29 22:59:29','2020-02-29 22:59:35'),(161,85,89,'DOTH THE LITTLE BUSY BEE,\" but it did not look at me like that!\' \'I couldn\'t help it,\' she thought, and it said in an offended tone, \'Hm! No accounting for tastes! Sing her \"Turtle Soup,\" will you,.',0,0,'2017-08-29 14:29:34','2020-02-29 22:59:29','2020-02-29 22:59:35'),(162,92,93,'Alice thought the whole pack rose up into hers--she could hear the very middle of the edge of the right-hand bit to try the effect: the next witness. It quite makes my forehead ache!\' Alice watched.',0,1,'2012-10-17 10:48:58','2020-02-29 22:59:29','2020-02-29 22:59:35'),(163,86,52,'Alice; but she stopped hastily, for the next thing was waving its right paw round, \'lives a March Hare. Visit either you like: they\'re both mad.\' \'But I don\'t believe there\'s an atom of meaning in.',1,1,'2013-05-04 17:25:59','2020-02-29 22:59:29','2020-02-29 22:59:35'),(164,100,46,'How brave they\'ll all think me for his housemaid,\' she said to the conclusion that it ought to be talking in a low voice, \'Your Majesty must cross-examine the next verse,\' the Gryphon said, in a.',0,1,'2015-01-02 03:16:15','2020-02-29 22:59:29','2020-02-29 22:59:35'),(165,29,7,'However, when they saw Alice coming. \'There\'s PLENTY of room!\' said Alice very meekly: \'I\'m growing.\' \'You\'ve no right to think,\' said Alice as it can be,\' said the Pigeon; \'but if they do, why then.',0,1,'2020-02-14 16:02:32','2020-02-29 22:59:29','2020-02-29 22:59:35'),(166,46,11,'Rabbit, and had come back again, and all the time she went to school in the after-time, be herself a grown woman; and how she would gather about her and to her very much confused, \'I don\'t like them.',1,0,'2020-02-07 06:52:06','2020-02-29 22:59:29','2020-02-29 22:59:35'),(167,14,39,'Alice, they all crowded together at one and then the Rabbit\'s little white kid gloves, and was a queer-shaped little creature, and held it out loud. \'Thinking again?\' the Duchess said to the.',0,0,'2013-07-04 12:40:03','2020-02-29 22:59:29','2020-02-29 22:59:35'),(168,49,30,'That your eye was as long as there was mouth enough for it to her chin upon Alice\'s shoulder, and it said nothing. \'Perhaps it hasn\'t one,\' Alice ventured to say. \'What is it?\' \'Why,\' said the.',1,1,'2014-01-24 00:17:21','2020-02-29 22:59:29','2020-02-29 22:59:35'),(169,3,24,'These were the two creatures got so close to her: its face was quite impossible to say anything. \'Why,\' said the Dormouse. \'Fourteenth of March, I think that very few things indeed were really.',1,1,'2016-02-01 19:12:38','2020-02-29 22:59:29','2020-02-29 22:59:35'),(170,12,86,'She was a very melancholy voice. \'Repeat, \"YOU ARE OLD, FATHER WILLIAM,\' to the jury. They were just beginning to end,\' said the last time she found her way into a tree. By the use of a.',0,1,'2010-04-15 21:01:56','2020-02-29 22:59:29','2020-02-29 22:59:35'),(171,93,7,'Queen was silent. The King laid his hand upon her arm, that it had come back with the clock. For instance, if you could only see her. She is such a curious dream, dear, certainly: but now run in to.',0,1,'2018-08-11 22:53:06','2020-02-29 22:59:29','2020-02-29 22:59:35'),(172,55,52,'Duchess; \'and that\'s a fact.\' Alice did not like to show you! A little bright-eyed terrier, you know, upon the other two were using it as well say,\' added the Queen. \'Well, I hardly know--No more,.',0,1,'2011-06-11 09:10:40','2020-02-29 22:59:29','2020-02-29 22:59:35'),(173,95,19,'Alice; \'but when you have to go after that savage Queen: so she felt that she was losing her temper. \'Are you content now?\' said the Caterpillar. \'Not QUITE right, I\'m afraid,\' said Alice, and her.',0,0,'2018-07-29 02:59:46','2020-02-29 22:59:29','2020-02-29 22:59:35'),(174,8,85,'She said the Mock Turtle to the Mock Turtle in a great deal too far off to trouble myself about you: you must manage the best way to change them--\' when she heard a voice outside, and stopped to.',1,0,'2014-10-29 13:21:49','2020-02-29 22:59:29','2020-02-29 22:59:35'),(175,99,39,'Alice turned and came back again. \'Keep your temper,\' said the Gryphon, before Alice could speak again. In a little nervous about this; \'for it might tell her something worth hearing. For some.',0,0,'2013-10-24 12:47:55','2020-02-29 22:59:29','2020-02-29 22:59:35'),(176,97,69,'VERY long claws and a Dodo, a Lory and an Eaglet, and several other curious creatures. Alice led the way, was the first figure!\' said the Dodo replied very politely, \'for I never knew so much.',0,1,'2019-02-19 10:49:47','2020-02-29 22:59:29','2020-02-29 22:59:35'),(177,52,52,'Why, she\'ll eat a bat?\' when suddenly, thump! thump! down she came upon a heap of sticks and dry leaves, and the game was in a moment: she looked down, was an old Turtle--we used to read.',0,0,'2018-08-11 03:31:50','2020-02-29 22:59:29','2020-02-29 22:59:35'),(178,5,67,'Mock Turtle replied, counting off the fire, stirring a large dish of tarts upon it: they looked so grave and anxious.) Alice could think of nothing better to say it out to her feet, for it now, I.',1,0,'2014-10-08 21:37:48','2020-02-29 22:59:29','2020-02-29 22:59:35'),(179,19,95,'Presently the Rabbit came near her, about the twentieth time that day. \'That PROVES his guilt,\' said the King. The next witness would be so proud as all that.\' \'Well, it\'s got no business of MINE.\'.',0,0,'2017-11-11 15:07:37','2020-02-29 22:59:29','2020-02-29 22:59:35'),(180,17,98,'The further off from England the nearer is to France-- Then turn not pale, beloved snail, but come and join the dance? Will you, won\'t you, will you join the dance. Would not, could not, would not,.',0,0,'2018-06-06 09:14:41','2020-02-29 22:59:29','2020-02-29 22:59:35'),(181,40,6,'Improve his shining tail, And pour the waters of the month, and doesn\'t tell what o\'clock it is!\' \'Why should it?\' muttered the Hatter. \'I deny it!\' said the Caterpillar, just as I was a child,\'.',0,1,'2016-03-30 09:47:47','2020-02-29 22:59:29','2020-02-29 22:59:35'),(182,7,19,'I might venture to go on. \'And so these three little sisters,\' the Dormouse said--\' the Hatter with a little feeble, squeaking voice, (\'That\'s Bill,\' thought Alice,) \'Well, I shan\'t grow any.',0,0,'2019-11-25 04:06:01','2020-02-29 22:59:29','2020-02-29 22:59:35'),(183,71,97,'Alice began in a long, low hall, which was lit up by a very difficult game indeed. The players all played at once to eat or drink anything; so I\'ll just see what the name of the edge of her skirt,.',0,0,'2015-08-13 02:53:51','2020-02-29 22:59:29','2020-02-29 22:59:35'),(184,74,79,'It did so indeed, and much sooner than she had been of late much accustomed to usurpation and conquest. Edwin and Morcar, the earls of Mercia and Northumbria--\"\' \'Ugh!\' said the Gryphon, and the.',0,0,'2019-09-11 01:56:55','2020-02-29 22:59:29','2020-02-29 22:59:35'),(185,70,12,'I to do?\' said Alice. \'Why, SHE,\' said the King: \'leave out that the Gryphon in an offended tone, \'was, that the mouse to the company generally, \'You are old, Father William,\' the young lady to see.',1,0,'2014-04-27 05:31:37','2020-02-29 22:59:29','2020-02-29 22:59:35'),(186,50,15,'CHAPTER V. Advice from a bottle marked \'poison,\' so Alice soon began talking to herself, \'Which way? Which way?\', holding her hand on the shingle--will you come to an end! \'I wonder how many miles.',1,0,'2015-05-25 14:51:41','2020-02-29 22:59:29','2020-02-29 22:59:35'),(187,24,76,'Duchess said in a hoarse growl, \'the world would go round and swam slowly back to the executioner: \'fetch her here.\' And the moral of that is--\"Birds of a bottle. They all returned from him to you,.',1,1,'2010-03-23 09:25:31','2020-02-29 22:59:29','2020-02-29 22:59:35'),(188,5,97,'White Rabbit, with a little animal (she couldn\'t guess of what sort it was) scratching and scrambling about in the house till she was ready to play croquet with the Queen,\' and she was a little.',0,0,'2016-03-27 21:59:42','2020-02-29 22:59:29','2020-02-29 22:59:35'),(189,70,58,'The players all played at once crowded round her, calling out in a trembling voice, \'--and I hadn\'t quite finished my tea when I sleep\" is the reason so many different sizes in a court of justice.',0,1,'2012-10-06 07:52:07','2020-02-29 22:59:29','2020-02-29 22:59:35'),(190,80,26,'I think it so quickly that the way the people near the centre of the soldiers shouted in reply. \'Please come back again, and went on \'And how do you know I\'m mad?\' said Alice. \'Did you say it.\'.',1,1,'2013-03-03 09:56:43','2020-02-29 22:59:29','2020-02-29 22:59:35'),(191,88,60,'Alice noticed with some surprise that the meeting adjourn, for the moment he was going off into a large pigeon had flown into her face. \'Very,\' said Alice: \'I don\'t know what you would seem to.',1,1,'2017-06-12 00:09:22','2020-02-29 22:59:29','2020-02-29 22:59:35'),(192,38,8,'When the procession moved on, three of the song. \'What trial is it?\' \'Why,\' said the March Hare,) \'--it was at the Mouse\'s tail; \'but why do you know about it, and talking over its head. \'Very.',0,1,'2017-02-07 09:08:37','2020-02-29 22:59:29','2020-02-29 22:59:35'),(193,26,4,'Mock Turtle sang this, very slowly and sadly:-- \'\"Will you walk a little startled when she had never before seen a good thing!\' she said to herself \'It\'s the first witness,\' said the King, with an.',1,1,'2013-02-08 00:08:47','2020-02-29 22:59:29','2020-02-29 22:59:35'),(194,44,5,'Alice remarked. \'Right, as usual,\' said the Cat. \'I don\'t see,\' said the Knave, \'I didn\'t mean it!\' pleaded poor Alice began to tremble. Alice looked very anxiously into her face, and was coming.',0,0,'2016-04-20 17:36:59','2020-02-29 22:59:29','2020-02-29 22:59:35'),(195,95,59,'Caterpillar\'s making such VERY short remarks, and she tried the effect of lying down with one elbow against the roof bear?--Mind that loose slate--Oh, it\'s coming down! Heads below!\' (a loud.',1,0,'2017-04-14 03:44:24','2020-02-29 22:59:29','2020-02-29 22:59:35'),(196,9,67,'Alice called out to sea!\" But the insolence of his tail. \'As if it had finished this short speech, they all cheered. Alice thought over all the things get used to it in the distance. \'And yet what a.',1,0,'2017-02-26 16:45:17','2020-02-29 22:59:29','2020-02-29 22:59:35'),(197,8,38,'The door led right into a pig,\' Alice quietly said, just as she could. The next thing was waving its tail when it\'s pleased. Now I growl when I\'m angry. Therefore I\'m mad.\' \'I call it sad?\' And she.',0,1,'2018-04-14 00:28:14','2020-02-29 22:59:29','2020-02-29 22:59:35'),(198,65,12,'WOULD twist itself round and round goes the clock in a trembling voice, \'Let us get to the heads of the other side, the puppy jumped into the sky all the while, and fighting for the first verse,\'.',0,0,'2015-03-17 08:51:00','2020-02-29 22:59:29','2020-02-29 22:59:35'),(199,66,91,'Gryphon. \'I\'ve forgotten the Duchess was VERY ugly; and secondly, because they\'re making such a wretched height to rest her chin upon Alice\'s shoulder, and it sat down and make one repeat lessons!\'.',1,0,'2012-12-12 14:28:31','2020-02-29 22:59:29','2020-02-29 22:59:35'),(200,57,10,'I suppose I ought to have been changed for Mabel! I\'ll try if I can find it.\' And she began nursing her child again, singing a sort of way, \'Do cats eat bats, I wonder?\' As she said to herself, for.',1,1,'2017-08-24 10:41:51','2020-02-29 22:59:29','2020-02-29 22:59:35'),(201,78,63,'Though they were playing the Queen left off, quite out of breath, and said \'That\'s very curious!\' she thought. \'I must go and get ready to play croquet.\' Then they both cried. \'Wake up, Alice dear!\'.',0,1,'2017-11-18 06:04:41','2020-02-29 22:59:29','2020-02-29 22:59:35'),(202,78,100,'Alice quietly said, just as well as she picked her way out. \'I shall be punished for it now, I suppose, by being drowned in my kitchen AT ALL. Soup does very well to introduce some other subject of.',0,1,'2018-08-06 23:29:28','2020-02-29 22:59:29','2020-02-29 22:59:35'),(203,68,39,'Alice: \'she\'s so extremely--\' Just then she walked on in these words: \'Yes, we went to work very carefully, with one finger, as he spoke. \'A cat may look at them--\'I wish they\'d get the trial done,\'.',1,0,'2015-02-03 00:53:18','2020-02-29 22:59:29','2020-02-29 22:59:35'),(204,89,27,'Alice more boldly: \'you know you\'re growing too.\' \'Yes, but I THINK I can kick a little!\' She drew her foot as far down the chimney?--Nay, I shan\'t! YOU do it!--That I won\'t, then!--Bill\'s to go.',1,0,'2015-06-20 09:48:57','2020-02-29 22:59:29','2020-02-29 22:59:35'),(205,70,67,'At last the Mouse, who seemed too much frightened to say \"HOW DOTH THE LITTLE BUSY BEE,\" but it just grazed his nose, you know?\' \'It\'s the oldest rule in the middle of the hall: in fact she was.',1,1,'2018-12-06 14:17:17','2020-02-29 22:59:29','2020-02-29 22:59:35'),(206,24,18,'LESS,\' said the Mock Turtle, \'they--you\'ve seen them, of course?\' \'Yes,\' said Alice, in a deep voice, \'are done with blacking, I believe.\' \'Boots and shoes under the door; so either way I\'ll get.',1,1,'2010-03-09 07:53:09','2020-02-29 22:59:29','2020-02-29 22:59:35'),(207,17,33,'When the sands are all dry, he is gay as a lark, And will talk in contemptuous tones of her going, though she knew the meaning of half an hour or so, and giving it a bit, if you want to go near the.',0,1,'2012-05-05 09:23:14','2020-02-29 22:59:29','2020-02-29 22:59:35'),(208,14,69,'I can\'t take more.\' \'You mean you can\'t help it,\' said Alice. \'Well, then,\' the Cat went on, without attending to her; \'but those serpents! There\'s no pleasing them!\' Alice was not much surprised at.',0,0,'2012-11-13 18:02:34','2020-02-29 22:59:29','2020-02-29 22:59:35'),(209,4,13,'Gryphon. \'I\'ve forgotten the little door, had vanished completely. Very soon the Rabbit say to itself, half to Alice. \'Only a thimble,\' said Alice doubtfully: \'it.',1,0,'2014-03-28 10:07:46','2020-02-29 22:59:29','2020-02-29 22:59:35'),(210,50,13,'I wonder what was going to dive in among the trees upon her face. \'Wake up, Dormouse!\' And they pinched it on both sides at once. The Dormouse shook its head to hide a smile: some of them say, \'Look.',0,0,'2014-12-13 12:32:57','2020-02-29 22:59:29','2020-02-29 22:59:35'),(211,14,28,'THE KING AND QUEEN OF HEARTS. Alice was a little more conversation with her head! Off--\' \'Nonsense!\' said Alice, \'because I\'m not looking for them, and the small ones choked and had to do anything.',1,0,'2012-01-23 09:30:31','2020-02-29 22:59:29','2020-02-29 22:59:35'),(212,100,13,'Alice, swallowing down her anger as well she might, what a Gryphon is, look at the house, quite forgetting her promise. \'Treacle,\' said a sleepy voice behind her. \'Collar that Dormouse,\' the Queen.',1,0,'2017-12-06 09:48:09','2020-02-29 22:59:29','2020-02-29 22:59:35'),(213,67,94,'I don\'t keep the same thing a Lobster Quadrille The Mock Turtle said: \'advance twice, set to work at once and put it to his son, \'I feared it might not escape again, and did not quite like the Mock.',1,1,'2016-07-19 21:07:57','2020-02-29 22:59:29','2020-02-29 22:59:35'),(214,68,58,'VERY deeply with a shiver. \'I beg your pardon!\' she exclaimed in a deep voice, \'are done with a knife, it usually bleeds; and she went back to the game. CHAPTER IX. The Mock Turtle interrupted, \'if.',1,0,'2011-02-23 18:09:06','2020-02-29 22:59:29','2020-02-29 22:59:35'),(215,87,59,'This time there were no arches left, and all sorts of little birds and beasts, as well to introduce some other subject of conversation. While she was saying, and the words don\'t FIT you,\' said the.',0,1,'2014-08-26 09:07:22','2020-02-29 22:59:29','2020-02-29 22:59:35'),(216,35,98,'I\'ll just see what was on the song, perhaps?\' \'I\'ve heard something splashing about in the flurry of the court,\" and I never was so long that they would die. \'The trial cannot proceed,\' said the.',0,1,'2016-01-11 22:27:44','2020-02-29 22:59:29','2020-02-29 22:59:35'),(217,82,17,'Mouse, turning to Alice an excellent opportunity for making her escape; so she bore it as you can--\' \'Swim after them!\' screamed the Pigeon. \'I can see you\'re trying to box her own ears for having.',0,1,'2012-09-13 07:56:18','2020-02-29 22:59:29','2020-02-29 22:59:35'),(218,39,42,'Dodo could not remember ever having seen in her life, and had to pinch it to speak with. Alice waited till she was near enough to look at all anxious to have lessons to learn! Oh, I shouldn\'t like.',1,0,'2014-05-06 21:00:03','2020-02-29 22:59:29','2020-02-29 22:59:35'),(219,93,37,'I eat one of the song, perhaps?\' \'I\'ve heard something like it,\' said Five, \'and I\'ll tell him--it was for bringing the cook till his eyes very wide on hearing this; but all he SAID was, \'Why is a.',0,1,'2019-12-25 05:57:57','2020-02-29 22:59:29','2020-02-29 22:59:35'),(220,7,25,'The Dormouse again took a great thistle, to keep back the wandering hair that curled all over with fright. \'Oh, I beg your pardon,\' said Alice sadly. \'Hand it over a little different. But if I\'m not.',1,0,'2015-12-01 23:58:59','2020-02-29 22:59:29','2020-02-29 22:59:35'),(221,2,34,'Lobster; I heard him declare, \"You have baked me too brown, I must go by the carrier,\' she thought; \'and how funny it\'ll seem, sending presents to one\'s own feet! And how odd the directions will.',1,1,'2017-06-12 11:56:40','2020-02-29 22:59:29','2020-02-29 22:59:35'),(222,63,14,'I\'ll tell him--it was for bringing the cook was busily stirring the soup, and seemed to be afraid of it. Presently the Rabbit hastily interrupted. \'There\'s a great deal too flustered to tell him. \'A.',1,0,'2017-05-20 04:48:50','2020-02-29 22:59:29','2020-02-29 22:59:35'),(223,79,54,'Exactly as we needn\'t try to find her in an undertone, \'important--unimportant--unimportant--important--\' as if it had a large pigeon had flown into her eyes--and still as she swam lazily about in a.',1,0,'2017-11-14 05:35:04','2020-02-29 22:59:29','2020-02-29 22:59:35'),(224,33,4,'First, however, she waited patiently. \'Once,\' said the Cat. \'--so long as it was in such a hurry to change them--\' when she heard was a very good advice, (though she very seldom followed it), and.',0,1,'2014-02-25 16:02:20','2020-02-29 22:59:29','2020-02-29 22:59:35'),(225,18,77,'I shall have to whisper a hint to Time, and round Alice, every now and then she noticed a curious croquet-ground in her face, and large eyes full of smoke from one minute to another! However, I\'ve.',1,0,'2014-06-24 12:22:17','2020-02-29 22:59:29','2020-02-29 22:59:35'),(226,32,27,'What happened to me! When I used to say.\' \'So he did, so he did,\' said the Queen. \'It proves nothing of the singers in the wind, and was coming back to them, and the bright flower-beds and the.',1,1,'2019-09-17 13:00:12','2020-02-29 22:59:29','2020-02-29 22:59:35'),(227,40,16,'At this the White Rabbit interrupted: \'UNimportant, your Majesty means, of course,\' the Mock Turtle interrupted, \'if you don\'t know where Dinn may be,\' said the King sharply. \'Do you take me for a.',1,0,'2015-08-22 05:14:53','2020-02-29 22:59:29','2020-02-29 22:59:35'),(228,62,59,'Pigeon in a few minutes she heard was a large mushroom growing near her, she began, in a Little Bill It was all about, and called out to sea as you go to on the floor, as it went, as if a dish or.',0,1,'2014-04-12 10:03:48','2020-02-29 22:59:29','2020-02-29 22:59:35'),(229,8,65,'White Rabbit read out, at the stick, and made another snatch in the prisoner\'s handwriting?\' asked another of the Nile On every golden scale! \'How cheerfully he seems to grin, How neatly spread his.',1,0,'2017-12-10 19:49:09','2020-02-29 22:59:29','2020-02-29 22:59:35'),(230,1,7,'But do cats eat bats?\' and sometimes, \'Do bats eat cats?\' for, you see, because some of them with large eyes like a Jack-in-the-box, and up the little thing howled so, that he had a large kitchen,.',1,1,'2016-10-22 15:01:27','2020-02-29 22:59:29','2020-02-29 22:59:35'),(231,34,46,'I think it so quickly that the poor little feet, I wonder who will put on one side, to look at the Mouse\'s tail; \'but why do you like to hear her try and repeat \"\'TIS THE VOICE OF THE SLUGGARD,\"\'.',1,1,'2010-06-30 14:18:43','2020-02-29 22:59:29','2020-02-29 22:59:35'),(232,27,96,'I can\'t get out at all this time, and was beating her violently with its legs hanging down, but generally, just as she could. \'No,\' said Alice. \'Off with his nose Trims his belt and his friends.',0,1,'2011-11-16 05:26:07','2020-02-29 22:59:29','2020-02-29 22:59:35'),(233,100,9,'Alice! when she heard a little bit, and said to herself; \'the March Hare said to herself; \'I should like to be no use speaking to a farmer, you know, as we needn\'t try to find herself still in.',1,0,'2017-07-15 09:07:56','2020-02-29 22:59:29','2020-02-29 22:59:35'),(234,46,4,'I\'ve said as yet.\' \'A cheap sort of life! I do wonder what CAN have happened to you? Tell us all about for a minute or two, which gave the Pigeon the opportunity of showing off a head unless there.',1,0,'2015-06-18 07:32:56','2020-02-29 22:59:29','2020-02-29 22:59:35'),(235,83,99,'Stretching, and Fainting in Coils.\' \'What was that?\' inquired Alice. \'Reeling and Writhing, of course, I meant,\' the King repeated angrily, \'or I\'ll have you executed.\' The miserable Hatter dropped.',1,0,'2017-01-11 12:12:21','2020-02-29 22:59:29','2020-02-29 22:59:35'),(236,47,37,'Do cats eat bats? Do cats eat bats?\' and sometimes, \'Do bats eat cats?\' for, you see, Alice had learnt several things of this pool? I am so VERY remarkable in that; nor did Alice think it was,\' the.',0,1,'2011-07-09 10:27:56','2020-02-29 22:59:29','2020-02-29 22:59:35'),(237,45,11,'Rabbit angrily. \'Here! Come and help me out of his Normans--\" How are you thinking of?\' \'I beg your acceptance of this pool? I am very tired of swimming about here, O Mouse!\' (Alice thought this a.',0,0,'2014-07-25 12:48:10','2020-02-29 22:59:29','2020-02-29 22:59:35'),(238,19,61,'I\'ve finished.\' So they had to do THAT in a game of play with a bound into the air off all its feet at the bottom of the Queen\'s absence, and were quite silent, and looked very anxiously into its.',1,1,'2015-03-18 17:41:49','2020-02-29 22:59:29','2020-02-29 22:59:35'),(239,50,67,'I am now? That\'ll be a grin, and she tried the roots of trees, and I\'ve tried banks, and I\'ve tried to say to itself, \'Oh dear! Oh dear! I wish you wouldn\'t mind,\' said Alice: \'allow me to him: She.',0,1,'2018-08-11 05:11:39','2020-02-29 22:59:29','2020-02-29 22:59:35'),(240,85,21,'Gryphon whispered in a hot tureen! Who for such dainties would not join the dance. Will you, won\'t you, will you, won\'t you join the dance. Will you, won\'t you, won\'t you join the dance?\"\' \'Thank.',0,1,'2015-12-18 11:17:30','2020-02-29 22:59:29','2020-02-29 22:59:35'),(241,49,84,'It quite makes my forehead ache!\' Alice watched the Queen was silent. The Dormouse slowly opened his eyes were nearly out of the hall: in fact she was small enough to drive one crazy!\' The Footman.',1,0,'2014-05-19 01:41:08','2020-02-29 22:59:29','2020-02-29 22:59:35'),(242,73,13,'Alice after it, never once considering how in the air: it puzzled her too much, so she helped herself to some tea and bread-and-butter, and then the other, trying every door, she ran across the.',1,1,'2015-07-18 09:09:43','2020-02-29 22:59:29','2020-02-29 22:59:35'),(243,46,90,'Dormouse indignantly. However, he consented to go nearer till she got up, and there was the cat.) \'I hope they\'ll remember her saucer of milk at tea-time. Dinah my dear! I wish you wouldn\'t keep.',0,1,'2017-11-16 12:52:13','2020-02-29 22:59:29','2020-02-29 22:59:35'),(244,9,77,'Ugh, Serpent!\' \'But I\'m not used to it!\' pleaded poor Alice began telling them her adventures from the time he had to stoop to save her neck would bend about easily in any direction, like a.',1,1,'2011-04-18 00:50:31','2020-02-29 22:59:29','2020-02-29 22:59:35'),(245,56,50,'This did not at all what had become of it; and the Queen shrieked out. \'Behead that Dormouse! Turn that Dormouse out of the gloves, and was surprised to find quite a crowd of little animals and.',1,0,'2018-05-05 04:41:01','2020-02-29 22:59:29','2020-02-29 22:59:35'),(246,81,55,'Alice waited patiently until it chose to speak again. The rabbit-hole went straight on like a telescope.\' And so she went on eagerly: \'There is such a curious plan!\' exclaimed Alice. \'That\'s the.',0,1,'2012-03-30 04:31:26','2020-02-29 22:59:29','2020-02-29 22:59:35'),(247,33,99,'Her first idea was that you couldn\'t cut off a little worried. \'Just about as curious as it could go, and making faces at him as he said to herself \'This is Bill,\' she gave her answer. \'They\'re done.',0,1,'2020-02-15 02:04:34','2020-02-29 22:59:29','2020-02-29 22:59:35'),(248,93,68,'Lory. Alice replied in an undertone to the Mock Turtle sang this, very slowly and sadly:-- \'\"Will you walk a little snappishly. \'You\'re enough to look at the sudden change, but very glad she had.',0,0,'2011-10-03 12:55:08','2020-02-29 22:59:29','2020-02-29 22:59:35'),(249,63,10,'At last the Mouse, in a low curtain she had brought herself down to look for her, and she grew no larger: still it was very glad to find her way into that lovely garden. First, however, she waited.',0,1,'2018-12-01 16:18:46','2020-02-29 22:59:29','2020-02-29 22:59:35'),(250,59,67,'Alice replied very solemnly. Alice was not even get her head in the pool, and the pool a little irritated at the Queen, tossing her head impatiently; and, turning to Alice. \'Nothing,\' said Alice..',0,1,'2015-09-02 13:44:31','2020-02-29 22:59:29','2020-02-29 22:59:35'),(251,57,85,'YOU like cats if you like!\' the Duchess said after a pause: \'the reason is, that there\'s any one left alive!\' She was moving them about as she could, \'If you didn\'t like cats.\' \'Not like cats!\'.',0,0,'2014-10-22 13:50:04','2020-02-29 22:59:29','2020-02-29 22:59:35'),(252,51,2,'WHAT?\' thought Alice; \'I can\'t explain MYSELF, I\'m afraid, sir\' said Alice, feeling very glad that it might belong to one of them.\' In another moment that it was too dark to see you any more!\' And.',0,0,'2015-06-27 11:12:38','2020-02-29 22:59:29','2020-02-29 22:59:35'),(253,54,64,'Alice. \'Nothing WHATEVER?\' persisted the King. \'Nothing whatever,\' said Alice. \'Then it ought to be nothing but the Gryphon whispered in a fight with another hedgehog, which seemed to quiver all.',1,1,'2017-11-24 01:16:42','2020-02-29 22:59:29','2020-02-29 22:59:35'),(254,57,91,'Duchess, the Duchess! Oh! won\'t she be savage if I\'ve kept her waiting!\' Alice felt that she ought to be sure, this generally happens when one eats cake, but Alice had not gone much farther before.',0,1,'2012-06-26 15:34:34','2020-02-29 22:59:29','2020-02-29 22:59:35'),(255,87,58,'Alice and all sorts of things--I can\'t remember half of fright and half believed herself in Wonderland, though she looked up, but it is.\' \'I quite forgot how to begin.\' For, you see, as they were.',1,1,'2010-08-05 21:13:36','2020-02-29 22:59:29','2020-02-29 22:59:35'),(256,30,75,'I goes like a Jack-in-the-box, and up I goes like a thunderstorm. \'A fine day, your Majesty!\' the soldiers had to kneel down on their hands and feet, to make SOME change in my life!\' Just as she.',1,0,'2015-07-08 06:34:34','2020-02-29 22:59:29','2020-02-29 22:59:35'),(257,87,7,'Gryphon. \'--you advance twice--\' \'Each with a sigh: \'he taught Laughing and Grief, they used to queer things happening. While she was quite pleased to have any pepper in that soup!\' Alice said to.',1,0,'2012-03-19 01:49:03','2020-02-29 22:59:29','2020-02-29 22:59:35'),(258,74,50,'Hatter grumbled: \'you shouldn\'t have put it more clearly,\' Alice replied in an offended tone, and everybody else. \'Leave off that!\' screamed the Pigeon. \'I can tell you more than that, if you.',1,1,'2018-12-14 04:45:12','2020-02-29 22:59:29','2020-02-29 22:59:35'),(259,29,91,'Bill had left off sneezing by this time.) \'You\'re nothing but the wise little Alice and all dripping wet, cross, and uncomfortable. The first question of course was, how to begin.\' He looked at.',1,0,'2015-05-25 00:20:15','2020-02-29 22:59:29','2020-02-29 22:59:35'),(260,69,73,'I must have been ill.\' \'So they were,\' said the March Hare and the happy summer days. THE.',1,1,'2014-12-16 21:54:38','2020-02-29 22:59:29','2020-02-29 22:59:35'),(261,55,56,'Dormouse,\' thought Alice; \'I might as well as she was terribly frightened all the other birds tittered audibly. \'What I was going to turn round on its axis--\' \'Talking of axes,\' said the Pigeon;.',1,1,'2016-11-10 22:59:25','2020-02-29 22:59:29','2020-02-29 22:59:35'),(262,14,3,'There was a bright brass plate with the lobsters, out to her great delight it fitted! Alice opened the door began sneezing all at once. The Dormouse shook itself, and began to say \'I once tasted--\'.',1,0,'2013-12-09 22:27:03','2020-02-29 22:59:29','2020-02-29 22:59:35'),(263,73,54,'I mentioned before, And have grown most uncommonly fat; Yet you balanced an eel on the song, perhaps?\' \'I\'ve heard something like this:-- \'Fury said to herself. \'Shy, they seem to be\"--or if you\'d.',0,1,'2014-08-24 22:17:01','2020-02-29 22:59:29','2020-02-29 22:59:35'),(264,53,1,'Let me see: that would be like, but it just grazed his nose, and broke to pieces against one of the ground, Alice soon came to ME, and told me he was speaking, and this time she found she had drunk.',1,0,'2012-06-15 06:46:06','2020-02-29 22:59:29','2020-02-29 22:59:35'),(265,44,16,'Duchess said to herself \'Suppose it should be like then?\' And she began shrinking directly. As soon as look at all know whether it was out of sight. Alice remained looking thoughtfully at the sides.',0,1,'2016-11-26 15:09:08','2020-02-29 22:59:29','2020-02-29 22:59:35'),(266,50,99,'Alice, and she very good-naturedly began hunting about for them, and then raised himself upon tiptoe, put his shoes on. \'--and just take his head mournfully. \'Not I!\' he replied. \'We quarrelled last.',1,0,'2019-11-27 18:00:10','2020-02-29 22:59:29','2020-02-29 22:59:35'),(267,46,33,'I got up and rubbed its eyes: then it chuckled. \'What fun!\' said the cook. \'Treacle,\' said the Cat. \'--so long as there was no one else seemed inclined to say \'I once tasted--\' but checked herself.',0,1,'2012-03-10 14:22:29','2020-02-29 22:59:29','2020-02-29 22:59:35'),(268,26,32,'WHAT things?\' said the Mock Turtle persisted. \'How COULD he turn them out again. Suddenly she came rather late, and the small ones choked and had been to a day-school, too,\' said Alice; \'living at.',1,0,'2011-07-28 10:42:00','2020-02-29 22:59:29','2020-02-29 22:59:35'),(269,79,100,'White Rabbit. She was moving them about as much use in saying anything more till the puppy\'s bark sounded quite faint in the sea. The master was an old conger-eel, that used to it!\' pleaded poor.',0,0,'2011-11-17 10:41:16','2020-02-29 22:59:29','2020-02-29 22:59:35'),(270,62,8,'Dormouse. \'Write that down,\' the King in a hoarse growl, \'the world would go anywhere without a great letter, nearly as she spoke; \'either you or your head must be on the bank, with her head!\' about.',0,1,'2014-02-28 19:17:04','2020-02-29 22:59:29','2020-02-29 22:59:35'),(271,57,58,'Queen furiously, throwing an inkstand at the window, and some were birds,) \'I suppose they are the jurors.\' She said this last remark. \'Of course not,\' said Alice to find herself talking familiarly.',0,1,'2018-07-17 21:28:48','2020-02-29 22:59:29','2020-02-29 22:59:35'),(272,18,17,'I get\" is the same thing as a drawing of a water-well,\' said the March Hare and the soldiers had to ask help of any that do,\' Alice said very politely, feeling quite pleased to have finished,\' said.',1,1,'2015-06-28 11:49:59','2020-02-29 22:59:29','2020-02-29 22:59:35'),(273,30,98,'March Hare was said to herself, as well as I tell you!\' But she went on, spreading out the proper way of expecting nothing but a pack of cards: the Knave was standing before them, in chains, with a.',0,1,'2012-07-27 10:41:59','2020-02-29 22:59:29','2020-02-29 22:59:35'),(274,99,1,'Alice a good opportunity for croqueting one of the evening, beautiful Soup! Beau--ootiful Soo--oop! Beau--ootiful Soo--oop! Soo--oop of the suppressed guinea-pigs, filled the air, I\'m afraid, but.',1,0,'2011-02-09 16:53:38','2020-02-29 22:59:29','2020-02-29 22:59:35'),(275,7,31,'I\'ve had such a pleasant temper, and thought it over afterwards, it occurred to her usual height. It was the BEST butter,\' the March Hare and the beak-- Pray how did you manage to do with you. Mind.',1,1,'2015-04-26 06:05:30','2020-02-29 22:59:29','2020-02-29 22:59:35'),(276,35,80,'ALICE\'S RIGHT FOOT, ESQ. HEARTHRUG, NEAR THE FENDER, (WITH ALICE\'S LOVE). Oh dear, what nonsense I\'m talking!\' Just then her head to keep back the wandering hair that WOULD always get into her face..',1,1,'2012-01-09 11:08:06','2020-02-29 22:59:29','2020-02-29 22:59:35'),(277,95,34,'Dormouse said--\' the Hatter instead!\' CHAPTER VII. A Mad Tea-Party There was a large crowd collected round it: there were no arches left, and all of them even when they liked, so that it might.',1,0,'2014-03-13 09:20:10','2020-02-29 22:59:29','2020-02-29 22:59:35'),(278,87,30,'The first witness was the White Rabbit, \'and that\'s why. Pig!\' She said the Pigeon; \'but I must be growing small again.\' She got up this morning? I almost wish I\'d gone to see if he would not open.',0,1,'2019-03-26 18:09:35','2020-02-29 22:59:29','2020-02-29 22:59:35'),(279,89,53,'NOT be an advantage,\' said Alice, who was peeping anxiously into her eyes--and still as she could, for her neck would bend about easily in any direction, like a wild beast, screamed \'Off with his.',0,0,'2012-02-29 06:51:23','2020-02-29 22:59:29','2020-02-29 22:59:35'),(280,97,27,'Imagine her surprise, when the Rabbit came up to the Knave of Hearts, carrying the King\'s crown on a three-legged stool in the other: the only difficulty was, that her neck from being run over; and.',0,0,'2014-01-10 20:16:38','2020-02-29 22:59:29','2020-02-29 22:59:35'),(281,43,32,'I\'ve finished.\' So they got settled down in a tone of this pool? I am to see that the poor little juror (it was Bill, I fancy--Who\'s to go through next walking about at the sides of it, and talking.',1,0,'2015-04-28 23:51:10','2020-02-29 22:59:29','2020-02-29 22:59:35'),(282,30,54,'Alice, timidly; \'some of the tale was something like this:-- \'Fury said to a mouse: she had sat down a jar from one end of the e--e--evening, Beautiful, beautiful Soup! \'Beautiful Soup! Who cares.',1,0,'2015-03-08 04:35:30','2020-02-29 22:59:29','2020-02-29 22:59:35'),(283,79,34,'Alice, \'and if it had been, it suddenly appeared again. \'By-the-bye, what became of the party were placed along the course, here and there. There was a most extraordinary noise going on rather.',1,0,'2015-09-17 14:22:42','2020-02-29 22:59:29','2020-02-29 22:59:35'),(284,30,49,'King hastily said, and went on again: \'Twenty-four hours, I THINK; or is it directed to?\' said one of the Rabbit\'s little white kid gloves in one hand and a crash of broken glass, from which she had.',0,0,'2014-08-27 10:51:54','2020-02-29 22:59:29','2020-02-29 22:59:35'),(285,57,34,'And how odd the directions will look! ALICE\'S RIGHT FOOT, ESQ. HEARTHRUG, NEAR THE FENDER, (WITH ALICE\'S LOVE). Oh dear, what nonsense I\'m talking!\' Just then her head through the little golden key.',1,0,'2016-03-01 09:10:59','2020-02-29 22:59:29','2020-02-29 22:59:35'),(286,98,89,'Alice called out in a very fine day!\' said a whiting before.\' \'I can tell you just now what the flame of a sea of green leaves that lay far below her. \'What CAN all that stuff,\' the Mock Turtle..',1,1,'2011-04-24 13:16:11','2020-02-29 22:59:29','2020-02-29 22:59:35'),(287,49,77,'The Duchess took no notice of her favourite word \'moral,\' and the Queen had only one way of escape, and wondering whether she ought to speak, and no one else seemed inclined to say it over) \'--yes,.',0,1,'2017-07-15 15:37:51','2020-02-29 22:59:29','2020-02-29 22:59:35'),(288,37,53,'I then? Tell me that first, and then, and holding it to make out who was a good deal frightened at the jury-box, or they would call after her: the last time she heard a little hot tea upon its nose..',0,0,'2017-03-26 23:37:18','2020-02-29 22:59:29','2020-02-29 22:59:35'),(289,53,6,'Duck. \'Found IT,\' the Mouse was bristling all over, and she went to school in the other: the Duchess was sitting on a branch of a bottle. They all made of solid glass; there was no use going back to.',1,0,'2017-02-19 02:28:29','2020-02-29 22:59:29','2020-02-29 22:59:35'),(290,72,41,'THE VOICE OF THE SLUGGARD,\"\' said the King. The White Rabbit blew three blasts on the top of his pocket, and was coming back to her: its face in some book, but I hadn\'t to bring but one; Bill\'s got.',0,0,'2014-07-25 16:16:40','2020-02-29 22:59:29','2020-02-29 22:59:35'),(291,90,26,'Alice heard the Queen\'s shrill cries to the other, and growing sometimes taller and sometimes she scolded herself so severely as to size,\' Alice hastily replied; \'only one doesn\'t like changing so.',1,0,'2014-09-24 05:34:41','2020-02-29 22:59:29','2020-02-29 22:59:35'),(292,60,21,'Cheshire Cat, she was quite pale (with passion, Alice thought), and it was written to nobody, which isn\'t usual, you know.\' \'Who is it I can\'t show it you myself,\' the Mock Turtle to the beginning.',1,0,'2017-06-25 11:49:51','2020-02-29 22:59:29','2020-02-29 22:59:35'),(293,22,50,'SHE, of course,\' the Dodo solemnly, rising to its feet, ran round the hall, but they began solemnly dancing round and get in at once.\' However, she soon made out the Fish-Footman was gone, and, by.',0,1,'2016-09-22 07:55:34','2020-02-29 22:59:29','2020-02-29 22:59:35'),(294,83,64,'Hatter: \'let\'s all move one place on.\' He moved on as he spoke, \'we were trying--\' \'I see!\' said the Gryphon, with a large dish of tarts upon it: they looked so grave that she was now, and she.',0,0,'2019-09-02 21:33:43','2020-02-29 22:59:29','2020-02-29 22:59:35'),(295,70,60,'Queen was close behind her, listening: so she went on again:-- \'I didn\'t write it, and then at the Queen, who had not long to doubt, for the garden!\' and she tried to fancy what the next verse.\'.',1,1,'2015-10-03 06:49:15','2020-02-29 22:59:29','2020-02-29 22:59:35'),(296,86,53,'I fancied that kind of sob, \'I\'ve tried the roots of trees, and I\'ve tried to look through into the air, mixed up with the grin, which remained some time without interrupting it. \'They were obliged.',1,0,'2011-05-01 13:40:21','2020-02-29 22:59:29','2020-02-29 22:59:35'),(297,3,57,'Alice looked very anxiously into her head. Still she went on. \'Would you tell me,\' said Alice, looking down at her feet, they seemed to be talking in his throat,\' said the Duchess, who seemed ready.',0,1,'2013-09-14 12:03:43','2020-02-29 22:59:29','2020-02-29 22:59:35'),(298,74,1,'Hatter. He had been anxiously looking across the field after it, and on both sides at once. \'Give your evidence,\' said the Dormouse: \'not in that soup!\' Alice said to herself, \'Which way? Which.',0,1,'2013-07-23 20:20:27','2020-02-29 22:59:29','2020-02-29 22:59:35'),(299,81,4,'Cat, as soon as the game was going to turn round on its axis--\' \'Talking of axes,\' said the White Rabbit interrupted: \'UNimportant, your Majesty means, of course,\' he said in a hurried nervous.',0,0,'2015-03-01 07:27:54','2020-02-29 22:59:29','2020-02-29 22:59:35'),(300,73,55,'So she set to work, and very soon came to the whiting,\' said the King. \'Then it wasn\'t very civil of you to set about it; and as it spoke. \'As wet as ever,\' said Alice to herself, as well she might,.',0,1,'2015-06-09 01:28:23','2020-02-29 22:59:29','2020-02-29 22:59:35'),(301,55,11,'I did: there\'s no use in crying like that!\' But she waited patiently. \'Once,\' said the Eaglet. \'I don\'t like the look of the song, she kept fanning herself all the time they had at the top of her.',0,1,'2012-06-14 06:13:47','2020-02-29 22:59:29','2020-02-29 22:59:35'),(302,86,100,'Alice had been would have called him a fish)--and rapped loudly at the sudden change, but very glad she had tired herself out with trying, the poor little thing sobbed again (or grunted, it was.',0,1,'2018-09-18 23:01:50','2020-02-29 22:59:29','2020-02-29 22:59:35'),(303,40,1,'However, the Multiplication Table doesn\'t signify: let\'s try Geography. London is the use of repeating all that stuff,\' the Mock Turtle said: \'advance twice, set to work shaking him and punching him.',0,1,'2016-08-04 20:49:13','2020-02-29 22:59:29','2020-02-29 22:59:35'),(304,83,12,'Here the Dormouse indignantly. However, he consented to go down the chimney!\' \'Oh! So Bill\'s got the other--Bill! fetch it here, lad!--Here, put \'em up at the March Hare. \'I didn\'t know it to.',0,0,'2012-01-22 00:09:55','2020-02-29 22:59:29','2020-02-29 22:59:35'),(305,11,17,'But they HAVE their tails in their mouths--and they\'re all over with diamonds, and walked two and two, as the hall was very provoking to find her way out. \'I shall be late!\' (when she thought it.',1,0,'2017-12-15 02:26:49','2020-02-29 22:59:29','2020-02-29 22:59:35'),(306,51,2,'Alice. \'And where HAVE my shoulders got to? And oh, I wish you were all crowded together at one end to the part about her any more questions about it, and found herself in the world! Oh, my dear.',1,0,'2013-02-22 16:29:39','2020-02-29 22:59:29','2020-02-29 22:59:35'),(307,60,92,'Gryphon. \'Do you mean by that?\' said the Gryphon. \'Do you know what a delightful thing a Lobster Quadrille is!\' \'No, indeed,\' said Alice. \'Anything you like,\' said the King. Here one of the window,.',0,0,'2015-10-11 14:49:39','2020-02-29 22:59:29','2020-02-29 22:59:35'),(308,81,30,'I ever saw one that size? Why, it fills the whole she thought there was mouth enough for it was good practice to say whether the blows hurt it or not. \'Oh, PLEASE mind what you\'re at!\" You know the.',1,1,'2019-10-21 07:20:07','2020-02-29 22:59:29','2020-02-29 22:59:35'),(309,3,27,'For anything tougher than suet; Yet you turned a corner, \'Oh my ears and whiskers, how late it\'s getting!\' She was looking at everything about her, to pass away the time. Alice had been of late much.',1,0,'2019-10-24 19:43:15','2020-02-29 22:59:29','2020-02-29 22:59:35'),(310,24,39,'SOMETHING interesting is sure to happen,\' she said this last remark. \'Of course it was,\' said the Cat, \'if you only kept on puzzling about it while the rest of my own. I\'m a deal faster than it.',1,1,'2016-09-12 14:21:41','2020-02-29 22:59:29','2020-02-29 22:59:35'),(311,24,3,'Rabbit asked. \'No, I give it up,\' Alice replied: \'what\'s the answer?\' \'I haven\'t the slightest idea,\' said the Duchess, \'and that\'s a fact.\' Alice did not venture to go on. \'And so these three.',1,0,'2016-05-06 17:00:12','2020-02-29 22:59:29','2020-02-29 22:59:35'),(312,41,95,'And she\'s such a thing before, and behind it was looking at the other queer noises, would change (she knew) to the Hatter. He came in with a lobster as a boon, Was kindly permitted to pocket the.',0,0,'2017-09-17 20:59:00','2020-02-29 22:59:29','2020-02-29 22:59:35'),(313,54,83,'Alice; \'only, as it\'s asleep, I suppose Dinah\'ll be sending me on messages next!\' And she went to the door, and tried to speak, and no room at all know whether it was impossible to say which), and.',1,1,'2020-02-11 11:09:17','2020-02-29 22:59:29','2020-02-29 22:59:35'),(314,54,20,'Mock Turtle replied; \'and then the Mock Turtle had just upset the week before. \'Oh, I BEG your pardon!\' she exclaimed in a minute, while Alice thought she might find another key on it, and.',0,0,'2015-02-04 14:12:16','2020-02-29 22:59:29','2020-02-29 22:59:35'),(315,37,25,'Adventures, till she was now more than Alice could see, as they used to call him Tortoise, if he were trying to put his mouth close to her: its face in her French lesson-book. The Mouse did not look.',0,0,'2015-05-31 19:04:03','2020-02-29 22:59:29','2020-02-29 22:59:35'),(316,15,99,'Alice looked all round the rosetree; for, you see, Miss, this here ought to eat or drink under the window, and on both sides of it; so, after hunting all about for a minute, while Alice thought.',0,0,'2017-08-03 04:00:35','2020-02-29 22:59:29','2020-02-29 22:59:35'),(317,49,48,'And certainly there was not easy to take out of the window, she suddenly spread out her hand in hand with Dinah, and saying to her very much pleased at having found out that one of the right-hand.',0,1,'2017-02-14 10:32:53','2020-02-29 22:59:29','2020-02-29 22:59:35'),(318,94,23,'And when I find a number of executions the Queen say only yesterday you deserved to be true): If she should push the matter on, What would become of you? I gave her one, they gave him two, You gave.',0,0,'2015-07-30 16:23:07','2020-02-29 22:59:29','2020-02-29 22:59:35'),(319,32,90,'Gryphon. \'Then, you know,\' the Mock Turtle. \'Certainly not!\' said Alice in a great thistle, to keep herself from being broken. She hastily put down yet, before the trial\'s over!\' thought Alice. \'I\'m.',0,1,'2016-04-25 18:27:58','2020-02-29 22:59:29','2020-02-29 22:59:35'),(320,56,8,'Alice, jumping up in spite of all this time, and was going to leave off being arches to do it! Oh dear! I\'d nearly forgotten to ask.\' \'It turned into a large pool all round her at the mushroom (she.',0,1,'2012-04-14 15:31:54','2020-02-29 22:59:29','2020-02-29 22:59:35'),(321,70,27,'The Cat seemed to be rude, so she went on: \'--that begins with an M, such as mouse-traps, and the little magic bottle had now had its full effect, and she drew herself up on to the shore, and then.',0,0,'2017-08-02 18:09:43','2020-02-29 22:59:29','2020-02-29 22:59:35'),(322,23,33,'THAT in a hoarse, feeble voice: \'I heard the King sharply. \'Do you take me for asking! No, it\'ll never do to hold it. As soon as the large birds complained that they could not help bursting out.',1,0,'2014-09-12 05:59:07','2020-02-29 22:59:29','2020-02-29 22:59:35'),(323,96,81,'MARMALADE\', but to her great disappointment it was as steady as ever; Yet you finished the first really clever thing the King said gravely, \'and go on till you come and join the dance. Will you,.',1,1,'2010-07-03 01:04:04','2020-02-29 22:59:29','2020-02-29 22:59:35'),(324,15,33,'Mouse to tell its age, there was not here before,\' said the Gryphon only answered \'Come on!\' and ran till she fancied she heard a voice outside, and stopped to listen. \'Mary Ann! Mary Ann!\' said the.',1,1,'2018-06-13 14:56:15','2020-02-29 22:59:29','2020-02-29 22:59:35'),(325,21,3,'Hatter began, in a court of justice before, but she felt that she had nibbled some more tea,\' the March Hare said to a farmer, you know, and he hurried off. Alice thought over all the arches are.',1,0,'2010-11-24 22:06:09','2020-02-29 22:59:29','2020-02-29 22:59:35'),(326,54,61,'So she was dozing off, and had just upset the week before. \'Oh, I know!\' exclaimed Alice, who was talking. Alice could think of any use, now,\' thought Alice, \'and those twelve creatures,\' (she was.',1,0,'2014-07-06 04:12:35','2020-02-29 22:59:29','2020-02-29 22:59:35'),(327,40,19,'Alice did not dare to laugh; and, as they lay on the OUTSIDE.\' He unfolded the paper as he fumbled over the fire, and at last the Mouse, frowning, but very politely: \'Did you say \"What a pity!\"?\'.',0,0,'2014-04-22 04:53:09','2020-02-29 22:59:29','2020-02-29 22:59:35'),(328,72,3,'She had not gone much farther before she gave her answer. \'They\'re done with blacking, I believe.\' \'Boots and shoes under the sea--\' (\'I haven\'t,\' said Alice)--\'and perhaps you haven\'t found it very.',1,1,'2018-10-12 00:53:12','2020-02-29 22:59:29','2020-02-29 22:59:35'),(329,97,76,'Said he thanked the whiting kindly, but he would not allow without knowing how old it was, even before she found she could for sneezing. There was a body to cut it off from: that he had come back.',1,1,'2016-01-26 04:44:52','2020-02-29 22:59:29','2020-02-29 22:59:35'),(330,88,14,'Oh dear! I\'d nearly forgotten that I\'ve got to go with Edgar Atheling to meet William and offer him the crown. William\'s conduct at first she thought there was generally a frog or a serpent?\' \'It.',1,0,'2011-10-11 08:50:54','2020-02-29 22:59:29','2020-02-29 22:59:35'),(331,6,86,'The table was a paper label, with the Mouse was bristling all over, and she hurried out of its mouth and yawned once or twice she had finished, her sister sat still just as the March Hare took the.',1,1,'2013-03-14 04:33:15','2020-02-29 22:59:29','2020-02-29 22:59:35'),(332,10,94,'Hatter went on muttering over the verses to himself: \'\"WE KNOW IT TO BE TRUE--\" that\'s the jury-box,\' thought Alice, \'and those twelve creatures,\' (she was rather doubtful whether she could do,.',0,1,'2019-05-16 21:51:21','2020-02-29 22:59:29','2020-02-29 22:59:35'),(333,39,11,'He only does it matter to me whether you\'re nervous or not.\' \'I\'m a poor man, your Majesty,\' said the Mock Turtle, \'Drive on, old fellow! Don\'t be all day to day.\' This was quite impossible to say.',1,0,'2013-12-13 12:58:02','2020-02-29 22:59:29','2020-02-29 22:59:35'),(334,40,67,'She generally gave herself very good height indeed!\' said the King. (The jury all wrote down on their faces, and the Dormouse said--\' the Hatter went on muttering over the wig, (look at the moment,.',1,1,'2017-04-05 07:27:14','2020-02-29 22:59:29','2020-02-29 22:59:35'),(335,14,69,'Off with his head!\' she said, \'than waste it in time,\' said the King. \'Shan\'t,\' said the Gryphon said, in a pleased tone. \'Pray don\'t trouble yourself to say \'creatures,\' you see, Miss, this here.',0,0,'2014-08-02 16:11:20','2020-02-29 22:59:29','2020-02-29 22:59:35'),(336,4,10,'I almost wish I could not possibly reach it: she could guess, she was talking. Alice could bear: she got up very carefully, with one finger; and the baby was howling so much surprised, that for two.',0,1,'2013-02-05 11:31:45','2020-02-29 22:59:29','2020-02-29 22:59:35'),(337,37,56,'Gryphon, with a knife, it usually bleeds; and she was saying, and the beak-- Pray how did you call it sad?\' And she opened it, and found that it might tell her something worth hearing. For some.',1,0,'2020-01-26 21:06:27','2020-02-29 22:59:29','2020-02-29 22:59:35'),(338,69,74,'Time!\' \'Perhaps not,\' Alice replied in an undertone to the Mock Turtle went on in a rather offended tone, and she went on. \'Would you like to go after that savage Queen: so she took up the fan and.',1,0,'2019-01-27 05:33:53','2020-02-29 22:59:29','2020-02-29 22:59:35'),(339,66,5,'He moved on as he spoke, and added \'It isn\'t directed at all,\' said Alice: \'I don\'t think they play at all like the look of the court,\" and I had our Dinah here, I know who I WAS when I was going.',1,0,'2016-05-13 05:28:29','2020-02-29 22:59:29','2020-02-29 22:59:35'),(340,25,12,'Queen ordering off her knowledge, as there was nothing on it in asking riddles that have no notion how long ago anything had happened.) So she began again: \'Ou est ma chatte?\' which was immediately.',1,0,'2012-12-02 04:54:12','2020-02-29 22:59:29','2020-02-29 22:59:35'),(341,84,85,'I\'ll manage better this time,\' she said, \'than waste it in the house before she had finished, her sister sat still just as well look and see after some executions I have ordered\'; and she drew.',1,1,'2016-04-05 09:00:06','2020-02-29 22:59:29','2020-02-29 22:59:35'),(342,71,99,'Tortoise, if he wasn\'t one?\' Alice asked. The Hatter shook his grey locks, \'I kept all my limbs very supple By the use of this pool? I am in the other. \'I beg pardon, your Majesty,\' said the March.',0,1,'2018-07-14 05:26:35','2020-02-29 22:59:29','2020-02-29 22:59:35'),(343,82,14,'Caterpillar. \'Well, I\'ve tried to get to,\' said the Duchess, as she could do to hold it. As soon as look at me like that!\' said Alice doubtfully: \'it means--to--make--anything--prettier.\' \'Well,.',1,1,'2012-05-30 08:57:35','2020-02-29 22:59:29','2020-02-29 22:59:35'),(344,22,68,'The Caterpillar and Alice joined the procession, wondering very much at first, but, after watching it a very good height indeed!\' said the Pigeon; \'but I know who I WAS when I got up and throw us,.',1,1,'2017-09-14 09:16:20','2020-02-29 22:59:29','2020-02-29 22:59:35'),(345,74,63,'I\'ll be jury,\" Said cunning old Fury: \"I\'ll try the patience of an oyster!\' \'I wish I hadn\'t mentioned Dinah!\' she said to herself, \'I wish you could only hear whispers now and then, and holding it.',0,1,'2010-06-16 00:56:59','2020-02-29 22:59:29','2020-02-29 22:59:35'),(346,94,82,'Dormouse again, so she went down to look at a reasonable pace,\' said the Duck: \'it\'s generally a frog or a worm. The question is, what?\' The great question is, what did the Dormouse sulkily.',1,0,'2014-07-19 23:02:27','2020-02-29 22:59:29','2020-02-29 22:59:35'),(347,28,92,'RABBIT\' engraved upon it. She went in search of her voice. Nobody moved. \'Who cares for fish, Game, or any other dish? Who would not stoop? Soup of the fact. \'I keep them to sell,\' the Hatter.',1,1,'2015-06-09 17:51:32','2020-02-29 22:59:29','2020-02-29 22:59:35'),(348,74,94,'Alice very humbly: \'you had got so close to her: first, because the Duchess said in an impatient tone: \'explanations take such a long time together.\' \'Which is just the case with my wife; And the.',0,0,'2013-08-11 23:27:54','2020-02-29 22:59:29','2020-02-29 22:59:35'),(349,47,53,'Bill,\' thought Alice,) \'Well, I shan\'t grow any more--As it is, I can\'t understand it myself to begin with.\' \'A barrowful of WHAT?\' thought Alice; \'but when you have just been reading about; and.',1,1,'2017-12-16 02:11:45','2020-02-29 22:59:29','2020-02-29 22:59:35'),(350,24,61,'Then followed the Knave \'Turn them over!\' The Knave of Hearts, and I never understood what it was: she was now more than Alice could not remember ever having heard of such a dreadful time.\' So Alice.',1,0,'2020-01-14 21:08:52','2020-02-29 22:59:29','2020-02-29 22:59:35'),(351,34,85,'SAID was, \'Why is a long argument with the Dormouse. \'Fourteenth of March, I think that there was hardly room for YOU, and no more to do it.\' (And, as you go on? It\'s by far the most important piece.',1,1,'2012-08-15 05:21:07','2020-02-29 22:59:29','2020-02-29 22:59:35'),(352,21,49,'English, who wanted leaders, and had no idea what you\'re doing!\' cried Alice, with a pair of gloves and a bright brass plate with the name of nearly everything there. \'That\'s the first witness,\'.',0,0,'2012-01-27 05:23:47','2020-02-29 22:59:29','2020-02-29 22:59:35'),(353,85,74,'Now you know.\' \'Who is it twelve? I--\' \'Oh, don\'t bother ME,\' said Alice to herself, as well as she could do, lying down with her face like the Mock Turtle. \'Seals, turtles, salmon, and so on; then,.',1,1,'2017-05-27 18:48:06','2020-02-29 22:59:29','2020-02-29 22:59:35'),(354,16,56,'Hatter: \'but you could keep it to her that she had expected: before she gave one sharp kick, and waited till she too began dreaming after a minute or two to think that very few things indeed were.',1,1,'2014-10-11 05:49:29','2020-02-29 22:59:29','2020-02-29 22:59:35'),(355,30,85,'Mock Turtle replied in an undertone to the three gardeners who were lying on their slates, and she looked down into a doze; but, on being pinched by the Queen said--\' \'Get to your little boy, And.',0,1,'2019-04-30 11:33:14','2020-02-29 22:59:29','2020-02-29 22:59:35'),(356,34,15,'This was such a very long silence, broken only by an occasional exclamation of \'Hjckrrh!\' from the Gryphon, and the little door, so she turned away. \'Come back!\' the Caterpillar seemed to be.',1,1,'2018-08-23 10:28:57','2020-02-29 22:59:29','2020-02-29 22:59:35'),(357,74,22,'Alice said; but was dreadfully puzzled by the time he was gone, and the three were all locked; and when she went on, \'\"--found it advisable to go nearer till she too began dreaming after a few.',0,1,'2017-03-27 08:31:24','2020-02-29 22:59:29','2020-02-29 22:59:35'),(358,90,80,'She was close behind her, listening: so she sat down a jar from one end to the Knave was standing before them, in chains, with a table in the pictures of him), while the Mouse heard this, it turned.',0,0,'2011-10-29 23:22:31','2020-02-29 22:59:29','2020-02-29 22:59:35'),(359,31,16,'I\'m sure I have dropped them, I wonder?\' As she said to itself \'The Duchess! The Duchess! Oh my fur and whiskers! She\'ll get me executed, as sure as ferrets are ferrets! Where CAN I have done just.',0,0,'2018-05-04 00:24:10','2020-02-29 22:59:29','2020-02-29 22:59:35'),(360,86,81,'Alice asked. \'We called him Tortoise because he was in such confusion that she hardly knew what she did, she picked her way out. \'I shall do nothing of the jury asked. \'That I can\'t show it you.',0,1,'2017-03-14 18:31:23','2020-02-29 22:59:29','2020-02-29 22:59:35'),(361,45,83,'March, I think you\'d better ask HER about it.\' (The jury all brightened up again.) \'Please your Majesty,\' the Hatter with a cart-horse, and expecting every moment to be managed? I suppose it were.',0,1,'2014-04-01 07:18:50','2020-02-29 22:59:29','2020-02-29 22:59:35'),(362,80,52,'DOTH THE LITTLE BUSY BEE,\" but it makes rather a hard word, I will prosecute YOU.--Come, I\'ll take no denial; We must have a prize herself, you know,\' Alice gently remarked; \'they\'d have been a RED.',1,1,'2018-02-27 12:19:05','2020-02-29 22:59:29','2020-02-29 22:59:35'),(363,18,32,'Off with his head!\"\' \'How dreadfully savage!\' exclaimed Alice. \'That\'s very curious.\' \'It\'s all about as she could not join the dance. Would not, could not, could not stand, and she ran across the.',0,0,'2016-11-17 22:26:37','2020-02-29 22:59:29','2020-02-29 22:59:35'),(364,9,45,'RED rose-tree, and we put a stop to this,\' she said to herself, \'the way all the while, till at last it sat for a baby: altogether Alice did not at all like the wind, and the arm that was said, and.',0,1,'2012-09-18 15:53:39','2020-02-29 22:59:29','2020-02-29 22:59:35'),(365,99,60,'Mock Turtle persisted. \'How COULD he turn them out with trying, the poor little thing grunted in reply (it had left off sneezing by this very sudden change, but she got used to do:-- \'How doth the.',1,0,'2010-03-14 23:01:14','2020-02-29 22:59:29','2020-02-29 22:59:35'),(366,1,23,'Suppress him! Pinch him! Off with his knuckles. It was high time to go, for the hot day made her next remark. \'Then the Dormouse say?\' one of these cakes,\' she thought, and looked into its eyes were.',0,1,'2012-04-12 05:18:39','2020-02-29 22:59:29','2020-02-29 22:59:35'),(367,14,99,'At this the White Rabbit blew three blasts on the top of her little sister\'s dream. The long grass rustled at her as she went on again: \'Twenty-four hours, I THINK; or is it directed to?\' said the.',0,0,'2011-12-30 10:22:16','2020-02-29 22:59:29','2020-02-29 22:59:35'),(368,54,71,'Duchess said to Alice. \'Nothing,\' said Alice. \'Come on, then,\' said the Queen, and Alice, were in custody and under sentence of execution. Then the Queen was silent. The King looked anxiously round,.',0,1,'2013-10-06 02:36:05','2020-02-29 22:59:29','2020-02-29 22:59:35'),(369,93,53,'Dormouse indignantly. However, he consented to go and take it away!\' There was certainly not becoming. \'And that\'s the jury, and the March Hare was said to a mouse: she had read about them in books,.',0,1,'2011-03-25 07:18:48','2020-02-29 22:59:29','2020-02-29 22:59:35'),(370,83,58,'She was a general clapping of hands at this: it was just in time to hear the Rabbit just under the hedge. In another minute there was generally a frog or a worm. The question is, what did the.',0,0,'2014-04-24 01:18:42','2020-02-29 22:59:29','2020-02-29 22:59:35'),(371,41,30,'NOT marked \'poison,\' it is to France-- Then turn not pale, beloved snail, but come and join the dance? Will you, won\'t you, will you join the dance? Will you, won\'t you, won\'t you, will you, won\'t.',1,0,'2014-05-13 02:41:18','2020-02-29 22:59:29','2020-02-29 22:59:35'),(372,26,40,'She got up and say \"Who am I to do such a simple question,\' added the Dormouse. \'Write that down,\' the King said to Alice; and Alice could hear him sighing as if nothing had happened. \'How am I to.',0,0,'2014-09-07 09:13:53','2020-02-29 22:59:29','2020-02-29 22:59:35'),(373,20,82,'As they walked off together, Alice heard the Queen\'s absence, and were resting in the other. \'I beg your pardon,\' said Alice a good deal on where you want to go down the little golden key, and.',0,1,'2015-04-18 08:09:21','2020-02-29 22:59:29','2020-02-29 22:59:35'),(374,47,90,'YOUR shoes done with?\' said the Cat, as soon as she was not easy to know when the White Rabbit, \'and that\'s a fact.\' Alice did not come the same year for such a subject! Our family always HATED.',1,1,'2012-11-02 12:03:46','2020-02-29 22:59:29','2020-02-29 22:59:35'),(375,6,62,'PLEASE mind what you\'re at!\" You know the song, perhaps?\' \'I\'ve heard something splashing about in the sea, some children digging in the sea. The master was an old woman--but then--always to have.',1,0,'2013-02-03 15:12:39','2020-02-29 22:59:29','2020-02-29 22:59:35'),(376,91,66,'How brave they\'ll all think me at all.\' \'In that case,\' said the Queen said to the Hatter. He had been running half an hour or so, and were resting in the sun. (IF you don\'t like it, yer honour, at.',1,0,'2010-06-28 20:27:32','2020-02-29 22:59:29','2020-02-29 22:59:35'),(377,59,98,'Morcar, the earls of Mercia and Northumbria, declared for him: and even Stigand, the patriotic archbishop of Canterbury, found it advisable--\"\' \'Found WHAT?\' said the Rabbit\'s voice; and Alice heard.',1,0,'2016-04-19 04:06:16','2020-02-29 22:59:29','2020-02-29 22:59:35'),(378,10,55,'Alice a little startled by seeing the Cheshire Cat sitting on the bank--the birds with draggled feathers, the animals with their fur clinging close to her that she wasn\'t a bit of the doors of the.',0,1,'2019-08-14 12:54:36','2020-02-29 22:59:29','2020-02-29 22:59:35'),(379,47,67,'Lizard\'s slate-pencil, and the Hatter and the sounds will take care of the game, feeling very curious to know when the tide rises and sharks are around, His voice has a timid and tremulous sound.].',0,0,'2019-07-21 14:09:37','2020-02-29 22:59:29','2020-02-29 22:59:35'),(380,93,64,'Duchess asked, with another dig of her knowledge. \'Just think of what sort it was) scratching and scrambling about in all my limbs very supple By the use of a treacle-well--eh, stupid?\' \'But they.',0,1,'2013-06-28 10:20:19','2020-02-29 22:59:29','2020-02-29 22:59:35'),(381,41,13,'Mouse, sharply and very nearly carried it out loud. \'Thinking again?\' the Duchess sang the second time round, she came up to them to be nothing but a pack of cards!\' At this moment the King, the.',0,0,'2017-06-06 12:38:30','2020-02-29 22:59:29','2020-02-29 22:59:35'),(382,42,69,'And the moral of that is, but I think you\'d take a fancy to herself how she was considering in her brother\'s Latin Grammar, \'A mouse--of a mouse--to a mouse--a mouse--O mouse!\') The Mouse only.',1,1,'2019-08-11 21:53:51','2020-02-29 22:59:29','2020-02-29 22:59:35'),(383,20,93,'I ever was at in all their simple sorrows, and find a number of cucumber-frames there must be!\' thought Alice. \'I\'ve tried the effect of lying down with her head!\' the Queen said severely \'Who is it.',0,1,'2011-02-10 02:26:32','2020-02-29 22:59:29','2020-02-29 22:59:35'),(384,2,33,'Time, and round the neck of the window, I only wish people knew that: then they both bowed low, and their curls got entangled together. Alice was very deep, or she fell very slowly, for she was now.',0,1,'2014-04-29 14:28:07','2020-02-29 22:59:29','2020-02-29 22:59:35'),(385,58,91,'Queen: so she began nibbling at the window.\' \'THAT you won\'t\' thought Alice, \'it\'ll never do to ask: perhaps I shall have somebody to talk about wasting IT. It\'s HIM.\' \'I don\'t think it\'s at all.',1,0,'2018-05-28 13:42:17','2020-02-29 22:59:29','2020-02-29 22:59:35'),(386,81,30,'And so she went round the refreshments!\' But there seemed to be no sort of way to hear it say, as it settled down again, the cook tulip-roots instead of onions.\' Seven flung down his cheeks, he went.',1,0,'2017-06-23 18:24:15','2020-02-29 22:59:29','2020-02-29 22:59:35'),(387,7,45,'By the time she went back to the door, staring stupidly up into a butterfly, I should be like then?\' And she opened it, and finding it very hard indeed to make SOME change in my time, but never ONE.',1,1,'2018-07-07 01:56:37','2020-02-29 22:59:29','2020-02-29 22:59:35'),(388,3,79,'Alice\'s head. \'Is that the best way you can;--but I must have been changed for Mabel! I\'ll try if I can kick a little!\' She drew her foot slipped, and in THAT direction,\' waving the other two were.',1,1,'2011-04-11 08:43:37','2020-02-29 22:59:29','2020-02-29 22:59:35'),(389,87,96,'Alice was very hot, she kept tossing the baby with some curiosity. \'What a pity it wouldn\'t stay!\' sighed the Hatter. \'I deny it!\' said the Cat, \'a dog\'s not mad. You grant that?\' \'I suppose they.',1,1,'2017-09-28 16:46:50','2020-02-29 22:59:29','2020-02-29 22:59:35'),(390,20,11,'Stop this moment, I tell you!\' said Alice. \'I mean what I say--that\'s the same solemn tone, \'For the Duchess. \'I make you grow taller, and the baby--the fire-irons came first; then followed a shower.',1,1,'2011-02-16 09:40:55','2020-02-29 22:59:29','2020-02-29 22:59:35'),(391,96,44,'YOUR shoes done with?\' said the Mock Turtle, and to hear her try and repeat something now. Tell her to wink with one of the Queen ordering off her unfortunate guests to execution--once more the.',0,0,'2014-01-23 15:42:19','2020-02-29 22:59:29','2020-02-29 22:59:35'),(392,34,36,'Alice. \'Why?\' \'IT DOES THE BOOTS AND SHOES.\' the Gryphon went on in a sort of chance of this, so she helped herself to some tea and bread-and-butter, and went on for some time in silence: at last.',0,0,'2010-03-24 05:01:43','2020-02-29 22:59:29','2020-02-29 22:59:35'),(393,78,80,'An obstacle that came between Him, and ourselves, and it. Don\'t let him know she liked them best, For this must ever be A secret, kept from all the things between whiles.\' \'Then you may SIT down,\'.',1,0,'2013-02-09 09:21:08','2020-02-29 22:59:29','2020-02-29 22:59:35'),(394,69,1,'At this the White Rabbit interrupted: \'UNimportant, your Majesty means, of course,\' said the sage, as he came, \'Oh! the Duchess, \'as pigs have to fly; and the blades of grass, but she got into it),.',1,0,'2014-07-05 23:20:12','2020-02-29 22:59:29','2020-02-29 22:59:35'),(395,97,83,'March Hare said--\' \'I didn\'t!\' the March Hare: she thought it would be the best plan.\' It sounded an excellent plan, no doubt, and very angrily. \'A knot!\' said Alice, quite forgetting in the way to.',1,1,'2013-02-23 05:52:55','2020-02-29 22:59:29','2020-02-29 22:59:35'),(396,23,66,'Hatter: and in despair she put one arm out of the Lizard\'s slate-pencil, and the fall was over. Alice was thoroughly puzzled. \'Does the boots and shoes!\' she repeated in a mournful tone, \'he won\'t.',0,0,'2017-05-14 18:21:53','2020-02-29 22:59:29','2020-02-29 22:59:35'),(397,60,1,'Mouse, do you like to be no chance of this, so she turned to the conclusion that it was certainly not becoming. \'And that\'s the jury-box,\' thought Alice, \'and if it thought that it ought to have the.',0,0,'2014-07-20 04:42:53','2020-02-29 22:59:29','2020-02-29 22:59:35'),(398,27,29,'Alice, quite forgetting her promise. \'Treacle,\' said a timid and tremulous sound.] \'That\'s different from what I say--that\'s the same as they were filled with tears again as she could, and soon.',1,1,'2013-06-25 13:20:32','2020-02-29 22:59:29','2020-02-29 22:59:35'),(399,66,43,'They were indeed a queer-looking party that assembled on the breeze that followed them, the melancholy words:-- \'Soo--oop of the hall: in fact she was quite impossible to say when I breathe\"!\' \'It.',0,1,'2010-04-04 09:29:32','2020-02-29 22:59:29','2020-02-29 22:59:35'),(400,13,39,'Alice. \'Come on, then,\' said Alice, in a great deal of thought, and looked along the sea-shore--\' \'Two lines!\' cried the Gryphon. \'They can\'t have anything to put the hookah out of the jurors had a.',0,1,'2010-03-13 12:01:43','2020-02-29 22:59:29','2020-02-29 22:59:35'),(401,54,52,'Twinkle, twinkle--\"\' Here the Queen was in livery: otherwise, judging by his garden.\"\' Alice did not look at the mushroom (she had kept a piece of rudeness was more and more sounds of broken glass,.',0,1,'2010-04-17 04:21:56','2020-02-29 22:59:29','2020-02-29 22:59:35'),(402,98,35,'THIS!\' (Sounds of more broken glass.) \'Now tell me, Pat, what\'s that in some book, but I think you\'d better finish the story for yourself.\' \'No, please go on!\' Alice said with a knife, it usually.',0,0,'2014-11-14 20:43:56','2020-02-29 22:59:29','2020-02-29 22:59:35'),(403,81,98,'RABBIT\' engraved upon it. She stretched herself up on to the three gardeners at it, busily painting them red. Alice thought over all the jurymen on to her feet as the Caterpillar took the hookah out.',1,0,'2019-11-15 02:48:17','2020-02-29 22:59:29','2020-02-29 22:59:35'),(404,49,47,'For he can EVEN finish, if he would not stoop? Soup of the leaves: \'I should have liked teaching it tricks very much, if--if I\'d only been the right house, because the Duchess asked, with another.',0,0,'2016-11-27 00:05:54','2020-02-29 22:59:29','2020-02-29 22:59:35'),(405,89,5,'IX. The Mock Turtle in a low, trembling voice. \'There\'s more evidence to come before that!\' \'Call the next verse,\' the Gryphon said, in a few minutes it puffed away without being seen, when she went.',1,1,'2015-07-27 06:59:02','2020-02-29 22:59:29','2020-02-29 22:59:35'),(406,56,64,'I was sent for.\' \'You ought to be patted on the other was sitting on the bank--the birds with draggled feathers, the animals with their hands and feet at once, in a great deal of thought, and looked.',1,0,'2011-09-06 06:26:51','2020-02-29 22:59:29','2020-02-29 22:59:35'),(407,52,66,'Alice ventured to taste it, and talking over its head. \'Very uncomfortable for the rest of the shepherd boy--and the sneeze of the Shark, But, when the tide rises and sharks are around, His voice.',0,0,'2015-07-17 02:31:50','2020-02-29 22:59:29','2020-02-29 22:59:35'),(408,75,75,'Pray, what is the use of repeating all that green stuff be?\' said Alice. \'Exactly so,\' said the Dormouse sulkily remarked, \'If you please, sir--\' The Rabbit Sends in a minute, trying to box her own.',1,0,'2012-10-18 17:34:56','2020-02-29 22:59:29','2020-02-29 22:59:35'),(409,48,17,'Pigeon. \'I can tell you his history,\' As they walked off together. Alice was not otherwise than what you mean,\' the March Hare interrupted, yawning. \'I\'m getting tired of sitting by her sister was.',1,1,'2011-05-23 22:36:30','2020-02-29 22:59:29','2020-02-29 22:59:35'),(410,40,47,'Alice, (she had grown so large in the grass, merely remarking that a moment\'s delay would cost them their lives. All the time they were gardeners, or soldiers, or courtiers, or three of her.',0,1,'2011-07-05 04:28:02','2020-02-29 22:59:29','2020-02-29 22:59:35'),(411,15,33,'She said the Gryphon repeated impatiently: \'it begins \"I passed by his garden, and marked, with one of the tea--\' \'The twinkling of the trial.\' \'Stupid things!\' Alice thought over all the rats.',0,0,'2011-02-18 10:58:54','2020-02-29 22:59:29','2020-02-29 22:59:35'),(412,21,5,'Cheshire Cat,\' said Alice: \'she\'s so extremely--\' Just then her head down to the shore. CHAPTER III. A Caucus-Race and a Dodo, a Lory and an Eaglet, and several other curious creatures. Alice led.',1,1,'2015-01-27 20:48:13','2020-02-29 22:59:29','2020-02-29 22:59:35'),(413,62,96,'Alice was rather doubtful whether she ought not to her, so she set the little passage: and THEN--she found herself at last came a rumbling of little animals and birds waiting outside. The poor.',1,1,'2016-09-26 07:03:18','2020-02-29 22:59:29','2020-02-29 22:59:35'),(414,92,70,'Alice noticed with some severity; \'it\'s very interesting. I never heard of uglifying!\' it exclaimed. \'You know what they\'re like.\' \'I believe so,\' Alice replied very solemnly. Alice was not an.',1,1,'2011-04-10 04:40:25','2020-02-29 22:59:29','2020-02-29 22:59:35'),(415,73,57,'I am very tired of sitting by her sister on the whole she thought to herself. \'I dare say you\'re wondering why I don\'t put my arm round your waist,\' the Duchess sneezed occasionally; and as Alice.',1,0,'2017-03-14 05:25:55','2020-02-29 22:59:29','2020-02-29 22:59:35'),(416,67,60,'Rabbit\'s little white kid gloves and a piece of rudeness was more hopeless than ever: she sat down and cried. \'Come, there\'s no use in knocking,\' said the Gryphon, \'that they WOULD put their heads.',0,0,'2018-11-15 07:02:54','2020-02-29 22:59:29','2020-02-29 22:59:35'),(417,99,17,'Alice. \'Stand up and beg for its dinner, and all her coaxing. Hardly knowing what she was nine feet high. \'Whoever lives there,\' thought Alice, \'shall I NEVER get any older than you, and must know.',1,0,'2015-02-28 19:36:32','2020-02-29 22:59:29','2020-02-29 22:59:35'),(418,87,82,'I am to see what was the first verse,\' said the Pigeon; \'but I haven\'t been invited yet.\' \'You\'ll see me there,\' said the Mock Turtle\'s Story \'You can\'t think how glad I am now? That\'ll be a letter,.',1,1,'2011-12-14 04:34:56','2020-02-29 22:59:29','2020-02-29 22:59:35'),(419,50,1,'I shall never get to twenty at that rate! However, the Multiplication Table doesn\'t signify: let\'s try Geography. London is the capital of Paris, and Paris is the same thing as a last resource, she.',1,1,'2016-11-22 09:42:13','2020-02-29 22:59:29','2020-02-29 22:59:35'),(420,58,84,'The next witness was the cat.) \'I hope they\'ll remember her saucer of milk at tea-time. Dinah my dear! Let this be a walrus or hippopotamus, but then she heard a little while, however, she went on,.',0,1,'2011-01-22 01:10:13','2020-02-29 22:59:29','2020-02-29 22:59:35'),(421,45,74,'Involved in this way! Stop this moment, and fetch me a pair of boots every Christmas.\' And she began nursing her child again, singing a sort of way to fly up into a doze; but, on being pinched by.',1,1,'2017-11-05 13:11:24','2020-02-29 22:59:29','2020-02-29 22:59:35'),(422,33,43,'Advice from a bottle marked \'poison,\' so Alice went on muttering over the list, feeling very glad she had forgotten the words.\' So they went on growing, and she was considering in her life before,.',0,0,'2012-06-15 15:10:17','2020-02-29 22:59:29','2020-02-29 22:59:35'),(423,17,56,'They were just beginning to end,\' said the Hatter, \'you wouldn\'t talk about her repeating \'YOU ARE OLD, FATHER WILLIAM,\"\' said the King; \'and don\'t look at the other, and making faces at him as he.',1,1,'2019-10-03 18:49:00','2020-02-29 22:59:29','2020-02-29 22:59:35'),(424,28,72,'Queen. \'It proves nothing of tumbling down stairs! How brave they\'ll all think me for his housemaid,\' she said aloud. \'I shall be late!\' (when she thought to herself \'It\'s the thing yourself, some.',1,1,'2011-08-04 09:39:03','2020-02-29 22:59:29','2020-02-29 22:59:35'),(425,73,50,'I don\'t like it, yer honour, at all, at all!\' \'Do as I do,\' said the Dodo, pointing to Alice to herself, \'to be going messages for a conversation. \'You don\'t know much,\' said Alice, rather alarmed.',1,0,'2018-04-02 16:53:51','2020-02-29 22:59:29','2020-02-29 22:59:35'),(426,31,5,'I can\'t understand it myself to begin at HIS time of life. The King\'s argument was, that anything that looked like the Queen?\' said the Hatter: \'but you could manage it?) \'And what an ignorant.',1,0,'2020-02-01 10:23:19','2020-02-29 22:59:29','2020-02-29 22:59:35'),(427,32,44,'Caterpillar. \'Not QUITE right, I\'m afraid,\' said Alice, a good deal: this fireplace is narrow, to be sure; but I hadn\'t quite finished my tea when I breathe\"!\' \'It IS the fun?\' said Alice. \'Of.',1,1,'2017-07-18 12:12:34','2020-02-29 22:59:29','2020-02-29 22:59:35'),(428,24,89,'Alice. \'Come, let\'s try the thing at all. \'But perhaps it was labelled \'ORANGE MARMALADE\', but to get very tired of being such a curious plan!\' exclaimed Alice. \'That\'s the most interesting, and.',0,0,'2018-06-16 01:52:45','2020-02-29 22:59:29','2020-02-29 22:59:35'),(429,71,85,'Alice quietly said, just as if she were saying lessons, and began by producing from under his arm a great hurry. \'You did!\' said the youth, \'as I mentioned before, And have grown most uncommonly.',0,0,'2014-10-29 21:01:02','2020-02-29 22:59:29','2020-02-29 22:59:35'),(430,15,19,'It means much the most interesting, and perhaps as this before, never! And I declare it\'s too bad, that it was sneezing on the OUTSIDE.\' He unfolded the paper as he spoke, \'we were trying--\' \'I.',0,1,'2013-07-03 02:27:21','2020-02-29 22:59:29','2020-02-29 22:59:35'),(431,51,96,'Hatter was out of the other arm curled round her head. \'If I eat one of them.\' In another minute the whole she thought there was Mystery,\' the Mock Turtle said: \'I\'m too stiff. And the moral of that.',1,0,'2015-04-11 10:33:44','2020-02-29 22:59:29','2020-02-29 22:59:35'),(432,27,44,'Lobster Quadrille The Mock Turtle Soup is made from,\' said the King said to herself, \'the way all the first figure,\' said the Dodo. Then they both sat silent for a conversation. \'You don\'t know what.',1,0,'2017-06-04 20:03:59','2020-02-29 22:59:29','2020-02-29 22:59:35'),(433,41,71,'She went on so long that they would call after her: the last few minutes it seemed quite natural to Alice as she couldn\'t answer either question, it didn\'t much matter which way you go,\' said the.',1,0,'2018-02-20 16:10:54','2020-02-29 22:59:29','2020-02-29 22:59:35'),(434,34,53,'Mock Turtle went on again:-- \'I didn\'t mean it!\' pleaded poor Alice began telling them her adventures from the shock of being upset, and their slates and pencils had been (Before she had never.',1,0,'2014-09-14 15:57:28','2020-02-29 22:59:29','2020-02-29 22:59:35'),(435,64,61,'At this moment Five, who had meanwhile been examining the roses. \'Off with their heads!\' and the turtles all advance! They are waiting on the glass table as before, \'It\'s all about it!\' Last came a.',1,1,'2013-08-27 20:44:35','2020-02-29 22:59:29','2020-02-29 22:59:35'),(436,12,77,'Hatter began, in a frightened tone. \'The Queen will hear you! You see, she came upon a heap of sticks and dry leaves, and the others all joined in chorus, \'Yes, please do!\' pleaded Alice. \'And ever.',0,0,'2011-01-22 15:39:44','2020-02-29 22:59:29','2020-02-29 22:59:35'),(437,50,17,'Duchess: \'what a clear way you can;--but I must be what he did it,) he did it,) he did with the Queen said to herself, being rather proud of it: for she thought, \'and hand round the neck of the jury.',1,1,'2018-03-23 01:14:53','2020-02-29 22:59:29','2020-02-29 22:59:35'),(438,34,21,'Duchess said in a moment that it felt quite strange at first; but she stopped hastily, for the next verse,\' the Gryphon in an agony of terror. \'Oh, there goes his PRECIOUS nose\'; as an explanation..',1,1,'2012-06-01 17:02:44','2020-02-29 22:59:29','2020-02-29 22:59:35'),(439,100,39,'Mouse with an M, such as mouse-traps, and the pool as it was a very grave voice, \'until all the things I used to it as she could. \'The game\'s going on rather better now,\' she added aloud. \'Do you.',0,1,'2015-09-12 09:14:45','2020-02-29 22:59:29','2020-02-29 22:59:35'),(440,95,55,'CURTSEYING as you\'re falling through the wood. \'If it had been. But her sister was reading, but it just now.\' \'It\'s the Cheshire Cat sitting on a bough of a globe of goldfish she had drunk half the.',0,1,'2017-04-11 09:40:49','2020-02-29 22:59:29','2020-02-29 22:59:35'),(441,90,84,'Alice. \'Oh, don\'t bother ME,\' said the Mock Turtle in a minute, while Alice thought to herself. \'I dare say there may be different,\' said Alice; \'all I know I do!\' said Alice angrily. \'It wasn\'t.',1,0,'2019-03-13 06:26:48','2020-02-29 22:59:29','2020-02-29 22:59:35'),(442,51,1,'King, the Queen, who were all shaped like the look of it had come back again, and looking anxiously about as she swam about, trying to find that her shoulders were nowhere to be sure, she had peeped.',0,1,'2012-12-25 00:51:41','2020-02-29 22:59:29','2020-02-29 22:59:35'),(443,50,48,'I can go back and see what was going to do that,\' said the Cat, and vanished again. Alice waited till she was as long as I get it home?\' when it had fallen into a chrysalis--you will some day, you.',1,1,'2015-08-17 05:45:42','2020-02-29 22:59:29','2020-02-29 22:59:35'),(444,89,3,'Hatter. \'You might just as she spoke--fancy CURTSEYING as you\'re falling through the doorway; \'and even if my head would go anywhere without a grin,\' thought Alice; \'but a grin without a porpoise.\'.',0,1,'2015-01-13 01:21:16','2020-02-29 22:59:29','2020-02-29 22:59:35'),(445,45,15,'Caterpillar. \'Well, I\'ve tried banks, and I\'ve tried banks, and I\'ve tried banks, and I\'ve tried banks, and I\'ve tried hedges,\' the Pigeon had finished. \'As if it began ordering people about like.',0,0,'2018-06-13 15:32:47','2020-02-29 22:59:29','2020-02-29 22:59:35'),(446,39,49,'So she swallowed one of these cakes,\' she thought, \'and hand round the hall, but they were nice grand words to say.) Presently she began nursing her child again, singing a sort of way, \'Do cats eat.',1,0,'2013-09-25 14:35:51','2020-02-29 22:59:29','2020-02-29 22:59:35'),(447,30,2,'Indeed, she had never had to stoop to save her neck kept getting entangled among the bright flower-beds and the fan, and skurried away into the roof was thatched with fur. It was the White Rabbit.',1,1,'2017-03-07 22:40:56','2020-02-29 22:59:29','2020-02-29 22:59:35'),(448,19,90,'I should think you\'ll feel it a very humble tone, going down on their slates, when the White Rabbit. She was a general clapping of hands at this: it was not quite know what you were all in bed!\' On.',0,1,'2016-06-29 12:42:32','2020-02-29 22:59:29','2020-02-29 22:59:35'),(449,90,79,'ONE with such a nice little dog near our house I should have liked teaching it tricks very much, if--if I\'d only been the whiting,\' said the Duchess; \'and most of \'em do.\' \'I don\'t think they play.',0,0,'2011-03-10 22:24:12','2020-02-29 22:59:29','2020-02-29 22:59:35'),(450,28,99,'Mock Turtle had just begun \'Well, of all this grand procession, came THE KING AND QUEEN OF HEARTS. Alice was thoroughly puzzled. \'Does the boots and shoes!\' she repeated in a voice she had not gone.',1,0,'2013-08-16 19:22:38','2020-02-29 22:59:29','2020-02-29 22:59:35'),(451,13,66,'Hatter. \'I told you butter wouldn\'t suit the works!\' he added in an offended tone. And the Gryphon interrupted in a piteous tone. And she began again. \'I should like to go on. \'And so these three.',0,0,'2010-11-12 13:39:51','2020-02-29 22:59:29','2020-02-29 22:59:35'),(452,90,52,'Gryphon, \'that they WOULD go with the Dormouse. \'Write that down,\' the King sharply. \'Do you mean that you had been jumping about like that!\' By this time the Queen left off, quite out of its little.',0,1,'2017-03-27 11:43:06','2020-02-29 22:59:29','2020-02-29 22:59:35'),(453,91,99,'I\'ll get into her eyes; and once again the tiny hands were clasped upon her arm, that it was written to nobody, which isn\'t usual, you know.\' Alice had no very clear notion how long ago anything had.',1,1,'2017-12-09 23:13:00','2020-02-29 22:59:29','2020-02-29 22:59:35'),(454,22,13,'Footman continued in the pictures of him), while the rest of it at all,\' said Alice: \'allow me to him: She gave me a pair of the baby, it was not a regular rule: you invented it just at first, the.',1,0,'2010-07-27 05:49:24','2020-02-29 22:59:29','2020-02-29 22:59:35'),(455,99,55,'Dodo managed it.) First it marked out a race-course, in a great letter, nearly as she left her, leaning her head to hide a smile: some of YOUR business, Two!\' said Seven. \'Yes, it IS his business!\'.',1,1,'2016-09-28 22:39:56','2020-02-29 22:59:29','2020-02-29 22:59:35'),(456,79,28,'ALL RETURNED FROM HIM TO YOU,\"\' said Alice. The poor little thing sat down a large flower-pot that stood near the entrance of the jury asked. \'That I can\'t put it more clearly,\' Alice replied very.',0,1,'2017-03-28 09:28:34','2020-02-29 22:59:29','2020-02-29 22:59:35'),(457,1,21,'Alice said; \'there\'s a large rabbit-hole under the sea--\' (\'I haven\'t,\' said Alice)--\'and perhaps you were down here till I\'m somebody else\"--but, oh dear!\' cried Alice again, in a bit.\' \'Perhaps it.',1,1,'2018-07-17 00:15:23','2020-02-29 22:59:29','2020-02-29 22:59:35'),(458,2,48,'I!\' he replied. \'We quarrelled last March--just before HE went mad, you know--\' \'But, it goes on \"THEY ALL RETURNED FROM HIM TO YOU,\"\' said Alice. \'Come on, then!\' roared the Queen, and Alice was a.',1,0,'2016-12-08 02:58:43','2020-02-29 22:59:29','2020-02-29 22:59:35'),(459,32,14,'I could say if I would talk on such a very difficult question. However, at last she spread out her hand on the floor, and a large canvas bag, which tied up at the place where it had come back again,.',0,0,'2010-05-07 17:07:02','2020-02-29 22:59:29','2020-02-29 22:59:35'),(460,74,29,'March Hare meekly replied. \'Yes, but I hadn\'t gone down that rabbit-hole--and yet--and yet--it\'s rather curious, you know, this sort of chance of getting up and down looking for them, but they were.',1,1,'2013-09-08 15:17:39','2020-02-29 22:59:29','2020-02-29 22:59:35'),(461,23,26,'Mock Turtle, who looked at them with one eye; \'I seem to come upon them THIS size: why, I should be raving mad--at least not so mad as it was all about, and make out at the Lizard in head downwards,.',0,0,'2017-07-29 05:51:32','2020-02-29 22:59:29','2020-02-29 22:59:35'),(462,59,19,'Dormouse is asleep again,\' said the King. \'Shan\'t,\' said the Caterpillar. \'I\'m afraid I am, sir,\' said Alice; \'all I know I do!\' said Alice loudly. \'The idea of having nothing to do.\" Said the mouse.',0,1,'2018-08-05 14:52:35','2020-02-29 22:59:29','2020-02-29 22:59:35'),(463,18,31,'Cheshire cats always grinned; in fact, a sort of knot, and then dipped suddenly down, so suddenly that Alice had not a regular rule: you invented it just grazed his nose, and broke to pieces against.',1,1,'2018-04-29 19:31:34','2020-02-29 22:59:29','2020-02-29 22:59:35'),(464,2,18,'King said to herself, rather sharply; \'I advise you to learn?\' \'Well, there was nothing on it were white, but there were a Duck and a large piece out of it, and yet it was very fond of pretending to.',0,0,'2015-08-11 04:24:54','2020-02-29 22:59:29','2020-02-29 22:59:35'),(465,81,52,'The Panther took pie-crust, and gravy, and meat, While the Duchess sang the second thing is to find that she began nibbling at the bottom of a good many voices all talking at once, in a trembling.',0,1,'2010-06-22 20:45:05','2020-02-29 22:59:29','2020-02-29 22:59:35'),(466,16,24,'Beau--ootiful Soo--oop! Beau--ootiful Soo--oop! Soo--oop of the miserable Mock Turtle. \'Very much indeed,\' said Alice. \'Then it wasn\'t very civil of you to leave off being arches to do that,\' said.',0,0,'2014-07-21 23:51:10','2020-02-29 22:59:29','2020-02-29 22:59:35'),(467,71,82,'Said the mouse to the door. \'Call the next witness!\' said the King was the White Rabbit with pink eyes ran close by it, and then another confusion of voices--\'Hold up his head--Brandy now--Don\'t.',1,0,'2013-05-09 21:46:58','2020-02-29 22:59:29','2020-02-29 22:59:35'),(468,96,36,'These were the cook, to see what this bottle does. I do hope it\'ll make me grow larger, I can remember feeling a little startled when she found a little ledge of rock, and, as the March Hare went.',0,0,'2016-06-12 12:27:58','2020-02-29 22:59:29','2020-02-29 22:59:35'),(469,91,46,'Adventures, till she shook the house, and found that, as nearly as she couldn\'t answer either question, it didn\'t sound at all like the Mock Turtle yawned and shut his note-book hastily. \'Consider.',1,0,'2012-03-14 14:37:02','2020-02-29 22:59:29','2020-02-29 22:59:35'),(470,58,49,'Time, and round Alice, every now and then, if I must, I must,\' the King triumphantly, pointing to the puppy; whereupon the puppy made another snatch in the middle, nursing a baby; the cook took the.',1,0,'2014-04-26 05:08:55','2020-02-29 22:59:29','2020-02-29 22:59:35'),(471,70,2,'Come on!\' \'Everybody says \"come on!\" here,\' thought Alice, \'or perhaps they won\'t walk the way I ought to be sure! However, everything is to-day! And yesterday things went on at last, and they all.',0,0,'2010-03-16 12:43:50','2020-02-29 22:59:29','2020-02-29 22:59:35'),(472,1,96,'YOU, and no more to do it! Oh dear! I shall be a book of rules for shutting people up like telescopes: this time the Queen was close behind her, listening: so she went on. \'Would you like the right.',0,0,'2014-11-01 05:12:34','2020-02-29 22:59:29','2020-02-29 22:59:35'),(473,78,3,'Tortoise because he was going to begin at HIS time of life. The King\'s argument was, that anything that looked like the largest telescope that ever was! Good-bye, feet!\' (for when she was playing.',0,0,'2017-12-07 19:44:37','2020-02-29 22:59:29','2020-02-29 22:59:35'),(474,80,88,'No, no! You\'re a serpent; and there\'s no name signed at the frontispiece if you were never even introduced to a farmer, you know, with oh, such long ringlets, and mine doesn\'t go in at all?\' said.',0,1,'2011-12-30 10:13:41','2020-02-29 22:59:29','2020-02-29 22:59:35'),(475,3,48,'I don\'t think,\' Alice went on \'And how did you manage to do next, when suddenly a footman in livery came running out of that is--\"Birds of a book,\' thought Alice to herself. Imagine her surprise,.',1,1,'2012-04-30 09:25:45','2020-02-29 22:59:29','2020-02-29 22:59:35'),(476,30,6,'For some minutes the whole she thought it would,\' said the young Crab, a little of the court, she said to the fifth bend, I think?\' he said in a trembling voice, \'Let us get to twenty at that rate!.',0,1,'2013-01-16 19:15:42','2020-02-29 22:59:29','2020-02-29 22:59:35'),(477,38,72,'THIS witness.\' \'Well, if I fell off the top with its arms and legs in all directions, \'just like a wild beast, screamed \'Off with his head!\' she said, by way of escape, and wondering what to uglify.',1,0,'2016-09-15 05:11:55','2020-02-29 22:59:29','2020-02-29 22:59:35'),(478,48,21,'Gryphon, before Alice could not remember the simple rules their friends had taught them: such as, \'Sure, I don\'t take this child away with me,\' thought Alice, as she could remember them, all these.',0,0,'2019-02-01 01:27:18','2020-02-29 22:59:29','2020-02-29 22:59:35'),(479,60,36,'I suppose?\' said Alice. \'Then it ought to tell them something more. \'You promised to tell him. \'A nice muddle their slates\'ll be in Bill\'s place for a baby: altogether Alice did not come the same.',1,0,'2016-05-22 02:01:06','2020-02-29 22:59:29','2020-02-29 22:59:35'),(480,100,94,'On various pretexts they all moved off, and that makes the matter with it. There could be beheaded, and that makes them bitter--and--and barley-sugar and such things that make children.',0,1,'2017-03-06 12:54:41','2020-02-29 22:59:29','2020-02-29 22:59:35'),(481,66,50,'I think you\'d better leave off,\' said the last time she saw maps and pictures hung upon pegs. She took down a very melancholy voice. \'Repeat, \"YOU ARE OLD, FATHER WILLIAM,\' to the game. CHAPTER IX..',0,0,'2017-11-03 23:40:30','2020-02-29 22:59:29','2020-02-29 22:59:35'),(482,52,7,'But the snail replied \"Too far, too far!\" and gave a little now and then; such as, \'Sure, I don\'t care which happens!\' She ate a little three-legged table, all made a rush at the jury-box, or they.',0,1,'2019-04-10 09:03:15','2020-02-29 22:59:29','2020-02-29 22:59:35'),(483,79,74,'WHAT things?\' said the Hatter. He came in sight of the same words as before, \'It\'s all her knowledge of history, Alice had no reason to be otherwise than what it was addressed to the Knave. The.',0,1,'2014-10-06 09:49:23','2020-02-29 22:59:29','2020-02-29 22:59:35'),(484,34,44,'I shan\'t! YOU do it!--That I won\'t, then!--Bill\'s to go on. \'And so these three weeks!\' \'I\'m very sorry you\'ve been annoyed,\' said Alice, and her eyes filled with tears again as quickly as she ran..',0,0,'2016-02-21 18:28:39','2020-02-29 22:59:29','2020-02-29 22:59:35'),(485,21,71,'Mock Turtle, \'but if they do, why then they\'re a kind of rule, \'and vinegar that makes the matter with it. There could be no use in knocking,\' said the March Hare will be When they take us up and.',0,1,'2010-03-18 21:50:15','2020-02-29 22:59:29','2020-02-29 22:59:35'),(486,90,36,'I know?\' said Alice, a good deal frightened at the thought that it made no mark; but he would deny it too: but the Dodo suddenly called out in a moment to think about it, even if I would talk on.',0,0,'2012-08-24 20:15:20','2020-02-29 22:59:29','2020-02-29 22:59:35'),(487,12,49,'Alice; not that she was as long as it spoke (it was Bill, I fancy--Who\'s to go among mad people,\' Alice remarked. \'Right, as usual,\' said the Hatter: \'let\'s all move one place on.\' He moved on as he.',0,0,'2012-11-08 14:19:36','2020-02-29 22:59:29','2020-02-29 22:59:35'),(488,11,5,'I could let you out, you know.\' \'Not at first, perhaps,\' said the Duchess; \'and most of \'em do.\' \'I don\'t know where Dinn may be,\' said the Cat, \'or you wouldn\'t squeeze so.\' said the March Hare.',1,1,'2019-10-18 17:57:33','2020-02-29 22:59:29','2020-02-29 22:59:35'),(489,91,40,'Alice could see it trot away quietly into the garden with one elbow against the door, staring stupidly up into the court, \'Bring me the truth: did you ever eat a little ledge of rock, and, as she.',0,1,'2010-12-06 21:10:05','2020-02-29 22:59:29','2020-02-29 22:59:35'),(490,28,21,'Alice\'s shoulder, and it was a child,\' said the Gryphon. \'Do you take me for his housemaid,\' she said to herself. Imagine her surprise, when the Rabbit coming to look at them--\'I wish they\'d get the.',0,0,'2018-09-30 14:51:04','2020-02-29 22:59:29','2020-02-29 22:59:35'),(491,17,24,'Alice. \'Come on, then!\' roared the Queen, pointing to the Mock Turtle: \'why, if a dish or kettle had been running half an hour or so there were three gardeners who were all writing very busily on.',0,0,'2017-05-08 03:55:21','2020-02-29 22:59:29','2020-02-29 22:59:35'),(492,67,65,'The executioner\'s argument was, that anything that had fluttered down from the Queen was close behind her, listening: so she helped herself to some tea and bread-and-butter, and went in. The door.',1,1,'2018-06-30 09:21:30','2020-02-29 22:59:29','2020-02-29 22:59:35'),(493,22,16,'Will you, won\'t you, will you, won\'t you, will you, won\'t you join the dance? \"You can really have no answers.\' \'If you please, sir--\' The Rabbit started violently, dropped the white kid gloves in.',0,0,'2015-03-11 08:42:43','2020-02-29 22:59:29','2020-02-29 22:59:35'),(494,14,21,'Dormouse shall!\' they both sat silent for a long way. So she tucked her arm affectionately into Alice\'s, and they went on for some time without interrupting it. \'They were learning to draw,\' the.',0,1,'2012-10-18 11:39:09','2020-02-29 22:59:29','2020-02-29 22:59:35'),(495,64,55,'English. \'I don\'t see,\' said the March Hare. \'Exactly so,\' said the Cat; and this time the Queen in a furious passion, and went on in a sort of people live about here?\' \'In THAT direction,\' waving.',1,1,'2010-04-11 08:16:15','2020-02-29 22:59:29','2020-02-29 22:59:35'),(496,82,46,'You know the way of speaking to a shriek, \'and just as she could, and soon found an opportunity of taking it away. She did not venture to go from here?\' \'That depends a good opportunity for making.',1,0,'2012-02-09 03:26:49','2020-02-29 22:59:29','2020-02-29 22:59:35'),(497,84,80,'Alice\'s shoulder, and it was a dead silence instantly, and neither of the Shark, But, when the White Rabbit, \'and that\'s the jury-box,\' thought Alice, and, after glaring at her with large eyes like.',1,0,'2011-10-31 20:42:47','2020-02-29 22:59:29','2020-02-29 22:59:35'),(498,49,5,'As she said to herself \'Suppose it should be like then?\' And she began thinking over other children she knew she had read about them in books, and she dropped it hastily, just in time to be no sort.',1,0,'2010-10-18 21:02:40','2020-02-29 22:59:29','2020-02-29 22:59:35'),(499,77,71,'Alice, \'it would have appeared to them to be found: all she could not help thinking there MUST be more to be almost out of THIS!\' (Sounds of more energetic remedies--\' \'Speak English!\' said the.',1,1,'2016-08-31 09:13:58','2020-02-29 22:59:29','2020-02-29 22:59:35'),(500,21,94,'Gryphon: and it said in a sorrowful tone, \'I\'m afraid I don\'t care which happens!\' She ate a little three-legged table, all made a rush at Alice as it didn\'t sound at all fairly,\' Alice began, in a.',0,1,'2013-09-01 13:59:47','2020-02-29 22:59:29','2020-02-29 22:59:35');
/*!40000 ALTER TABLE `messages` ENABLE KEYS */;
UNLOCK TABLES;

--
-- Table structure for table `posts`
--

DROP TABLE IF EXISTS `posts`;
/*!40101 SET @saved_cs_client     = @@character_set_client */;
/*!50503 SET character_set_client = utf8mb4 */;
CREATE TABLE `posts` (
  `id` int unsigned NOT NULL AUTO_INCREMENT,
  `media_id` int unsigned DEFAULT NULL,
  `user_id` int unsigned NOT NULL,
  `head` varchar(255) CHARACTER SET utf8 COLLATE utf8_unicode_ci DEFAULT NULL,
  `body` mediumtext CHARACTER SET utf8 COLLATE utf8_unicode_ci,
  `created_at` datetime DEFAULT CURRENT_TIMESTAMP,
  `updated_at` datetime DEFAULT CURRENT_TIMESTAMP ON UPDATE CURRENT_TIMESTAMP,
  PRIMARY KEY (`id`)
) ENGINE=InnoDB AUTO_INCREMENT=101 DEFAULT CHARSET=utf8 COLLATE=utf8_unicode_ci;
/*!40101 SET character_set_client = @saved_cs_client */;

--
-- Dumping data for table `posts`
--

LOCK TABLES `posts` WRITE;
/*!40000 ALTER TABLE `posts` DISABLE KEYS */;
INSERT INTO `posts` VALUES (1,73,25,'Et et quam quis quos qui.','Consectetur qui rerum cupiditate autem temporibus id earum quam. Rerum quia atque voluptatem qui et. Dolorem provident aut vitae modi neque.','2019-03-21 07:31:53','2020-02-04 04:15:03'),(2,24,64,'Qui enim praesentium odio ea enim.','Et omnis et tempore quae quasi placeat. Et quisquam veritatis qui ut illum qui. Magnam consequatur amet sint minima sed. Recusandae incidunt saepe et dicta. Eligendi recusandae ducimus ut suscipit nam qui eum officiis.','2019-05-24 09:57:17','2020-02-06 02:04:01'),(3,61,58,'Sequi quam nisi nobis quia voluptatum reiciendis.','Quasi nostrum nihil quaerat illum beatae. Placeat voluptates quia fugiat ea amet consequatur molestias laudantium. Molestias cumque dolore fuga impedit qui dolorum.','2019-04-03 06:31:32','2020-01-30 18:59:48'),(4,62,50,'Vitae nulla commodi dignissimos molestias voluptatem.','Quia qui dolores nisi minima explicabo ullam est. Ullam voluptatem dolorum quos tenetur commodi. Autem et dolor rem exercitationem ipsa beatae. Ratione rerum iusto ut soluta fugiat consequatur autem. Maiores dolore veniam modi dolores.','2019-03-22 20:26:32','2020-01-31 07:42:39'),(5,43,66,'Sed eaque blanditiis hic.','Aut et incidunt quae qui. Adipisci nobis minus ipsam expedita culpa. Saepe ullam earum rem sed.','2020-01-29 13:06:36','2020-02-07 14:37:29'),(6,20,30,'Numquam voluptas nihil eaque consequatur et corrupti velit reiciendis.','Autem voluptatum quia ut commodi optio tempora quod illum. Repellat nostrum eos consequatur corporis. Non voluptatem eos et quis ducimus aut. Quas omnis ullam veniam delectus.','2019-03-28 05:45:38','2020-02-23 13:54:22'),(7,48,11,'Ex dolorem accusamus quia molestiae quia alias.','Quod cupiditate voluptatem quos sunt. Soluta omnis aliquam aliquid omnis aut. Iure non est est voluptatem officia eum ipsum.','2019-09-11 20:33:29','2020-02-05 16:05:32'),(8,87,35,'Odit atque minima ut nesciunt.','Beatae aliquid ipsum et exercitationem natus porro modi exercitationem. Voluptas quia totam vitae natus consequuntur. Et et voluptatem culpa accusantium tenetur. Labore fugit doloremque quod voluptatem voluptatum.','2019-05-04 12:45:19','2020-02-26 08:59:43'),(9,16,33,'Facere enim ut accusantium consequatur.','Velit cumque quae ex et omnis laborum. Itaque ut labore quo accusamus voluptatem excepturi. Quo dolor assumenda ut odio magni beatae.','2019-06-06 09:58:24','2020-02-14 03:44:34'),(10,18,6,'Harum beatae ipsa odio ut sed sint.','In odio quis sunt excepturi exercitationem. Quaerat rerum accusantium qui nemo culpa aut.','2019-08-07 20:40:40','2020-02-27 12:28:33'),(11,50,75,'Animi autem sit culpa adipisci facere molestiae animi aut.','Dolor et minima asperiores debitis consectetur temporibus architecto. Quis quia aut fuga. Nisi at qui consequatur.','2019-05-07 03:58:15','2020-02-01 16:05:31'),(12,77,75,'Ipsum in nostrum repellendus atque dolor.','Dolores enim placeat dignissimos dolor ad et voluptatem. In non unde explicabo et. Magni odit ex nihil dolorem assumenda ipsum. Dolorem aut id est dolorem laudantium quia.','2019-09-09 00:53:21','2020-02-08 21:23:26'),(13,89,41,'Non alias sapiente eligendi debitis nesciunt.','Occaecati earum quis qui eum. Corrupti aspernatur aliquid ea ullam voluptatum consequatur rerum. Voluptatem id unde rerum non deserunt et culpa.','2019-11-11 04:49:33','2020-02-12 02:43:13'),(14,5,87,'Quod enim voluptas numquam.','In repellat culpa consequuntur error a. Suscipit molestiae officiis cupiditate nesciunt non. Sit possimus necessitatibus sequi quis et excepturi earum fugiat. Dolorem inventore molestias ut quos.','2019-08-18 18:44:30','2020-02-29 12:52:37'),(15,62,86,'Tenetur neque voluptas qui id voluptatibus quo odit.','Voluptas nulla sequi est nihil molestiae. Non perspiciatis magnam non vero molestiae perspiciatis est. Qui voluptatum non sed officia laboriosam maxime ut et.','2019-06-03 07:06:59','2020-02-19 07:35:02'),(16,88,24,'Consequatur modi et eaque tenetur ut et id doloribus.','Nihil perspiciatis dicta laboriosam iste tempore. Recusandae rerum aut et magni. Omnis quam deserunt in inventore. Amet doloribus inventore et cumque natus similique.','2019-04-22 12:18:24','2020-02-06 13:06:49'),(17,12,59,'Aut laudantium enim impedit magnam.','Voluptatem aut molestiae ullam. Qui beatae architecto consequuntur et sit. Id ex eos eum commodi inventore occaecati nam.','2019-05-14 16:37:54','2020-02-23 20:29:12'),(18,12,54,'Ea deleniti quas ipsum qui ex dolorum.','Velit autem molestias id explicabo debitis ratione. Ut repudiandae exercitationem nihil iusto tempore sapiente quae.','2019-11-07 12:09:25','2020-01-30 19:42:10'),(19,49,32,'Quia quas cupiditate error dignissimos quidem consectetur earum.','Quia quo aut voluptatem impedit fugiat. Autem tempora placeat aut velit dolorem. Eaque necessitatibus et praesentium totam rerum dolores molestiae sit.','2020-02-26 11:38:47','2020-02-09 09:25:48'),(20,93,41,'Maiores nemo molestiae molestiae maiores deserunt.','Adipisci eum illum est quia corporis. Error eum occaecati facilis et. Recusandae vero neque repellat qui eaque et expedita.','2019-05-20 15:00:19','2020-02-15 01:32:39'),(21,33,18,'Corrupti velit dicta sed distinctio placeat voluptas quo ullam.','Ab suscipit in asperiores incidunt optio cumque assumenda. Harum velit aut delectus. Consequatur nisi doloremque eligendi sit nihil.','2019-07-03 02:06:04','2020-02-23 13:54:35'),(22,28,45,'Dolor ea sit occaecati et.','Qui qui atque labore odio quae consequatur voluptate. Iste et sapiente odio repellat error accusantium quo. Voluptatum et dicta quos eius laborum saepe. Voluptatum excepturi perferendis cum aperiam deserunt quo.','2019-07-04 04:27:28','2020-02-13 14:51:14'),(23,14,75,'Aliquid molestias maxime corrupti iste iure nihil nobis.','Ut corporis ducimus odit consequuntur eos vel ab. Nisi veniam pariatur ipsa deserunt aut. Ut ut voluptate eaque. In est accusamus dignissimos laborum recusandae unde. Est at voluptatem consequatur molestias corrupti.','2020-01-03 12:25:37','2020-02-05 05:15:19'),(24,59,73,'Voluptate omnis repellendus dolores enim fugiat omnis.','Repellendus libero est inventore ipsum aliquid mollitia maxime quo. Et animi ut quis doloribus. Velit modi facilis sunt consectetur.','2019-05-09 04:47:23','2020-02-17 16:56:50'),(25,7,95,'Voluptatibus deleniti quae a qui cupiditate.','Non sit debitis sed deserunt. Cum ut tenetur est eaque nisi reiciendis possimus. Voluptatem in pariatur id enim. Quis et debitis consequuntur excepturi et libero suscipit.','2019-11-10 19:38:53','2020-02-14 07:59:22'),(26,30,11,'Corporis cumque sint et ipsam omnis quisquam ipsum.','Autem debitis ad quisquam nihil provident iste. Nihil id eos sunt sed architecto fuga est. Dolores error quia quidem reprehenderit molestiae.','2020-02-06 17:27:31','2020-02-02 20:03:34'),(27,20,15,'Sint aut itaque deserunt dolorem animi odit.','Velit odit excepturi corporis vitae voluptatem rerum. Omnis tempora nostrum aliquam quisquam est nihil voluptates.','2019-12-05 16:58:25','2020-01-30 16:19:05'),(28,40,31,'Consequatur qui nisi facere dolores sed.','Aspernatur ut tenetur excepturi porro repudiandae blanditiis. Neque omnis ea sunt aperiam aut voluptatum.','2019-08-02 02:22:51','2020-02-17 04:25:38'),(29,45,51,'Et aut dicta modi sed dignissimos enim culpa.','Aut veritatis inventore officiis quia quia. Quisquam qui omnis at aspernatur cumque dolor alias. Voluptas nobis possimus quos voluptas optio. Et quae voluptatem totam rerum.','2019-08-26 09:11:48','2020-02-07 01:44:19'),(30,75,94,'Nihil magnam quasi placeat nam ex.','Ad est et at explicabo voluptatem sint perspiciatis est. Similique iure voluptatum quis et reiciendis qui tenetur velit. Minima qui sequi ipsa voluptates. Accusamus quas architecto atque amet sunt exercitationem quisquam.','2019-05-14 23:44:03','2020-02-18 22:27:25'),(31,24,20,'Voluptatem fugiat nostrum nihil atque explicabo facere veritatis.','Dolor est tempore accusantium dolorum distinctio. Necessitatibus et eos dolor molestias aut culpa ut. Nisi alias aut cum sint voluptatum. Atque ducimus asperiores alias libero et rerum vel.','2019-05-23 13:13:09','2020-02-16 14:51:45'),(32,67,54,'Quo quidem ut molestiae nam voluptas consequuntur aut.','Officia exercitationem delectus eligendi et blanditiis perspiciatis repellendus. Dolore officia rerum veritatis quasi architecto corrupti. Atque aut dolores in ratione sed sequi illo. Aut fugit omnis autem pariatur.','2019-03-05 14:17:49','2020-02-12 18:35:50'),(33,62,73,'Occaecati distinctio unde tenetur nam.','Dolorem molestiae tempora qui molestiae beatae deserunt ea. Explicabo perspiciatis quo saepe omnis qui. Voluptas incidunt cum repellendus in ab.','2019-06-04 02:23:14','2020-02-09 17:50:31'),(34,19,24,'Ea optio aut excepturi voluptatem magnam error.','Rerum commodi veritatis corrupti alias itaque molestias pariatur. Enim consequatur voluptatem eos et repudiandae. Temporibus ut delectus maiores molestias commodi adipisci sapiente. Ea praesentium inventore sed corrupti beatae in cumque.','2019-12-29 14:53:03','2020-01-29 23:09:10'),(35,24,32,'Quasi eum adipisci impedit autem ex laudantium accusantium.','Nostrum laboriosam pariatur fugiat impedit incidunt dolorem sint quis. Ab enim autem quos voluptas. Quia placeat sapiente deleniti ut a aut aut.','2019-12-19 16:25:02','2020-02-20 22:06:20'),(36,59,9,'Aut quis voluptate nisi tempora beatae porro consequatur.','Veritatis rerum molestiae iste eum cupiditate quibusdam nulla. Et at maiores voluptatibus consequatur eaque. Totam ad sit non quia quibusdam velit.','2019-07-23 00:17:15','2020-02-09 05:33:03'),(37,23,20,'Quae dolor et accusantium id dolor hic.','Alias fugit corrupti harum voluptate quo. Nisi repellendus soluta sed molestiae ex.','2020-02-20 12:02:56','2020-02-03 16:04:45'),(38,24,34,'Necessitatibus maiores eos voluptatibus.','Doloremque est quia deserunt perferendis corrupti eaque odit. Voluptatum vel veniam consequatur modi culpa doloremque est. Ipsam ad vero dolorem qui eius.','2019-04-10 06:54:01','2020-02-16 15:39:23'),(39,70,9,'Totam iusto debitis sed dolorem eos et in.','Minima eveniet magni dolorem animi sed aspernatur harum repellendus. Fugiat sed quia reiciendis sint maxime doloremque aperiam. Aliquid nostrum at dolorem velit quod. Expedita aspernatur quas ut omnis quidem nihil. Velit et pariatur dolor a nulla quia unde.','2019-06-16 20:17:11','2020-02-04 00:40:11'),(40,40,32,'Sunt sed nihil sit beatae voluptas eos cum.','Distinctio asperiores consequatur aut illum. Labore consequatur voluptatem alias qui debitis aperiam aliquam soluta. Nemo iste et eaque tempora nemo.','2019-03-23 09:50:21','2020-02-01 15:39:49'),(41,8,80,'Recusandae ut ipsam voluptatem ratione doloribus voluptatem.','Nam et soluta molestias aut. Rerum natus quod sed sit mollitia voluptas est tenetur. Minima est nemo assumenda qui quia assumenda velit. Est ducimus rem nihil dolores provident.','2019-05-14 11:45:49','2020-02-08 04:01:33'),(42,30,80,'Sint adipisci reprehenderit eos ducimus et.','Soluta repellat nesciunt libero adipisci sit. Eos pariatur velit enim aliquam qui dignissimos veniam ducimus. Ut suscipit qui ut molestiae ut. Quia impedit est ut accusantium inventore a enim.','2019-10-10 18:04:07','2020-02-14 14:31:45'),(43,16,45,'Quia voluptas numquam eos qui eos qui excepturi.','Commodi modi quo laboriosam voluptatum sed dolores ipsam corrupti. Facere saepe facere et ut esse rerum. Mollitia et sint id necessitatibus minima. Quia iste repudiandae temporibus et atque quo.','2019-06-06 01:57:51','2020-02-24 22:32:50'),(44,49,3,'Totam ad vel reiciendis rerum hic.','Doloribus quis architecto ab voluptas aut optio. Modi culpa et omnis sed suscipit debitis eaque ut. Enim sit blanditiis est quas error numquam.','2020-01-03 21:27:10','2020-01-30 13:23:29'),(45,40,78,'Omnis et inventore fugit sit molestiae et.','Ab repellat necessitatibus nihil ratione quas quas et. Veritatis id nihil quo voluptatem cum cumque libero. Asperiores eligendi non nam autem necessitatibus temporibus. Eos aut alias quo tenetur quas voluptates. Ea ut impedit quisquam eum quo.','2019-09-14 11:45:11','2020-02-06 16:24:52'),(46,95,28,'Aut hic cumque omnis sit sint ab.','Amet fugit nulla esse architecto nam. Qui possimus numquam suscipit ut quo ut. Dolores sint dolores optio id ad sint quod. Dolorem voluptates itaque odit nesciunt officiis ut.','2019-05-12 10:16:11','2020-02-29 17:06:41'),(47,94,41,'Architecto ea provident est sint ducimus eum.','Quo delectus iure necessitatibus nihil temporibus veritatis. Sed architecto eius id molestiae. Modi aperiam et eum voluptas sed assumenda aut.','2019-08-27 01:33:28','2020-02-21 01:50:45'),(48,95,5,'Et iste repudiandae soluta consectetur temporibus.','Expedita sit provident voluptatibus eos. Enim eum est repellendus cum autem. Blanditiis facere dolor eveniet nisi itaque hic nisi.','2020-01-14 23:06:20','2020-02-25 16:36:17'),(49,53,30,'Necessitatibus quia aut et sed harum et et.','Beatae saepe ratione aut blanditiis tempore qui deleniti. Laborum ipsum minus et qui. Saepe vel doloremque alias commodi. Quidem voluptate ut consequatur hic quo est et.','2019-06-21 22:20:11','2020-02-07 03:26:58'),(50,36,71,'Veritatis impedit doloremque ab nemo in.','Distinctio velit ut dolore et suscipit est. Qui totam aut incidunt expedita.','2020-01-04 10:06:55','2020-02-11 20:16:51'),(51,36,9,'Ea velit praesentium earum asperiores odio.','Voluptatum nulla rerum deserunt aliquam. Nobis tempore accusamus ipsam aut. Fugiat alias et reprehenderit est sed.','2019-06-10 20:49:06','2020-02-16 04:25:53'),(52,58,84,'Ratione occaecati velit est quae alias fugiat.','Quia qui impedit repellendus nemo sed eum. Cum earum illo vel laudantium. Aut sit dolores vitae blanditiis aliquid minus veritatis. Qui quis ut est. Debitis ipsa impedit est veniam.','2019-07-10 09:46:39','2020-02-08 04:58:47'),(53,63,85,'Ducimus est incidunt nam voluptatem vel eum harum possimus.','Laborum eos ut iste eius dolorem natus. Quas omnis ut et expedita. Fuga nobis distinctio molestias ut.','2019-06-20 16:05:20','2020-02-24 04:49:25'),(54,7,70,'Dolor ex doloremque exercitationem quae ipsam sint.','Quia magni esse consequatur et. Laboriosam qui dolores officiis. Repellat quis consequatur quo id.','2019-03-07 05:37:18','2020-02-04 21:06:28'),(55,9,31,'Eos possimus tempore quia magni.','Incidunt sit eum nulla consequatur itaque. Deserunt asperiores explicabo nostrum quos voluptatum soluta. Velit laudantium minus placeat suscipit veritatis.','2020-02-29 01:42:06','2020-02-06 22:32:43'),(56,83,18,'Iure velit distinctio autem.','Vero sint hic pariatur rem explicabo est voluptas numquam. Ipsam cumque sint dignissimos. Incidunt nostrum eligendi ut reprehenderit beatae incidunt qui. Fuga voluptatem dicta provident quos temporibus eius.','2019-04-15 19:51:01','2020-02-12 20:51:47'),(57,19,94,'Sunt et nihil omnis ut.','Ut unde molestias voluptate et eos consequatur. Ex veritatis odit unde illo non ipsam. Molestias porro labore laboriosam atque et qui in. Ut ipsa amet occaecati iste maiores molestias numquam quaerat.','2019-07-24 05:15:10','2020-02-26 17:23:19'),(58,14,12,'Hic sed est praesentium autem quia et.','Doloremque vel ipsa nesciunt corrupti asperiores sint. Commodi assumenda vitae quisquam expedita ut. Est sunt nam quo et optio aliquid. Occaecati possimus aliquid ea.','2019-10-20 06:46:27','2020-02-28 16:40:28'),(59,47,22,'Id deserunt cumque dolores dolores.','Molestias ea nihil dolorem. Soluta sunt exercitationem qui illum debitis optio. Aperiam qui repellat sit temporibus. Atque explicabo odit inventore quibusdam qui.','2019-06-21 01:27:00','2020-02-06 21:55:35'),(60,4,78,'Ut nam odio at exercitationem excepturi id doloribus.','Voluptas aperiam voluptatem optio similique esse minima. Qui exercitationem dolores sint assumenda harum accusantium non. Dicta at dolores laudantium laborum numquam reprehenderit officiis. Dolor eveniet minus sed sint labore.','2019-03-23 18:34:12','2020-02-18 07:35:17'),(61,18,67,'Voluptatem omnis optio molestias soluta.','Odit nostrum omnis aut nostrum. Exercitationem quasi officiis hic et ullam. Ea autem quaerat placeat qui totam. Mollitia distinctio eligendi ut porro.','2019-10-28 11:18:23','2020-02-04 23:50:44'),(62,81,51,'Cupiditate exercitationem non aut.','Amet quaerat libero repellendus odit dolor aliquid. Reiciendis ipsam quasi facilis quidem harum alias.','2019-05-29 20:01:14','2020-02-06 17:25:14'),(63,11,50,'Consequatur libero saepe reiciendis labore molestiae repudiandae.','Rerum ut voluptatem nesciunt et. Illo mollitia officia impedit voluptas iusto provident. Et et sit ullam minus ipsum autem. Sed totam amet eos quo.','2019-08-26 23:38:48','2020-02-29 03:51:56'),(64,68,77,'Similique fugiat praesentium architecto autem.','Natus provident consequuntur explicabo placeat sit perspiciatis dolores. Dolore quos adipisci rerum quia non. Soluta facere reprehenderit consequuntur earum inventore laudantium.','2019-04-22 10:19:28','2020-02-18 14:30:12'),(65,96,62,'Et qui magni neque.','Ut sunt nemo illo quas ut voluptatibus. Repellendus dolorem eos quia qui quaerat qui. Sed expedita vel ipsa laborum quia nihil. Amet et quas numquam accusantium adipisci suscipit.','2019-12-19 13:14:36','2020-02-25 00:55:04'),(66,15,37,'Consequatur tempore maiores eligendi deserunt vero omnis.','Dolor accusantium sapiente nesciunt hic reprehenderit maxime nisi tenetur. Amet in libero earum nisi. Dolores aperiam dolore perspiciatis consequuntur atque.','2019-11-21 04:33:37','2020-02-17 22:23:19'),(67,88,89,'Repudiandae assumenda enim nobis distinctio voluptas ratione tempora at.','Rerum maxime officiis sapiente sequi voluptatem repellendus. Magnam velit quo hic optio. Ut illum molestiae vero et. Corrupti sed et eligendi sed perferendis.','2019-12-18 22:42:28','2020-02-21 04:42:48'),(68,10,43,'Qui quaerat molestias consequatur quasi consequuntur.','Deserunt repellat fugiat fugiat aliquam distinctio ratione. Hic laborum reprehenderit aut adipisci aut fuga eum. Hic excepturi dignissimos velit est vitae sed. Sit qui illum placeat dignissimos odit at numquam.','2019-07-13 05:27:32','2020-02-22 07:15:35'),(69,71,12,'Architecto voluptatem ipsam aut.','Sed alias quisquam quam est. Qui quaerat et aliquid id aspernatur beatae quod omnis. Doloremque eius rerum id quia. Aut optio necessitatibus sunt et.','2019-12-20 13:52:21','2020-02-21 05:53:38'),(70,82,66,'Assumenda assumenda earum eveniet est non.','Est deleniti deleniti saepe aut et. Velit deserunt aliquam nam et velit. Quod nihil dolorem aut veniam eius impedit.','2019-04-01 14:53:43','2020-02-10 02:12:50'),(71,79,15,'Libero consequatur odio rem enim eos soluta.','Iste quae labore aut qui voluptatem cumque ducimus. Deserunt dolor est voluptatem corporis iste natus. Voluptatem dolores tempore eligendi maxime ullam consectetur est. Sequi porro ut dolores pariatur tempore deserunt.','2019-03-25 00:22:14','2020-02-27 15:34:03'),(72,16,26,'Aut et rerum expedita minima.','Vero in eligendi similique consequuntur est cupiditate nostrum consectetur. Debitis eaque ut ullam non atque blanditiis placeat. Veritatis est quia minus.','2019-12-27 17:39:17','2020-02-25 01:06:00'),(73,28,5,'Excepturi dolorem assumenda magni nulla tempora modi earum.','Non molestiae magni numquam. Voluptatibus fugit corrupti blanditiis sunt nesciunt aut. Eum doloremque dolorem possimus praesentium aut modi.','2019-04-28 09:58:32','2020-02-29 01:15:16'),(74,84,30,'Illo pariatur eaque quia perferendis.','Velit porro aut velit sit odio quia. Et earum repudiandae facilis. Non ipsum ipsam aspernatur quidem eos cum ullam tenetur. Et omnis quo et excepturi.','2019-11-15 07:39:38','2020-02-29 00:19:20'),(75,60,68,'Amet praesentium fuga illum.','Dolores tempora corrupti magni et adipisci nisi. Molestias odit quidem atque architecto. Explicabo repellat et exercitationem asperiores porro et.','2019-12-06 00:04:04','2020-02-20 14:04:04'),(76,23,71,'Eos eum doloremque accusantium animi.','Nulla rerum iste a quia. Velit id sed cupiditate ratione tenetur sint consequatur quam. Deleniti fuga quas accusantium quis minima. Dolor aliquid autem facere sint. Quaerat totam ut rerum ea.','2020-01-09 19:28:59','2020-02-03 06:00:44'),(77,36,61,'Fugiat consequuntur suscipit sint vero veritatis ex dolor.','Omnis qui ut omnis quam ipsa. Reprehenderit optio rerum aut et nisi accusantium quia perferendis. Accusamus odio atque sint illo. Molestias assumenda et maiores iusto numquam tempora.','2020-01-02 02:09:32','2020-02-28 23:05:28'),(78,63,37,'Amet a repellendus alias libero modi nobis.','Occaecati consequatur earum et voluptas voluptatem qui quo nobis. Deserunt similique corrupti quia possimus laboriosam reprehenderit. Voluptatem voluptates quisquam nihil.','2019-08-20 18:37:30','2020-02-13 21:30:20'),(79,7,57,'Ut consectetur adipisci aut aut sequi cupiditate dolorum illo.','Laboriosam quidem totam est eveniet. Aliquid veniam rerum necessitatibus cumque est quidem. Atque modi consequuntur qui et voluptas officia. Eos ut aspernatur quos et.','2020-01-24 00:22:25','2020-02-09 19:40:21'),(80,31,87,'Mollitia nisi sed deleniti occaecati vero consequuntur.','Cupiditate nihil adipisci sunt totam et architecto aut. Magnam consequatur est recusandae culpa laudantium aliquid. Rerum iste sit repudiandae sunt rem consectetur id. Esse qui ea quis voluptates error. Numquam vel illum totam ut est et.','2019-07-26 11:52:03','2020-02-24 12:04:21'),(81,44,20,'Consequatur sunt qui harum.','Iure blanditiis quam excepturi voluptatem vitae consequuntur qui. Facilis laboriosam et qui nihil aut eligendi. Qui repudiandae odit necessitatibus esse eos.','2019-10-21 19:35:08','2020-02-25 07:26:25'),(82,96,13,'Doloribus est aut labore sint laudantium.','Aliquid voluptas et id necessitatibus. Repudiandae aut deleniti maiores possimus nisi. Odio qui harum quas.','2019-09-05 09:06:32','2020-01-31 00:56:18'),(83,73,29,'Hic voluptate ullam magni ut qui nihil.','Earum commodi reprehenderit placeat. Accusamus non rerum porro quod est aliquid deleniti. Laboriosam consectetur occaecati facilis commodi quia.','2019-04-23 10:10:30','2020-02-16 06:07:26'),(84,66,49,'Laudantium excepturi aut optio quos perspiciatis.','Sunt ipsam sint dolorem quia. Quis id non numquam incidunt sed eum. Facilis sunt quia ea minima qui reprehenderit.','2019-10-23 21:50:39','2020-02-10 18:19:51'),(85,63,24,'Omnis hic illum aut totam est accusamus alias.','Quo repellat nihil distinctio ut. Id omnis veniam distinctio ut enim blanditiis. Ad et dolorem et nulla ea. Esse totam iste hic et qui.','2019-06-03 02:47:15','2020-02-18 06:49:46'),(86,49,31,'Sint eius mollitia molestiae minima facere.','Tempora est est iste quia perferendis ut. Quia aut repellat iure iusto nostrum atque atque alias. Eius minima est unde sunt. Ut ut cum qui modi repudiandae.','2019-11-22 03:33:36','2020-02-29 03:37:29'),(87,9,44,'Voluptatem porro dolorem porro totam et optio.','Dolorem ea dignissimos ex incidunt sit quia earum qui. Aliquam iste expedita id eum. Enim quam expedita eos recusandae nihil porro hic.','2019-06-11 08:40:00','2020-02-21 15:04:31'),(88,34,64,'Eum at ut ut sapiente numquam.','Tenetur molestiae voluptatem modi consequuntur et. Et occaecati inventore architecto fuga dolor ipsam. Repudiandae neque et aut est ex pariatur.','2019-11-27 21:35:03','2020-02-17 07:27:12'),(89,7,58,'Deleniti corrupti sit ut.','Non consectetur voluptatem et qui. Aut sequi adipisci velit corporis non consequatur. Vel doloremque consequuntur earum voluptatibus sit consequatur.','2019-09-24 04:12:44','2020-02-27 23:48:11'),(90,16,13,'Corporis hic beatae iste nihil voluptates dignissimos voluptatem.','Sed maiores suscipit quo sunt sed et aut. Maxime autem et cupiditate sequi. Impedit ipsum odit veritatis similique. Consequuntur beatae necessitatibus quaerat vitae quos modi.','2019-12-18 20:46:35','2020-02-03 08:50:27'),(91,9,13,'Reprehenderit aut consequuntur sed quae.','Nihil et dolores ea ullam. Repudiandae et voluptatibus est sunt. Et consequatur distinctio praesentium est enim et. Modi doloribus et suscipit.','2020-02-17 12:22:28','2020-02-24 00:06:18'),(92,19,29,'Aut quis quod est officia sed.','Officiis sit repellat sint nihil voluptates sint. Ducimus eos qui consequatur sed ut. Maiores et quo officiis non. Qui ex suscipit iste praesentium.','2019-09-01 03:04:51','2020-02-20 16:25:21'),(93,4,67,'Error aspernatur animi praesentium voluptatem eaque.','Est quas id sit commodi aut. Dolorum veritatis maxime ut est ex possimus qui. Rerum magni voluptatem sit quia veritatis et delectus enim. Odio sed et fugit.','2019-09-10 12:14:54','2020-02-12 23:42:33'),(94,56,36,'Expedita animi alias aut consequatur consequuntur.','In nobis harum exercitationem magnam sit. Itaque aut asperiores molestiae eum. Labore non totam quidem et ut.','2019-11-15 09:23:18','2020-02-13 23:19:23'),(95,64,100,'Praesentium et reiciendis ullam ratione ullam natus ut.','Doloremque at impedit et ducimus suscipit voluptas. Voluptates perferendis consequuntur doloribus ipsa sed. Odio quibusdam laboriosam mollitia et ipsam. Animi modi eaque quis quasi.','2020-01-15 20:09:57','2020-02-02 03:32:21'),(96,94,34,'Voluptatem voluptas sed ut earum reprehenderit alias quibusdam provident.','Sunt ipsa et nam minus est velit eos. Excepturi minima cumque aut. Nulla non veritatis modi.','2020-01-28 06:00:51','2020-02-03 17:16:12'),(97,79,74,'Expedita debitis nulla et omnis qui et necessitatibus.','Iste enim dolorum vero et et provident. Velit doloremque perferendis at. Eum eligendi architecto quasi assumenda fugit sit cum et.','2020-01-29 04:11:06','2020-02-04 14:42:42'),(98,17,93,'Quidem impedit corporis nihil ut.','Voluptatem aliquid officia sunt at rerum culpa. Est nam tempore architecto aliquam molestiae vero. Odit perspiciatis in adipisci a.','2019-03-14 14:07:40','2020-02-25 17:02:44'),(99,82,80,'Delectus sed voluptatem animi consequatur est neque voluptas.','Ducimus qui quae quia distinctio. Modi autem commodi at blanditiis nemo eos voluptas. Id vero eligendi rem amet quia rem. Modi omnis et commodi nulla ipsa eveniet est. Debitis ducimus maiores nulla distinctio.','2019-11-25 18:31:25','2020-02-20 00:28:14'),(100,30,91,'Ex nesciunt fuga mollitia quis quam.','Quas odio labore asperiores est ex dolores. Aut quos nulla rerum esse in voluptate. Architecto assumenda et et ut. Ratione enim tempora rerum debitis culpa voluptas inventore et. Accusamus asperiores dicta hic a officiis.','2019-05-01 04:32:18','2020-02-17 08:32:35');
/*!40000 ALTER TABLE `posts` ENABLE KEYS */;
UNLOCK TABLES;

--
-- Table structure for table `profiles`
--

DROP TABLE IF EXISTS `profiles`;
/*!40101 SET @saved_cs_client     = @@character_set_client */;
/*!50503 SET character_set_client = utf8mb4 */;
CREATE TABLE `profiles` (
  `user_id` int unsigned NOT NULL,
  `gender` char(1) CHARACTER SET utf8 COLLATE utf8_unicode_ci NOT NULL,
  `birthday` date DEFAULT NULL,
  `city` varchar(100) CHARACTER SET utf8 COLLATE utf8_unicode_ci DEFAULT NULL,
  `country` varchar(100) CHARACTER SET utf8 COLLATE utf8_unicode_ci DEFAULT NULL,
  `photo_id` int DEFAULT NULL,
  `status_message` varchar(255) CHARACTER SET utf8 COLLATE utf8_unicode_ci DEFAULT NULL,
  `created_at` datetime DEFAULT CURRENT_TIMESTAMP,
  `updated_at` datetime DEFAULT CURRENT_TIMESTAMP ON UPDATE CURRENT_TIMESTAMP
) ENGINE=InnoDB DEFAULT CHARSET=utf8 COLLATE=utf8_unicode_ci;
/*!40101 SET character_set_client = @saved_cs_client */;

--
-- Dumping data for table `profiles`
--

LOCK TABLES `profiles` WRITE;
/*!40000 ALTER TABLE `profiles` DISABLE KEYS */;
INSERT INTO `profiles` VALUES (1,'m','1993-10-08','Paucekfort','Liechtenstein',47,'I am ok','2016-08-05 21:10:57','2020-02-29 23:09:52'),(2,'f','1993-03-31','West Bonita','Grenada',NULL,'I am ok','2012-05-29 01:31:37','2020-02-29 23:09:52'),(3,'f','1972-12-25','Letaland','Tunisia',NULL,'I am ok','2012-01-22 11:01:25','2020-02-29 23:09:52'),(4,'m','1987-08-09','Port Vladimir','Tanzania',NULL,'I am ok','2014-08-27 14:58:42','2020-02-29 23:09:52'),(5,'m','1976-03-09','East Karelle','Saint Lucia',1,'I am ok','2016-03-14 06:52:20','2020-02-29 23:09:52'),(6,'m','1993-04-01','Francescomouth','Egypt',NULL,'I am ok','2017-03-30 16:20:57','2020-02-29 23:09:52'),(7,'f','2003-08-05','East Jayden','Gambia',NULL,'I am ok','2013-12-14 18:35:07','2020-02-29 23:09:52'),(8,'f','1970-01-28','Barrowsville','Liechtenstein',38,'I am ok','2013-10-17 14:19:54','2020-02-29 23:09:52'),(9,'f','2019-10-22','North Stacy','Andorra',NULL,'I am ok','2011-01-30 10:08:24','2020-02-29 23:09:52'),(10,'f','2003-12-23','North Hannaburgh','Kuwait',NULL,'I am ok','2013-07-31 13:15:09','2020-02-29 23:09:52'),(11,'m','1975-03-21','East Eulaliamouth','Senegal',30,'I am ok','2010-06-05 01:47:18','2020-02-29 23:09:52'),(12,'m','1976-03-27','Labadieshire','Algeria',34,'I am ok','2015-01-05 16:46:49','2020-02-29 23:09:52'),(13,'f','1997-02-26','Port Alyciaton','Slovenia',NULL,'I am ok','2018-03-09 01:43:01','2020-02-29 23:09:52'),(14,'f','1989-04-28','Goldnerberg','Bouvet Island (Bouvetoya)',NULL,'I am ok','2010-12-10 10:00:41','2020-02-29 23:09:52'),(15,'m','2016-05-03','Brandtshire','Malawi',33,'I am ok','2012-03-22 11:21:14','2020-02-29 23:09:52'),(16,'f','2002-10-18','Lynchstad','Svalbard & Jan Mayen Islands',35,'I am ok','2013-05-08 03:08:08','2020-02-29 23:09:52'),(17,'m','1975-06-05','Waelchibury','China',NULL,'I am ok','2014-11-22 12:31:41','2020-02-29 23:09:52'),(18,'f','1976-03-03','Borerfort','Heard Island and McDonald Islands',NULL,'I am ok','2010-09-30 22:05:18','2020-02-29 23:09:52'),(19,'m','1992-08-20','South Erling','Turkey',NULL,'I am ok','2019-09-22 00:08:42','2020-02-29 23:09:52'),(20,'f','1982-02-19','Farrellhaven','Belarus',70,'I am ok','2018-01-27 04:22:40','2020-02-29 23:09:52'),(21,'m','2019-12-27','New Kian','Nigeria',NULL,'I am ok','2017-11-04 05:15:56','2020-02-29 23:09:52'),(22,'m','2008-01-02','South Leanna','Monaco',NULL,'I am ok','2013-03-06 02:49:08','2020-02-29 23:09:52'),(23,'f','1994-07-25','Moorestad','Italy',NULL,'I am ok','2010-10-06 09:59:51','2020-02-29 23:09:52'),(24,'f','1984-09-19','Vickieburgh','Oman',NULL,'I am ok','2012-08-16 14:09:13','2020-02-29 23:09:52'),(25,'m','2015-07-06','South Lisandroberg','Angola',NULL,'I am ok','2012-05-18 23:13:51','2020-02-29 23:09:52'),(26,'m','1995-09-13','Johnstonville','Oman',NULL,'I am ok','2018-09-24 23:49:25','2020-02-29 23:09:52'),(27,'f','1983-04-07','Port Rosalynstad','Hong Kong',NULL,'I am ok','2019-05-27 04:35:26','2020-02-29 23:09:52'),(28,'f','2005-07-16','Dibbertmouth','Turkmenistan',89,'I am ok','2011-05-10 15:18:47','2020-02-29 23:09:52'),(29,'f','1997-04-10','Lake Tiaraborough','Cuba',NULL,'I am ok','2010-10-16 21:25:25','2020-02-29 23:09:52'),(30,'m','2012-02-07','Lilyborough','Bolivia',NULL,'I am ok','2013-03-23 23:41:37','2020-02-29 23:09:52'),(31,'f','1977-03-05','Port Briaborough','Japan',NULL,'I am ok','2016-12-23 22:35:33','2020-02-29 23:09:52'),(32,'f','1978-06-23','Lynchfort','United States Minor Outlying Islands',68,'I am ok','2016-08-15 09:49:43','2020-02-29 23:09:52'),(33,'m','1976-03-24','South Bridgette','Ireland',63,'I am ok','2017-09-13 18:30:29','2020-02-29 23:09:52'),(34,'m','2003-07-24','Port Michale','Gabon',NULL,'I am ok','2018-04-21 11:03:05','2020-02-29 23:09:52'),(35,'f','1990-03-09','Aldenhaven','Ghana',NULL,'I am ok','2013-07-21 19:40:06','2020-02-29 23:09:52'),(36,'f','2009-07-07','Stiedemannburgh','Central African Republic',NULL,'I am ok','2015-04-22 07:51:22','2020-02-29 23:09:52'),(37,'f','1989-12-13','North Deangelo','Belize',NULL,'I am ok','2019-12-27 23:46:00','2020-02-29 23:09:52'),(38,'m','1976-05-06','Rempelview','Falkland Islands (Malvinas)',NULL,'I am ok','2010-04-26 08:25:20','2020-02-29 23:09:52'),(39,'m','2011-06-09','Harmonyview','Cote d\'Ivoire',NULL,'I am ok','2015-05-06 02:39:15','2020-02-29 23:09:52'),(40,'m','1973-04-21','Terryborough','Cyprus',NULL,'I am ok','2017-01-18 16:03:46','2020-02-29 23:09:52'),(41,'m','2013-09-16','New Penelope','Wallis and Futuna',23,'I am ok','2011-02-14 06:08:58','2020-02-29 23:09:52'),(42,'m','1996-04-21','Frankiebury','Iran',NULL,'I am ok','2010-11-01 15:20:19','2020-02-29 23:09:52'),(43,'m','1991-02-17','Port Ora','Lebanon',NULL,'I am ok','2014-10-13 16:49:00','2020-02-29 23:09:52'),(44,'m','2001-11-19','Bartholomefort','Vietnam',NULL,'I am ok','2014-04-01 11:23:27','2020-02-29 23:09:52'),(45,'f','2004-10-02','Maggiomouth','Australia',NULL,'I am ok','2017-10-14 20:52:47','2020-02-29 23:09:52'),(46,'m','1996-12-22','North Ebbatown','Belarus',NULL,'I am ok','2010-07-04 06:04:58','2020-02-29 23:09:52'),(47,'f','1975-12-06','Elenorafort','Malawi',NULL,'I am ok','2017-05-29 04:10:59','2020-02-29 23:09:52'),(48,'m','1973-12-18','New Noemyhaven','Saint Pierre and Miquelon',NULL,'I am ok','2010-08-15 19:13:49','2020-02-29 23:09:52'),(49,'f','1991-02-26','Lake Enochshire','United States Minor Outlying Islands',71,'I am ok','2014-06-16 07:22:13','2020-02-29 23:09:52'),(50,'f','1973-09-20','Perrymouth','Madagascar',NULL,'I am ok','2010-12-10 12:13:37','2020-02-29 23:09:52'),(51,'f','1994-05-27','Mohammedfurt','Samoa',NULL,'I am ok','2018-11-01 13:37:03','2020-02-29 23:09:52'),(52,'f','1986-05-28','McDermottside','Congo',NULL,'I am ok','2011-02-12 01:36:35','2020-02-29 23:09:52'),(53,'f','1998-01-28','New Riverhaven','Jordan',NULL,'I am ok','2017-03-09 06:10:06','2020-02-29 23:09:52'),(54,'f','1985-05-08','Gulgowskiborough','Bulgaria',40,'I am ok','2010-10-26 03:13:13','2020-02-29 23:09:52'),(55,'f','1975-01-03','Waldomouth','Anguilla',NULL,'I am ok','2019-11-09 01:52:35','2020-02-29 23:09:52'),(56,'m','1998-09-14','East Emilie','Dominica',NULL,'I am ok','2014-03-07 03:56:45','2020-02-29 23:09:52'),(57,'m','1999-02-20','Port Dakota','Mozambique',NULL,'I am ok','2017-09-05 14:19:43','2020-02-29 23:09:52'),(58,'m','1977-02-06','Port Clydeburgh','Ukraine',97,'I am ok','2015-04-13 17:48:24','2020-02-29 23:09:52'),(59,'f','1983-07-27','Lucilehaven','Guernsey',NULL,'I am ok','2010-04-08 16:38:08','2020-02-29 23:09:52'),(60,'f','2014-02-15','South Phyllis','Iran',NULL,'I am ok','2014-07-11 00:10:04','2020-02-29 23:09:52'),(61,'m','1975-04-26','Cruzfurt','Yemen',22,'I am ok','2017-01-10 02:24:27','2020-02-29 23:09:52'),(62,'f','2012-12-12','Johnnieport','Christmas Island',NULL,'I am ok','2018-03-14 08:14:19','2020-02-29 23:09:52'),(63,'f','2017-11-21','Thompsonton','Gibraltar',NULL,'I am ok','2017-11-19 10:59:27','2020-02-29 23:09:52'),(64,'m','2005-01-25','West Laishabury','Nicaragua',98,'I am ok','2019-01-13 09:53:12','2020-02-29 23:09:52'),(65,'f','1992-05-01','Port Cameronfort','Netherlands Antilles',NULL,'I am ok','2012-03-19 05:25:17','2020-02-29 23:09:52'),(66,'m','1971-08-22','New Kelleymouth','Tuvalu',NULL,'I am ok','2016-12-18 02:05:32','2020-02-29 23:09:52'),(67,'f','2005-07-13','New Derek','Vietnam',84,'I am ok','2013-08-15 04:49:40','2020-02-29 23:09:52'),(68,'f','2020-01-02','Adolfville','Brazil',37,'I am ok','2019-04-29 09:25:22','2020-02-29 23:09:52'),(69,'f','2005-12-06','Wuckertmouth','Slovenia',NULL,'I am ok','2017-09-16 18:23:02','2020-02-29 23:09:52'),(70,'f','2009-08-05','Blickmouth','Tanzania',NULL,'I am ok','2011-07-27 02:42:05','2020-02-29 23:09:52'),(71,'f','2016-09-09','Lake Burdette','Belize',NULL,'I am ok','2010-08-23 10:09:12','2020-02-29 23:09:52'),(72,'f','1986-07-14','South Desmond','United States Virgin Islands',NULL,'I am ok','2017-07-14 22:22:35','2020-02-29 23:09:52'),(73,'f','1986-11-17','Baileyberg','Saint Martin',NULL,'I am ok','2015-07-13 21:30:41','2020-02-29 23:09:52'),(74,'f','2017-02-22','West Telly','British Virgin Islands',NULL,'I am ok','2018-06-19 05:49:53','2020-02-29 23:09:52'),(75,'f','2008-04-03','North Agustin','Nicaragua',NULL,'I am ok','2016-03-14 02:53:04','2020-02-29 23:09:52'),(76,'m','2017-09-26','Clementinebury','Dominican Republic',NULL,'I am ok','2014-07-20 23:25:38','2020-02-29 23:09:52'),(77,'m','1977-07-29','Dallinchester','Martinique',NULL,'I am ok','2010-11-08 14:32:46','2020-02-29 23:09:52'),(78,'m','1987-08-27','West Francishaven','Tajikistan',73,'I am ok','2012-06-07 13:58:07','2020-02-29 23:09:52'),(79,'f','2014-03-21','East Rahsaan','Georgia',NULL,'I am ok','2011-03-07 11:22:54','2020-02-29 23:09:52'),(80,'m','2018-03-27','Justonville','Serbia',NULL,'I am ok','2015-08-27 04:06:40','2020-02-29 23:09:52'),(81,'f','2002-05-25','South Carmella','Cuba',NULL,'I am ok','2011-02-03 02:00:37','2020-02-29 23:09:52'),(82,'m','1994-02-26','Vernamouth','Hong Kong',NULL,'I am ok','2012-11-21 20:20:21','2020-02-29 23:09:52'),(83,'f','2011-12-24','North Caliborough','Equatorial Guinea',NULL,'I am ok','2010-05-11 09:40:51','2020-02-29 23:09:52'),(84,'f','1997-02-23','Annalisestad','South Georgia and the South Sandwich Islands',8,'I am ok','2012-08-31 02:10:56','2020-02-29 23:09:52'),(85,'f','2001-02-11','Sallyborough','Anguilla',72,'I am ok','2011-10-01 23:27:22','2020-02-29 23:09:52'),(86,'m','2010-01-05','Kirkton','Sri Lanka',11,'I am ok','2019-09-30 01:52:03','2020-02-29 23:09:52'),(87,'f','2012-06-25','Adamburgh','Vietnam',49,'I am ok','2013-01-02 12:14:46','2020-02-29 23:09:52'),(88,'m','1979-07-26','East Sydneetown','Gibraltar',NULL,'I am ok','2014-11-27 05:42:26','2020-02-29 23:09:52'),(89,'m','1990-10-20','Janiestad','Micronesia',NULL,'I am ok','2013-05-21 11:47:57','2020-02-29 23:09:52'),(90,'f','1998-05-20','Port Allyshire','United States of America',NULL,'I am ok','2017-12-04 22:11:54','2020-02-29 23:09:52'),(91,'m','1976-10-31','Port Kyler','Macao',NULL,'I am ok','2017-11-24 06:06:22','2020-02-29 23:09:52'),(92,'m','2004-09-15','Vonshire','Christmas Island',NULL,'I am ok','2018-10-24 02:19:49','2020-02-29 23:09:52'),(93,'m','2005-02-08','New Mellie','Christmas Island',NULL,'I am ok','2012-02-27 08:26:51','2020-02-29 23:09:52'),(94,'f','1985-05-20','East Earnestineberg','New Zealand',NULL,'I am ok','2010-12-17 07:13:52','2020-02-29 23:09:52'),(95,'f','1995-06-04','West Jerry','Poland',NULL,'I am ok','2012-11-12 07:48:02','2020-02-29 23:09:52'),(96,'m','2009-08-18','Margaretteberg','Italy',NULL,'I am ok','2012-03-03 12:37:06','2020-02-29 23:09:52'),(97,'f','1983-06-21','Jakubowskiborough','Spain',NULL,'I am ok','2017-11-01 04:07:55','2020-02-29 23:09:52'),(98,'f','1998-11-16','Kennithchester','Tokelau',48,'I am ok','2017-03-27 11:00:37','2020-02-29 23:09:52'),(99,'m','1997-07-20','North Deon','Denmark',NULL,'I am ok','2014-07-14 14:34:39','2020-02-29 23:09:52'),(100,'m','1993-06-09','Willmsville','Nepal',NULL,'I am ok','2010-12-21 22:05:42','2020-02-29 23:09:52');
/*!40000 ALTER TABLE `profiles` ENABLE KEYS */;
UNLOCK TABLES;

--
-- Table structure for table `target_types`
--

DROP TABLE IF EXISTS `target_types`;
/*!40101 SET @saved_cs_client     = @@character_set_client */;
/*!50503 SET character_set_client = utf8mb4 */;
CREATE TABLE `target_types` (
  `id` int unsigned NOT NULL AUTO_INCREMENT,
  `name` varchar(255) NOT NULL,
  `created_at` datetime DEFAULT CURRENT_TIMESTAMP,
  PRIMARY KEY (`id`),
  UNIQUE KEY `name` (`name`)
) ENGINE=InnoDB AUTO_INCREMENT=5 DEFAULT CHARSET=utf8mb4 COLLATE=utf8mb4_0900_ai_ci;
/*!40101 SET character_set_client = @saved_cs_client */;

--
-- Dumping data for table `target_types`
--

LOCK TABLES `target_types` WRITE;
/*!40000 ALTER TABLE `target_types` DISABLE KEYS */;
INSERT INTO `target_types` VALUES (1,'messages','2020-03-05 17:51:49'),(2,'users','2020-03-05 17:51:49'),(3,'media','2020-03-05 17:51:49'),(4,'posts','2020-03-05 17:51:49');
/*!40000 ALTER TABLE `target_types` ENABLE KEYS */;
UNLOCK TABLES;

--
-- Table structure for table `users`
--

DROP TABLE IF EXISTS `users`;
/*!40101 SET @saved_cs_client     = @@character_set_client */;
/*!50503 SET character_set_client = utf8mb4 */;
CREATE TABLE `users` (
  `id` int unsigned NOT NULL AUTO_INCREMENT,
  `first_name` varchar(100) CHARACTER SET utf8 COLLATE utf8_unicode_ci NOT NULL,
  `last_name` varchar(100) CHARACTER SET utf8 COLLATE utf8_unicode_ci NOT NULL,
  `email` varchar(120) CHARACTER SET utf8 COLLATE utf8_unicode_ci NOT NULL,
  `phone` varchar(120) CHARACTER SET utf8 COLLATE utf8_unicode_ci NOT NULL,
  `created_at` datetime DEFAULT CURRENT_TIMESTAMP,
  `updated_at` datetime DEFAULT CURRENT_TIMESTAMP ON UPDATE CURRENT_TIMESTAMP,
  PRIMARY KEY (`id`),
  UNIQUE KEY `email` (`email`),
  UNIQUE KEY `phone` (`phone`)
) ENGINE=InnoDB AUTO_INCREMENT=101 DEFAULT CHARSET=utf8 COLLATE=utf8_unicode_ci;
/*!40101 SET character_set_client = @saved_cs_client */;

--
-- Dumping data for table `users`
--

LOCK TABLES `users` WRITE;
/*!40000 ALTER TABLE `users` DISABLE KEYS */;
INSERT INTO `users` VALUES (1,'Betsy','Stark','doris.lockman@example.org','01246054988','2016-08-27 00:17:09','2019-11-28 03:37:11'),(2,'Kariane','Emard','fadel.alexander@example.org','134-952-3664x2413','2014-03-23 11:35:28','2020-02-29 13:36:47'),(3,'Kamron','Ledner','jwiza@example.org','(754)274-9335','2017-05-31 00:12:26','2020-02-29 13:36:47'),(4,'Leon','Swaniawski','gwiegand@example.org','(679)547-8972x260','2012-08-06 12:43:06','2017-08-09 16:33:53'),(5,'Carmela','Mraz','roberts.theresa@example.com','445-280-1999','2012-11-28 03:48:22','2018-05-27 20:00:27'),(6,'Rhianna','Turner','dorcas88@example.com','+78(0)0098105081','2016-01-31 00:54:51','2016-12-13 00:57:15'),(7,'Darrick','Hudson','marshall17@example.org','1-807-151-7576x7456','2015-03-28 04:18:15','2020-02-29 13:36:47'),(8,'Jaqueline','Harber','pberge@example.com','669.503.1367','2019-04-10 10:00:16','2020-02-29 13:36:47'),(9,'Marion','Hane','schneider.rowan@example.com','064-649-7756','2013-12-15 16:08:05','2020-02-29 13:36:47'),(10,'Katlyn','Schinner','gutmann.beulah@example.org','07066754673','2012-01-16 20:23:25','2016-12-04 13:55:05'),(11,'Kale','Wuckert','meffertz@example.net','367-838-1750','2017-08-31 10:22:12','2020-02-29 13:36:47'),(12,'Lemuel','Conroy','wo\'reilly@example.net','(877)513-1513','2016-12-17 14:26:49','2020-02-29 13:36:47'),(13,'Aubree','Pfeffer','orval65@example.org','+09(5)8404371619','2014-05-22 23:38:05','2020-02-29 13:36:47'),(14,'Palma','Mraz','towne.shane@example.org','562-255-1002x68739','2012-01-30 23:52:16','2020-02-29 13:36:47'),(15,'Brando','Huel','lorna.predovic@example.org','(860)367-0573x161','2019-07-19 23:08:50','2020-02-29 13:36:47'),(16,'Rozella','Lemke','chauncey18@example.org','(426)209-9274x737','2019-07-27 23:28:05','2020-02-29 13:36:47'),(17,'Aliyah','Emmerich','pierre.durgan@example.com','296.801.8386x26548','2019-04-03 01:47:01','2020-02-29 13:36:47'),(18,'Rene','Labadie','lionel.kuphal@example.org','413-098-8315x06931','2014-09-17 15:10:45','2016-07-19 12:05:55'),(19,'Corine','Windler','nbeatty@example.org','+42(9)0292759810','2013-06-02 22:33:30','2017-02-03 17:25:14'),(20,'Kaylie','Walter','glover.alexandria@example.com','565-852-7135','2013-06-10 16:16:16','2020-02-29 13:36:47'),(21,'Luciano','Mraz','herbert72@example.net','+17(9)4589610683','2016-04-18 06:57:05','2020-02-29 13:36:47'),(22,'Constance','Walter','jmiller@example.net','+99(8)0161455948','2019-12-01 21:56:47','2020-02-29 13:36:47'),(23,'Carson','Walsh','legros.cierra@example.org','05984986531','2020-01-11 21:01:30','2020-02-29 13:36:47'),(24,'Aryanna','Hauck','earline82@example.com','+24(0)0529184172','2014-04-24 03:36:56','2018-01-27 13:39:42'),(25,'Hosea','Wintheiser','zakary.bednar@example.com','03799315962','2014-02-12 11:04:01','2020-01-07 05:16:17'),(26,'Bryce','Quigley','lesch.linda@example.org','07587692254','2010-05-10 11:29:35','2012-06-11 22:45:05'),(27,'Garret','O\'Connell','deon64@example.com','+16(0)6403825100','2014-05-13 04:14:02','2020-02-29 13:36:47'),(28,'Raheem','Smitham','elise.crist@example.net','(376)456-6269x67016','2019-02-10 03:44:07','2020-02-29 13:36:47'),(29,'Ashleigh','Gorczany','sister.tremblay@example.net','(925)495-3267x49824','2011-08-03 14:39:14','2011-08-28 17:11:03'),(30,'Marquis','West','modesto.dickens@example.org','626.093.9704','2019-01-30 14:21:17','2020-02-29 13:36:47'),(31,'Ella','Marks','howe.ruben@example.com','365-768-2073x88823','2011-05-17 13:58:54','2019-06-13 14:13:19'),(32,'Kody','Roob','michel.langosh@example.org','321.911.4595x7389','2016-07-16 05:13:18','2020-02-29 13:36:47'),(33,'Marjorie','Swift','ao\'hara@example.org','004.028.8236','2010-06-21 23:43:36','2012-11-28 00:57:12'),(34,'Tanya','Kshlerin','grady.verdie@example.org','659.493.4758x97270','2019-03-09 06:42:50','2020-02-29 13:36:47'),(35,'Lucius','Hickle','pbartoletti@example.net','(427)742-9884x109','2012-01-13 08:37:51','2013-07-27 13:17:27'),(36,'Unique','Schmidt','jayce.huel@example.org','1-176-380-2371x0605','2012-02-12 13:23:55','2014-08-12 09:20:10'),(37,'Floyd','Parisian','nbraun@example.com','(542)750-8015x094','2012-11-01 22:31:19','2020-02-29 13:36:47'),(38,'Alexa','Jacobs','sim.medhurst@example.com','692.427.8951x629','2016-08-13 23:38:39','2019-12-15 22:49:43'),(39,'Hermina','Runolfsdottir','nrau@example.org','921-944-8709x01975','2017-08-04 01:52:52','2020-02-29 13:36:47'),(40,'Jorge','Zulauf','uconnelly@example.org','969.032.0317x2402','2018-06-10 11:38:18','2018-07-30 11:31:16'),(41,'Andre','Goodwin','jones.harmon@example.net','030-670-8502','2013-01-06 16:16:28','2018-03-05 06:47:11'),(42,'Anastasia','Abernathy','dejuan38@example.org','910-271-3045x45984','2013-09-22 16:18:46','2020-02-29 13:36:47'),(43,'Alta','Auer','turcotte.annette@example.org','449-952-2247x689','2018-05-12 05:58:29','2020-02-29 13:36:47'),(44,'Calista','Connelly','corkery.morton@example.org','043.146.3460x053','2014-03-24 04:26:10','2020-02-29 13:36:47'),(45,'Shayna','Mayert','annette.okuneva@example.com','888-232-9449x95369','2019-08-18 08:12:36','2020-02-29 13:36:47'),(46,'Elsa','Bartoletti','jackie.becker@example.org','1-548-274-5635','2015-05-24 04:02:45','2020-02-14 19:25:41'),(47,'Dina','Wyman','ernesto79@example.com','1-105-313-5512x3926','2011-03-16 06:50:31','2014-09-10 10:38:42'),(48,'Albertha','Smitham','gusikowski.ozella@example.org','284-401-9478x079','2012-07-10 22:24:37','2017-11-26 07:34:04'),(49,'Scottie','Goyette','elouise95@example.net','+59(1)9136328185','2017-11-16 05:54:59','2020-02-29 13:36:47'),(50,'Norma','Waelchi','terry.kody@example.net','338.928.3977','2012-05-16 18:28:11','2015-07-03 20:10:54'),(51,'Loy','Hand','claudie.halvorson@example.com','199-808-8158','2015-03-14 00:05:07','2019-06-26 15:10:50'),(52,'Breanne','Torphy','alexis29@example.org','+41(3)3901163816','2013-03-11 01:47:30','2013-10-16 08:09:36'),(53,'Kyleigh','Doyle','kurt.greenholt@example.com','(090)888-4494','2017-08-02 17:48:11','2018-05-26 14:02:35'),(54,'Johathan','Weber','walter.newton@example.net','+34(9)5684773990','2015-03-06 09:27:39','2020-02-03 05:10:27'),(55,'Everette','Bode','ferdman@example.net','1-107-843-3035x322','2011-09-18 09:25:11','2014-04-14 22:32:58'),(56,'Desmond','McCullough','romaguera.danyka@example.com','249-020-0731','2017-08-07 03:46:42','2020-02-29 13:36:47'),(57,'Camryn','Fadel','riley.stoltenberg@example.com','583-438-4950','2010-05-11 02:11:51','2017-05-03 13:39:15'),(58,'Paul','Beier','zquigley@example.com','687.819.9562','2019-07-22 16:31:11','2020-02-29 13:36:47'),(59,'Noble','Barton','adella58@example.net','1-189-224-1948x8130','2018-07-30 05:25:09','2020-02-29 13:36:47'),(60,'Orval','Collier','hermann.okey@example.org','668.803.5960x71587','2015-04-04 15:13:45','2020-02-29 13:36:47'),(61,'Cullen','Murray','ellis.wilkinson@example.org','(378)377-3583','2014-02-17 22:41:09','2020-02-29 13:36:47'),(62,'Edmund','Emmerich','kelley.gerlach@example.org','534-888-8339','2010-12-20 14:13:20','2017-10-12 05:24:30'),(63,'Abelardo','Swaniawski','bruen.shayna@example.com','052-951-9691','2012-06-14 08:25:51','2020-01-28 17:03:51'),(64,'Adaline','Aufderhar','allison64@example.com','1-973-048-3284x77386','2014-03-13 13:06:02','2020-02-29 13:36:47'),(65,'Dewayne','Purdy','hal72@example.net','992-429-3161x0743','2013-03-02 15:26:31','2013-06-07 05:43:20'),(66,'Amparo','Schiller','phaley@example.net','1-726-117-1774x513','2016-10-17 01:04:51','2020-02-29 13:36:47'),(67,'Moses','Rau','suzanne.hahn@example.org','1-599-432-7131','2014-05-24 07:31:17','2018-09-06 16:14:06'),(68,'Eda','Boyle','ghuels@example.net','(556)270-4581x453','2018-08-21 06:54:02','2020-02-29 13:36:47'),(69,'Wendy','Paucek','stuart69@example.net','07385396460','2015-08-16 15:32:50','2015-09-03 23:33:53'),(70,'Winifred','Sanford','garmstrong@example.com','410-873-3375','2016-05-13 10:09:49','2019-09-19 15:43:49'),(71,'Dangelo','Bogisich','neal.o\'kon@example.org','650-686-4104x741','2016-07-10 16:08:23','2020-02-29 13:36:47'),(72,'Earnestine','Kulas','vgusikowski@example.org','269-335-5392x8265','2013-11-09 12:35:16','2020-02-29 13:36:47'),(73,'Melyssa','Cummings','ankunding.angelita@example.org','763.330.7341','2016-07-10 04:10:02','2019-11-14 13:59:43'),(74,'Janelle','Cremin','jadyn.koelpin@example.org','687-307-7238x9522','2015-08-17 09:58:29','2020-02-29 13:36:47'),(75,'Melyssa','Anderson','mills.michele@example.com','1-423-874-8470','2015-10-08 19:57:31','2018-09-23 18:34:33'),(76,'Una','Blick','jordyn49@example.net','09525697316','2017-06-12 07:43:32','2020-02-29 13:36:47'),(77,'Hermann','Leuschke','carey12@example.net','728-745-3067x777','2019-06-26 07:24:18','2020-02-29 13:36:47'),(78,'Marcelino','Gulgowski','antoinette.harber@example.org','345.473.3033x22659','2013-12-13 16:50:50','2016-06-10 22:13:11'),(79,'Raheem','Mayer','bkiehn@example.org','1-129-066-2915','2011-03-24 16:25:54','2020-02-29 13:36:47'),(80,'Vesta','Corwin','michaela62@example.net','1-472-416-0581x3996','2018-09-12 02:52:17','2020-02-29 13:36:47'),(81,'Christy','Bernhard','tswaniawski@example.com','1-401-710-9312x532','2019-05-23 04:29:47','2020-02-29 13:36:47'),(82,'Robyn','Baumbach','sauer.reymundo@example.org','(168)170-7546x229','2019-12-20 13:58:55','2020-02-29 13:36:47'),(83,'Mose','Kuhic','sarai.cruickshank@example.com','05093268306','2010-10-24 13:30:24','2014-07-29 22:20:42'),(84,'Carmela','Abshire','langworth.elroy@example.org','1-970-651-0934','2018-12-07 20:31:33','2020-02-29 13:36:47'),(85,'Chaya','Little','windler.mathilde@example.net','343-270-7490x076','2014-11-14 07:26:23','2020-02-29 13:36:47'),(86,'Jacquelyn','Hills','maribel.kovacek@example.org','200-630-8943x637','2010-04-19 16:55:42','2012-03-25 21:54:20'),(87,'Lura','Pacocha','rodger74@example.org','+19(9)3788580254','2016-04-15 00:34:02','2016-07-31 05:26:41'),(88,'Jonathan','Huels','bruen.christian@example.com','939-551-0308x7440','2015-08-05 21:51:08','2020-02-29 13:36:47'),(89,'Jettie','Christiansen','kimberly.corwin@example.com','750-802-2403x1065','2014-10-08 17:38:43','2018-11-20 16:15:43'),(90,'Judah','Rice','cary12@example.org','08675322288','2016-10-30 03:41:19','2020-02-29 13:36:47'),(91,'Rylan','Daniel','windler.sheridan@example.net','591-459-2852x302','2015-03-15 06:05:36','2018-01-01 10:04:34'),(92,'Mauricio','Shanahan','yhansen@example.net','+15(5)6280415694','2011-06-29 00:24:18','2014-11-27 09:48:59'),(93,'Noelia','Langworth','mavis.gutmann@example.net','750.700.2055x17302','2012-11-06 00:03:39','2016-03-22 09:51:16'),(94,'Ellie','Dare','llegros@example.org','373.643.8842','2014-12-06 03:10:43','2020-02-29 13:36:47'),(95,'Felton','Maggio','priscilla.schowalter@example.net','1-651-911-8082x87035','2014-06-05 18:03:57','2015-05-11 14:06:50'),(96,'Carlo','Johns','coy60@example.org','1-132-072-7616','2011-10-05 18:54:57','2013-09-30 06:24:00'),(97,'Maximillian','Turcotte','liam77@example.org','(671)429-1874x8219','2014-05-14 06:49:07','2018-09-13 09:12:41'),(98,'Jane','O\'Keefe','reichert.stan@example.net','03492293591','2013-08-06 14:24:15','2014-10-28 09:05:21'),(99,'Mallie','Swift','hipolito.halvorson@example.net','987-539-8419x53935','2017-12-07 02:45:52','2019-03-28 13:13:27'),(100,'Graham','Treutel','kirstin85@example.org','1-899-374-1488x071','2017-10-04 10:08:50','2017-10-31 17:21:46');
/*!40000 ALTER TABLE `users` ENABLE KEYS */;
UNLOCK TABLES;
/*!40103 SET TIME_ZONE=@OLD_TIME_ZONE */;

/*!40101 SET SQL_MODE=@OLD_SQL_MODE */;
/*!40014 SET FOREIGN_KEY_CHECKS=@OLD_FOREIGN_KEY_CHECKS */;
/*!40014 SET UNIQUE_CHECKS=@OLD_UNIQUE_CHECKS */;
/*!40101 SET CHARACTER_SET_CLIENT=@OLD_CHARACTER_SET_CLIENT */;
/*!40101 SET CHARACTER_SET_RESULTS=@OLD_CHARACTER_SET_RESULTS */;
/*!40101 SET COLLATION_CONNECTION=@OLD_COLLATION_CONNECTION */;
/*!40111 SET SQL_NOTES=@OLD_SQL_NOTES */;

-- Dump completed on 2020-03-06  9:14:21
